id,name,category,year,score
1,Entity_1,Engineering,2011,3.48
2,Entity_2,Mathematics,2013,23.1
3,Entity_3,Engineering,2011,67.99
4,Entity_4,Economics,2011,59.46
5,Entity_5,ComputerScience,2010,10.28
6,Entity_6,Physics,2018,60.6
7,Entity_7,Economics,2013,71.89
8,Entity_8,Engineering,2018,42.53
9,Entity_9,Biology,2019,28.54
10,Entity_10,ComputerScience,2022,80.78
11,Entity_11,Engineering,2016,34.68
12,Entity_12,Physics,2013,95.76
13,Entity_13,Mathematics,2011,10.18
14,Entity_14,ComputerScience,2015,84.9
15,Entity_15,Economics,2014,80.91
16,Entity_16,Engineering,2017,54.09
17,Entity_17,Biology,2011,55.65
18,Entity_18,Engineering,2019,88.66
19,Entity_19,Mathematics,2019,20.04
20,Entity_20,ComputerScience,2010,66.47
21,Entity_21,Mathematics,2011,85.68
22,Entity_22,ComputerScience,2016,28.52
23,Entity_23,Engineering,2023,37.12
24,Entity_24,Mathematics,2015,21.74
25,Entity_25,Mathematics,2021,93.73
26,Entity_26,Engineering,2011,61.3
27,Entity_27,Physics,2018,73.18
28,Entity_28,Physics,2017,38.57
29,Entity_29,Engineering,2021,56.14
30,Entity_30,Engineering,2015,84.44
31,Entity_31,ComputerScience,2013,82.36
32,Entity_32,Mathematics,2016,27.51
33,Entity_33,Physics,2024,94.35
34,Entity_34,Engineering,2015,22.05
35,Entity_35,Biology,2016,88.58
36,Entity_36,Engineering,2017,15.14
37,Entity_37,Physics,2013,74.75
38,Entity_38,Economics,2014,74.95
39,Entity_39,Biology,2024,58.77
40,Entity_40,Mathematics,2013,99.74
41,Entity_41,Physics,2018,49.86
42,Entity_42,ComputerScience,2023,11.86
43,Entity_43,Engineering,2012,79.42
44,Entity_44,Biology,2019,7.29
45,Entity_45,Biology,2019,99.62
46,Entity_46,Economics,2014,97.14
47,Entity_47,ComputerScience,2020,72.35
48,Entity_48,Engineering,2024,54.16
49,Entity_49,Mathematics,2022,64.46
50,Entity_50,ComputerScience,2014,44.04
51,Entity_51,Biology,2010,95.43
52,Entity_52,Engineering,2014,97.22
53,Entity_53,Physics,2018,91.35
54,Entity_54,Engineering,2014,84.33
55,Entity_55,Economics,2019,20.69
56,Entity_56,Mathematics,2022,16.99
57,Entity_57,Economics,2024,1.06
58,Entity_58,Mathematics,2017,2.93
59,Entity_59,Mathematics,2024,98.55
60,Entity_60,Mathematics,2013,6.73
61,Entity_61,Economics,2011,9.48
62,Entity_62,Biology,2023,7.85
63,Entity_63,Economics,2022,13.45
64,Entity_64,Engineering,2017,94.74
65,Entity_65,Physics,2014,53.24
66,Entity_66,Economics,2016,96.47
67,Entity_67,Economics,2022,73.26
68,Entity_68,Physics,2021,31.86
69,Entity_69,Engineering,2020,37.97
70,Entity_70,Economics,2017,12.98
71,Entity_71,Physics,2011,34.47
72,Entity_72,Economics,2018,23.78
73,Entity_73,Physics,2010,8.03
74,Entity_74,Engineering,2010,23.67
75,Entity_75,ComputerScience,2023,33.71
76,Entity_76,Economics,2013,28.57
77,Entity_77,Biology,2013,54.38
78,Entity_78,Engineering,2024,88.36
79,Entity_79,Economics,2017,25.06
80,Entity_80,Biology,2022,41.3
81,Entity_81,ComputerScience,2011,66.24
82,Entity_82,Mathematics,2016,41.7
83,Entity_83,Engineering,2010,67.66
84,Entity_84,Engineering,2011,7.0
85,Entity_85,Engineering,2015,80.26
86,Entity_86,ComputerScience,2013,19.97
87,Entity_87,Economics,2017,14.88
88,Entity_88,Physics,2014,46.8
89,Entity_89,ComputerScience,2017,80.99
90,Entity_90,Economics,2011,6.01
91,Entity_91,Economics,2023,2.46
92,Entity_92,ComputerScience,2024,75.6
93,Entity_93,Physics,2012,41.23
94,Entity_94,Biology,2013,86.6
95,Entity_95,ComputerScience,2012,38.52
96,Entity_96,Biology,2014,92.73
97,Entity_97,Biology,2014,42.88
98,Entity_98,Engineering,2022,56.02
99,Entity_99,Engineering,2017,16.32
100,Entity_100,Mathematics,2013,96.9
101,Entity_101,Economics,2021,54.68
102,Entity_102,Engineering,2015,6.66
103,Entity_103,Economics,2017,50.78
104,Entity_104,Economics,2012,6.63
105,Entity_105,Economics,2011,85.28
106,Entity_106,ComputerScience,2019,7.73
107,Entity_107,Physics,2016,12.87
108,Entity_108,Economics,2013,58.31
109,Entity_109,ComputerScience,2019,9.12
110,Entity_110,Engineering,2019,56.96
111,Entity_111,Mathematics,2024,26.82
112,Entity_112,Engineering,2021,32.1
113,Entity_113,Mathematics,2016,13.96
114,Entity_114,Engineering,2014,46.27
115,Entity_115,ComputerScience,2010,46.37
116,Entity_116,Economics,2011,8.25
117,Entity_117,Physics,2018,27.25
118,Entity_118,Mathematics,2024,7.81
119,Entity_119,Physics,2015,29.21
120,Entity_120,Biology,2023,54.78
121,Entity_121,Mathematics,2019,98.4
122,Entity_122,Engineering,2018,1.77
123,Entity_123,Economics,2014,93.24
124,Entity_124,ComputerScience,2024,14.29
125,Entity_125,ComputerScience,2024,11.6
126,Entity_126,Economics,2012,27.96
127,Entity_127,Economics,2013,72.04
128,Entity_128,Physics,2020,63.79
129,Entity_129,Mathematics,2018,49.36
130,Entity_130,ComputerScience,2011,63.79
131,Entity_131,Mathematics,2010,1.35
132,Entity_132,Physics,2020,98.0
133,Entity_133,Physics,2021,44.74
134,Entity_134,Engineering,2016,56.53
135,Entity_135,ComputerScience,2011,94.56
136,Entity_136,Engineering,2024,15.76
137,Entity_137,ComputerScience,2023,37.55
138,Entity_138,Economics,2012,43.55
139,Entity_139,ComputerScience,2014,37.1
140,Entity_140,ComputerScience,2024,36.42
141,Entity_141,Engineering,2013,67.03
142,Entity_142,Mathematics,2022,56.43
143,Entity_143,Biology,2019,75.2
144,Entity_144,Physics,2023,17.09
145,Entity_145,Physics,2024,41.82
146,Entity_146,Physics,2021,92.52
147,Entity_147,Biology,2022,67.32
148,Entity_148,Engineering,2022,25.57
149,Entity_149,Physics,2022,70.43
150,Entity_150,Biology,2023,4.83
151,Entity_151,Biology,2013,20.76
152,Entity_152,Biology,2015,31.21
153,Entity_153,Physics,2013,3.34
154,Entity_154,Physics,2016,33.5
155,Entity_155,ComputerScience,2022,28.63
156,Entity_156,Engineering,2018,40.57
157,Entity_157,Economics,2015,93.98
158,Entity_158,ComputerScience,2024,97.07
159,Entity_159,Physics,2019,96.29
160,Entity_160,Mathematics,2010,11.73
161,Entity_161,Biology,2015,73.13
162,Entity_162,Mathematics,2016,61.01
163,Entity_163,Economics,2011,39.13
164,Entity_164,Economics,2013,26.22
165,Entity_165,Engineering,2016,1.17
166,Entity_166,Economics,2020,72.22
167,Entity_167,Engineering,2021,67.39
168,Entity_168,Mathematics,2016,7.93
169,Entity_169,Engineering,2024,33.69
170,Entity_170,Mathematics,2020,84.95
171,Entity_171,Engineering,2024,30.73
172,Entity_172,Mathematics,2020,41.43
173,Entity_173,Biology,2021,30.27
174,Entity_174,Physics,2013,42.62
175,Entity_175,Biology,2020,75.07
176,Entity_176,Physics,2019,57.34
177,Entity_177,Biology,2018,83.54
178,Entity_178,Mathematics,2014,21.81
179,Entity_179,Economics,2019,65.82
180,Entity_180,Biology,2017,44.77
181,Entity_181,Physics,2018,47.85
182,Entity_182,Engineering,2012,66.23
183,Entity_183,Mathematics,2018,66.72
184,Entity_184,Economics,2015,10.25
185,Entity_185,Physics,2020,31.73
186,Entity_186,Physics,2012,3.42
187,Entity_187,Physics,2017,61.52
188,Entity_188,ComputerScience,2017,42.03
189,Entity_189,Engineering,2019,20.25
190,Entity_190,Engineering,2016,49.94
191,Entity_191,Physics,2012,65.95
192,Entity_192,ComputerScience,2024,75.35
193,Entity_193,ComputerScience,2022,43.09
194,Entity_194,Physics,2022,95.84
195,Entity_195,Economics,2017,5.97
196,Entity_196,Physics,2024,84.99
197,Entity_197,Biology,2012,80.34
198,Entity_198,Engineering,2018,98.8
199,Entity_199,Economics,2015,95.05
200,Entity_200,Biology,2019,81.69
201,Entity_201,Economics,2016,83.23
202,Entity_202,Economics,2017,89.82
203,Entity_203,Engineering,2023,47.99
204,Entity_204,Mathematics,2022,25.48
205,Entity_205,Engineering,2014,76.82
206,Entity_206,Economics,2017,63.05
207,Entity_207,Mathematics,2017,8.67
208,Entity_208,Mathematics,2013,27.9
209,Entity_209,Mathematics,2024,54.48
210,Entity_210,Physics,2012,23.89
211,Entity_211,Engineering,2012,70.94
212,Entity_212,ComputerScience,2016,41.35
213,Entity_213,Economics,2017,42.16
214,Entity_214,Physics,2023,42.59
215,Entity_215,Economics,2021,2.93
216,Entity_216,Economics,2016,48.22
217,Entity_217,Mathematics,2014,75.59
218,Entity_218,Biology,2018,75.0
219,Entity_219,Economics,2022,60.72
220,Entity_220,Physics,2017,22.72
221,Entity_221,Biology,2017,3.87
222,Entity_222,Mathematics,2020,68.24
223,Entity_223,Biology,2021,17.34
224,Entity_224,Biology,2024,13.64
225,Entity_225,Economics,2018,3.67
226,Entity_226,Biology,2019,56.87
227,Entity_227,ComputerScience,2011,64.63
228,Entity_228,Physics,2023,46.71
229,Entity_229,ComputerScience,2014,38.53
230,Entity_230,Physics,2017,33.36
231,Entity_231,Biology,2014,75.45
232,Entity_232,Biology,2014,83.66
233,Entity_233,Biology,2010,75.15
234,Entity_234,ComputerScience,2015,23.2
235,Entity_235,ComputerScience,2022,95.77
236,Entity_236,ComputerScience,2022,4.07
237,Entity_237,Physics,2013,84.08
238,Entity_238,Economics,2012,24.62
239,Entity_239,Biology,2020,12.32
240,Entity_240,Physics,2017,70.25
241,Entity_241,Mathematics,2012,60.98
242,Entity_242,Engineering,2021,12.34
243,Entity_243,Physics,2014,11.7
244,Entity_244,ComputerScience,2024,31.88
245,Entity_245,Engineering,2024,95.86
246,Entity_246,Biology,2021,20.63
247,Entity_247,Economics,2021,83.23
248,Entity_248,Physics,2011,70.02
249,Entity_249,Mathematics,2023,68.74
250,Entity_250,ComputerScience,2022,98.4
251,Entity_251,ComputerScience,2015,53.74
252,Entity_252,Engineering,2015,7.83
253,Entity_253,Engineering,2015,2.25
254,Entity_254,Biology,2023,49.53
255,Entity_255,Biology,2015,63.92
256,Entity_256,Biology,2021,16.15
257,Entity_257,Physics,2021,52.65
258,Entity_258,Engineering,2014,61.98
259,Entity_259,Economics,2022,48.87
260,Entity_260,Biology,2023,73.37
261,Entity_261,Mathematics,2015,85.32
262,Entity_262,ComputerScience,2014,88.28
263,Entity_263,Physics,2022,47.01
264,Entity_264,Economics,2020,38.52
265,Entity_265,ComputerScience,2017,85.24
266,Entity_266,Physics,2017,22.0
267,Entity_267,Mathematics,2015,28.69
268,Entity_268,Economics,2021,88.13
269,Entity_269,Economics,2010,52.15
270,Entity_270,Physics,2011,24.89
271,Entity_271,Biology,2017,55.96
272,Entity_272,Physics,2021,48.13
273,Entity_273,Engineering,2017,45.37
274,Entity_274,ComputerScience,2011,30.13
275,Entity_275,Biology,2021,25.09
276,Entity_276,Engineering,2019,37.53
277,Entity_277,Economics,2018,35.03
278,Entity_278,Engineering,2018,33.75
279,Entity_279,Engineering,2017,27.82
280,Entity_280,Mathematics,2013,12.94
281,Entity_281,Physics,2015,12.84
282,Entity_282,Economics,2022,69.33
283,Entity_283,Physics,2013,74.12
284,Entity_284,Mathematics,2021,59.37
285,Entity_285,Economics,2019,29.02
286,Entity_286,ComputerScience,2023,20.22
287,Entity_287,Physics,2015,18.76
288,Entity_288,ComputerScience,2021,53.88
289,Entity_289,Mathematics,2010,97.46
290,Entity_290,Economics,2014,70.04
291,Entity_291,Physics,2020,86.98
292,Entity_292,Biology,2011,87.4
293,Entity_293,Economics,2014,47.47
294,Entity_294,Biology,2015,19.25
295,Entity_295,ComputerScience,2014,94.17
296,Entity_296,Biology,2011,82.39
297,Entity_297,Biology,2017,8.33
298,Entity_298,Engineering,2020,6.31
299,Entity_299,Physics,2022,56.72
300,Entity_300,Mathematics,2011,99.4
301,Entity_301,ComputerScience,2018,76.68
302,Entity_302,Economics,2019,79.28
303,Entity_303,Physics,2022,52.73
304,Entity_304,Biology,2024,44.83
305,Entity_305,Economics,2016,31.23
306,Entity_306,Economics,2010,61.35
307,Entity_307,Engineering,2011,94.81
308,Entity_308,Physics,2020,21.89
309,Entity_309,Engineering,2011,16.55
310,Entity_310,Physics,2018,8.43
311,Entity_311,ComputerScience,2016,45.6
312,Entity_312,Economics,2017,29.83
313,Entity_313,Physics,2014,70.99
314,Entity_314,Engineering,2023,45.95
315,Entity_315,Engineering,2013,92.47
316,Entity_316,Engineering,2019,66.46
317,Entity_317,Physics,2016,12.36
318,Entity_318,Physics,2020,15.75
319,Entity_319,Mathematics,2023,15.08
320,Entity_320,ComputerScience,2012,79.47
321,Entity_321,Economics,2021,82.6
322,Entity_322,Mathematics,2017,13.31
323,Entity_323,Engineering,2014,70.27
324,Entity_324,Mathematics,2018,54.46
325,Entity_325,Biology,2011,60.21
326,Entity_326,Biology,2021,32.91
327,Entity_327,Mathematics,2010,10.04
328,Entity_328,Engineering,2023,86.19
329,Entity_329,Economics,2010,99.96
330,Entity_330,Engineering,2023,27.68
331,Entity_331,ComputerScience,2022,75.87
332,Entity_332,Biology,2018,65.5
333,Entity_333,Mathematics,2012,99.7
334,Entity_334,Biology,2020,81.61
335,Entity_335,ComputerScience,2017,35.45
336,Entity_336,Mathematics,2015,67.34
337,Entity_337,Physics,2015,41.75
338,Entity_338,Biology,2014,66.6
339,Entity_339,Biology,2023,76.29
340,Entity_340,ComputerScience,2017,9.72
341,Entity_341,Mathematics,2015,12.48
342,Entity_342,Biology,2023,51.95
343,Entity_343,ComputerScience,2020,87.07
344,Entity_344,Biology,2016,6.37
345,Entity_345,Economics,2015,62.64
346,Entity_346,Biology,2020,44.76
347,Entity_347,ComputerScience,2013,27.44
348,Entity_348,Physics,2024,29.51
349,Entity_349,Engineering,2017,13.02
350,Entity_350,Engineering,2019,80.13
351,Entity_351,Engineering,2012,31.76
352,Entity_352,ComputerScience,2018,41.39
353,Entity_353,Physics,2023,91.38
354,Entity_354,Biology,2011,65.12
355,Entity_355,Physics,2017,93.33
356,Entity_356,Mathematics,2018,70.84
357,Entity_357,Biology,2023,48.77
358,Entity_358,Biology,2013,46.22
359,Entity_359,Physics,2016,19.87
360,Entity_360,Economics,2018,74.88
361,Entity_361,Physics,2023,7.91
362,Entity_362,Biology,2015,93.49
363,Entity_363,Economics,2014,82.23
364,Entity_364,Mathematics,2021,30.56
365,Entity_365,Economics,2019,99.89
366,Entity_366,Biology,2023,15.71
367,Entity_367,Economics,2017,35.17
368,Entity_368,Economics,2022,54.8
369,Entity_369,Biology,2024,32.86
370,Entity_370,Physics,2021,24.64
371,Entity_371,Biology,2013,85.75
372,Entity_372,Biology,2010,32.5
373,Entity_373,Biology,2021,91.43
374,Entity_374,Biology,2016,98.85
375,Entity_375,Engineering,2012,50.04
376,Entity_376,ComputerScience,2012,50.73
377,Entity_377,Economics,2015,87.1
378,Entity_378,Biology,2011,53.07
379,Entity_379,Biology,2010,72.52
380,Entity_380,Biology,2023,65.82
381,Entity_381,Physics,2011,47.48
382,Entity_382,Mathematics,2015,62.7
383,Entity_383,Biology,2020,8.95
384,Entity_384,Mathematics,2023,67.76
385,Entity_385,Economics,2016,95.46
386,Entity_386,Engineering,2021,88.86
387,Entity_387,Biology,2023,54.56
388,Entity_388,Economics,2011,24.24
389,Entity_389,Engineering,2024,29.45
390,Entity_390,Physics,2021,9.95
391,Entity_391,ComputerScience,2022,63.74
392,Entity_392,ComputerScience,2017,17.47
393,Entity_393,Mathematics,2024,3.87
394,Entity_394,Mathematics,2022,6.56
395,Entity_395,Mathematics,2015,43.64
396,Entity_396,Physics,2018,41.79
397,Entity_397,Engineering,2022,18.83
398,Entity_398,Physics,2011,61.34
399,Entity_399,Biology,2019,68.63
400,Entity_400,Biology,2024,58.73
401,Entity_401,Physics,2017,64.15
402,Entity_402,Biology,2014,67.02
403,Entity_403,Biology,2024,29.48
404,Entity_404,Economics,2012,8.31
405,Entity_405,Mathematics,2019,30.62
406,Entity_406,Biology,2021,25.76
407,Entity_407,Mathematics,2013,99.94
408,Entity_408,Biology,2011,24.48
409,Entity_409,Economics,2015,57.91
410,Entity_410,Engineering,2014,3.17
411,Entity_411,Engineering,2016,28.17
412,Entity_412,Economics,2023,68.89
413,Entity_413,Engineering,2010,91.15
414,Entity_414,Engineering,2017,83.45
415,Entity_415,Mathematics,2022,80.09
416,Entity_416,Economics,2022,35.88
417,Entity_417,Engineering,2013,62.47
418,Entity_418,Engineering,2022,72.37
419,Entity_419,Engineering,2020,84.0
420,Entity_420,Engineering,2011,90.44
421,Entity_421,Engineering,2010,31.58
422,Entity_422,Biology,2010,58.38
423,Entity_423,Engineering,2012,9.92
424,Entity_424,Mathematics,2015,75.0
425,Entity_425,Physics,2013,14.08
426,Entity_426,Economics,2024,97.18
427,Entity_427,Economics,2018,91.44
428,Entity_428,Physics,2014,91.49
429,Entity_429,Biology,2022,30.22
430,Entity_430,Mathematics,2022,12.4
431,Entity_431,ComputerScience,2012,75.66
432,Entity_432,Physics,2023,67.96
433,Entity_433,Engineering,2016,96.76
434,Entity_434,Economics,2015,9.94
435,Entity_435,Biology,2010,27.18
436,Entity_436,ComputerScience,2017,37.49
437,Entity_437,Engineering,2020,26.95
438,Entity_438,Biology,2023,64.22
439,Entity_439,Mathematics,2011,67.81
440,Entity_440,Biology,2010,62.34
441,Entity_441,Economics,2015,91.61
442,Entity_442,Physics,2020,7.26
443,Entity_443,Biology,2024,70.41
444,Entity_444,Engineering,2016,12.55
445,Entity_445,ComputerScience,2010,31.13
446,Entity_446,Biology,2011,10.62
447,Entity_447,Economics,2012,39.48
448,Entity_448,Mathematics,2020,94.99
449,Entity_449,Engineering,2018,42.49
450,Entity_450,Engineering,2021,16.3
451,Entity_451,Biology,2020,10.8
452,Entity_452,Biology,2019,41.4
453,Entity_453,Mathematics,2010,69.34
454,Entity_454,Physics,2017,45.02
455,Entity_455,Physics,2023,36.91
456,Entity_456,Engineering,2015,54.9
457,Entity_457,Engineering,2015,6.99
458,Entity_458,Mathematics,2013,96.85
459,Entity_459,Biology,2011,66.61
460,Entity_460,Engineering,2020,60.12
461,Entity_461,ComputerScience,2010,78.89
462,Entity_462,Physics,2012,78.91
463,Entity_463,Physics,2011,83.15
464,Entity_464,Economics,2013,59.05
465,Entity_465,Physics,2015,77.66
466,Entity_466,Economics,2010,28.45
467,Entity_467,Physics,2012,54.48
468,Entity_468,Physics,2011,66.44
469,Entity_469,ComputerScience,2012,2.47
470,Entity_470,Physics,2019,33.05
471,Entity_471,Physics,2014,6.19
472,Entity_472,Engineering,2016,53.08
473,Entity_473,Engineering,2011,48.15
474,Entity_474,Mathematics,2018,59.77
475,Entity_475,Biology,2018,22.93
476,Entity_476,Economics,2010,73.0
477,Entity_477,Engineering,2018,30.86
478,Entity_478,Engineering,2010,7.02
479,Entity_479,Biology,2023,40.76
480,Entity_480,Engineering,2011,49.54
481,Entity_481,Biology,2011,90.03
482,Entity_482,Mathematics,2019,15.69
483,Entity_483,Physics,2014,62.81
484,Entity_484,Economics,2018,71.5
485,Entity_485,Biology,2019,53.53
486,Entity_486,Biology,2018,60.94
487,Entity_487,ComputerScience,2022,70.48
488,Entity_488,Engineering,2020,87.89
489,Entity_489,Economics,2021,86.68
490,Entity_490,Biology,2017,88.92
491,Entity_491,Biology,2015,82.91
492,Entity_492,Biology,2016,73.23
493,Entity_493,Mathematics,2016,31.94
494,Entity_494,Mathematics,2015,95.41
495,Entity_495,Engineering,2024,47.95
496,Entity_496,ComputerScience,2023,9.45
497,Entity_497,Biology,2011,74.71
498,Entity_498,Mathematics,2022,13.88
499,Entity_499,ComputerScience,2019,95.71
500,Entity_500,Economics,2015,67.33
501,Entity_501,Biology,2015,87.49
502,Entity_502,Biology,2023,91.67
503,Entity_503,ComputerScience,2014,60.44
504,Entity_504,Mathematics,2011,58.21
505,Entity_505,Physics,2012,66.02
506,Entity_506,Physics,2023,11.71
507,Entity_507,Economics,2015,12.37
508,Entity_508,Mathematics,2019,23.39
509,Entity_509,Biology,2023,56.54
510,Entity_510,Economics,2019,67.82
511,Entity_511,Economics,2010,61.29
512,Entity_512,Engineering,2023,69.65
513,Entity_513,ComputerScience,2012,28.05
514,Entity_514,Mathematics,2024,34.64
515,Entity_515,ComputerScience,2012,87.12
516,Entity_516,Economics,2020,40.68
517,Entity_517,Physics,2021,63.68
518,Entity_518,ComputerScience,2011,74.87
519,Entity_519,Physics,2016,42.56
520,Entity_520,Mathematics,2012,37.64
521,Entity_521,Engineering,2015,77.91
522,Entity_522,Economics,2019,9.41
523,Entity_523,ComputerScience,2012,16.58
524,Entity_524,Economics,2010,67.72
525,Entity_525,Mathematics,2017,66.53
526,Entity_526,Biology,2019,44.76
527,Entity_527,Mathematics,2013,75.74
528,Entity_528,ComputerScience,2015,43.56
529,Entity_529,Mathematics,2020,68.17
530,Entity_530,Biology,2018,67.05
531,Entity_531,ComputerScience,2013,40.13
532,Entity_532,Economics,2010,1.76
533,Entity_533,Mathematics,2013,76.97
534,Entity_534,Mathematics,2014,33.48
535,Entity_535,ComputerScience,2017,74.95
536,Entity_536,Physics,2012,38.64
537,Entity_537,Engineering,2013,50.53
538,Entity_538,Engineering,2022,36.06
539,Entity_539,Biology,2023,74.46
540,Entity_540,Biology,2010,46.52
541,Entity_541,ComputerScience,2023,31.99
542,Entity_542,Biology,2019,41.04
543,Entity_543,Engineering,2016,29.66
544,Entity_544,Biology,2010,96.65
545,Entity_545,Physics,2022,94.81
546,Entity_546,Biology,2023,69.27
547,Entity_547,Mathematics,2011,44.23
548,Entity_548,ComputerScience,2013,44.13
549,Entity_549,Biology,2018,8.79
550,Entity_550,Mathematics,2021,34.61
551,Entity_551,Mathematics,2022,17.65
552,Entity_552,Economics,2020,12.29
553,Entity_553,Economics,2013,90.69
554,Entity_554,Mathematics,2015,73.01
555,Entity_555,Engineering,2023,15.62
556,Entity_556,ComputerScience,2012,26.34
557,Entity_557,Physics,2019,16.13
558,Entity_558,Engineering,2011,18.54
559,Entity_559,Engineering,2017,46.93
560,Entity_560,Economics,2022,58.37
561,Entity_561,Engineering,2024,88.32
562,Entity_562,Engineering,2020,98.67
563,Entity_563,Mathematics,2023,97.13
564,Entity_564,Mathematics,2012,44.54
565,Entity_565,Biology,2017,63.51
566,Entity_566,Mathematics,2019,6.56
567,Entity_567,Economics,2011,31.73
568,Entity_568,Biology,2010,6.63
569,Entity_569,Mathematics,2011,64.82
570,Entity_570,ComputerScience,2019,59.81
571,Entity_571,Biology,2017,58.45
572,Entity_572,Engineering,2024,5.06
573,Entity_573,Economics,2020,19.64
574,Entity_574,Economics,2017,50.64
575,Entity_575,ComputerScience,2017,11.25
576,Entity_576,Mathematics,2021,9.35
577,Entity_577,Engineering,2012,4.88
578,Entity_578,Engineering,2017,99.11
579,Entity_579,Economics,2018,61.37
580,Entity_580,Mathematics,2015,91.88
581,Entity_581,Biology,2016,77.67
582,Entity_582,Engineering,2019,6.18
583,Entity_583,Engineering,2020,34.13
584,Entity_584,Mathematics,2011,56.24
585,Entity_585,Biology,2014,25.95
586,Entity_586,Engineering,2024,60.67
587,Entity_587,Physics,2015,9.07
588,Entity_588,Engineering,2012,91.76
589,Entity_589,Mathematics,2020,70.15
590,Entity_590,Biology,2012,59.91
591,Entity_591,ComputerScience,2014,56.33
592,Entity_592,Engineering,2022,33.52
593,Entity_593,Physics,2020,70.58
594,Entity_594,Engineering,2020,91.33
595,Entity_595,ComputerScience,2020,67.38
596,Entity_596,Economics,2015,2.8
597,Entity_597,Mathematics,2012,95.17
598,Entity_598,Mathematics,2022,49.14
599,Entity_599,Physics,2012,16.34
600,Entity_600,Mathematics,2023,79.02
601,Entity_601,Economics,2022,54.44
602,Entity_602,Engineering,2024,53.13
603,Entity_603,Engineering,2015,87.76
604,Entity_604,Economics,2012,60.13
605,Entity_605,Physics,2012,18.9
606,Entity_606,Engineering,2022,62.85
607,Entity_607,Physics,2021,44.33
608,Entity_608,Biology,2015,67.96
609,Entity_609,Physics,2017,61.45
610,Entity_610,Engineering,2022,45.44
611,Entity_611,Economics,2013,31.64
612,Entity_612,Biology,2024,83.68
613,Entity_613,Mathematics,2020,94.77
614,Entity_614,Biology,2017,77.17
615,Entity_615,Biology,2018,53.22
616,Entity_616,Physics,2023,20.77
617,Entity_617,Economics,2012,87.43
618,Entity_618,ComputerScience,2020,48.58
619,Entity_619,Mathematics,2018,93.5
620,Entity_620,Engineering,2023,52.08
621,Entity_621,ComputerScience,2014,9.3
622,Entity_622,Physics,2014,45.48
623,Entity_623,Economics,2012,83.27
624,Entity_624,ComputerScience,2024,22.98
625,Entity_625,Biology,2024,35.61
626,Entity_626,ComputerScience,2016,6.27
627,Entity_627,Economics,2015,24.34
628,Entity_628,ComputerScience,2015,23.23
629,Entity_629,Mathematics,2024,10.81
630,Entity_630,Engineering,2020,34.19
631,Entity_631,Physics,2012,4.79
632,Entity_632,Biology,2021,83.28
633,Entity_633,Engineering,2017,45.41
634,Entity_634,ComputerScience,2024,8.84
635,Entity_635,Mathematics,2013,83.66
636,Entity_636,Economics,2021,61.28
637,Entity_637,Biology,2011,77.84
638,Entity_638,Physics,2014,13.06
639,Entity_639,Physics,2016,64.26
640,Entity_640,Economics,2017,7.22
641,Entity_641,Biology,2019,54.07
642,Entity_642,Engineering,2018,57.93
643,Entity_643,Engineering,2012,29.84
644,Entity_644,ComputerScience,2019,35.93
645,Entity_645,Economics,2016,19.54
646,Entity_646,Engineering,2011,52.82
647,Entity_647,Mathematics,2011,95.39
648,Entity_648,Economics,2018,78.85
649,Entity_649,Economics,2018,3.01
650,Entity_650,Biology,2010,63.93
651,Entity_651,Mathematics,2014,74.98
652,Entity_652,Mathematics,2022,7.69
653,Entity_653,Physics,2021,66.05
654,Entity_654,ComputerScience,2022,58.61
655,Entity_655,Mathematics,2012,5.39
656,Entity_656,Economics,2015,81.54
657,Entity_657,Physics,2023,78.14
658,Entity_658,Biology,2021,48.37
659,Entity_659,Physics,2022,14.35
660,Entity_660,Engineering,2022,94.42
661,Entity_661,ComputerScience,2014,20.96
662,Entity_662,Physics,2024,5.15
663,Entity_663,Mathematics,2018,40.42
664,Entity_664,Economics,2017,26.08
665,Entity_665,Engineering,2013,29.32
666,Entity_666,ComputerScience,2023,65.92
667,Entity_667,Mathematics,2011,80.13
668,Entity_668,Biology,2024,40.6
669,Entity_669,Biology,2024,95.69
670,Entity_670,Mathematics,2012,50.12
671,Entity_671,Biology,2015,92.51
672,Entity_672,Economics,2014,80.31
673,Entity_673,Engineering,2016,8.81
674,Entity_674,Economics,2023,18.87
675,Entity_675,Mathematics,2015,11.16
676,Entity_676,Mathematics,2020,30.27
677,Entity_677,Biology,2019,72.05
678,Entity_678,Physics,2021,44.95
679,Entity_679,Biology,2010,72.95
680,Entity_680,Mathematics,2019,99.82
681,Entity_681,Mathematics,2020,98.02
682,Entity_682,ComputerScience,2011,67.45
683,Entity_683,Biology,2015,51.8
684,Entity_684,Engineering,2020,16.84
685,Entity_685,ComputerScience,2012,85.02
686,Entity_686,Engineering,2022,44.38
687,Entity_687,Physics,2011,24.36
688,Entity_688,Engineering,2015,36.85
689,Entity_689,Economics,2010,60.9
690,Entity_690,Engineering,2017,94.93
691,Entity_691,Mathematics,2017,76.55
692,Entity_692,Economics,2012,53.42
693,Entity_693,Biology,2015,65.31
694,Entity_694,Physics,2011,3.57
695,Entity_695,Physics,2017,52.26
696,Entity_696,Economics,2011,26.92
697,Entity_697,Mathematics,2021,45.18
698,Entity_698,Economics,2014,69.7
699,Entity_699,Biology,2013,13.14
700,Entity_700,ComputerScience,2017,18.09
701,Entity_701,Engineering,2017,99.73
702,Entity_702,Engineering,2023,98.67
703,Entity_703,Engineering,2015,71.24
704,Entity_704,Economics,2018,29.75
705,Entity_705,Mathematics,2023,16.59
706,Entity_706,Engineering,2024,70.32
707,Entity_707,Physics,2022,36.79
708,Entity_708,Physics,2011,98.53
709,Entity_709,Physics,2013,79.25
710,Entity_710,ComputerScience,2015,55.85
711,Entity_711,Mathematics,2017,80.56
712,Entity_712,Economics,2012,61.58
713,Entity_713,ComputerScience,2011,31.62
714,Entity_714,Engineering,2021,48.39
715,Entity_715,Biology,2022,41.53
716,Entity_716,Economics,2011,13.41
717,Entity_717,Mathematics,2020,8.34
718,Entity_718,Biology,2020,52.22
719,Entity_719,Physics,2024,83.08
720,Entity_720,Economics,2020,59.19
721,Entity_721,Physics,2016,50.78
722,Entity_722,ComputerScience,2023,13.29
723,Entity_723,Physics,2014,17.3
724,Entity_724,Mathematics,2024,71.22
725,Entity_725,Mathematics,2018,89.6
726,Entity_726,ComputerScience,2014,20.43
727,Entity_727,Economics,2014,13.39
728,Entity_728,Mathematics,2019,53.81
729,Entity_729,Economics,2020,17.69
730,Entity_730,Economics,2012,17.95
731,Entity_731,Economics,2021,90.3
732,Entity_732,Mathematics,2023,92.47
733,Entity_733,ComputerScience,2023,86.51
734,Entity_734,ComputerScience,2010,94.91
735,Entity_735,Economics,2014,65.46
736,Entity_736,Economics,2016,62.19
737,Entity_737,ComputerScience,2017,89.01
738,Entity_738,Economics,2014,64.55
739,Entity_739,Mathematics,2017,25.24
740,Entity_740,Engineering,2016,30.45
741,Entity_741,ComputerScience,2021,6.93
742,Entity_742,Biology,2016,48.94
743,Entity_743,Physics,2015,61.06
744,Entity_744,Mathematics,2023,72.12
745,Entity_745,Engineering,2023,35.19
746,Entity_746,Biology,2012,76.31
747,Entity_747,Economics,2018,11.51
748,Entity_748,Physics,2017,13.13
749,Entity_749,Biology,2013,14.95
750,Entity_750,ComputerScience,2014,94.59
751,Entity_751,Economics,2016,25.58
752,Entity_752,Physics,2023,33.42
753,Entity_753,Economics,2021,31.96
754,Entity_754,Physics,2017,99.6
755,Entity_755,Biology,2017,88.03
756,Entity_756,Biology,2010,9.91
757,Entity_757,Biology,2018,46.27
758,Entity_758,Physics,2013,58.75
759,Entity_759,ComputerScience,2010,28.85
760,Entity_760,Economics,2024,84.44
761,Entity_761,Engineering,2017,29.29
762,Entity_762,ComputerScience,2023,11.64
763,Entity_763,Physics,2024,27.18
764,Entity_764,Mathematics,2022,40.92
765,Entity_765,ComputerScience,2016,6.06
766,Entity_766,Economics,2013,36.89
767,Entity_767,Mathematics,2011,39.25
768,Entity_768,Biology,2022,55.44
769,Entity_769,Economics,2020,61.49
770,Entity_770,Physics,2011,40.0
771,Entity_771,Mathematics,2018,93.96
772,Entity_772,Physics,2013,60.64
773,Entity_773,Biology,2018,4.99
774,Entity_774,ComputerScience,2012,71.65
775,Entity_775,Biology,2018,46.24
776,Entity_776,Economics,2024,52.04
777,Entity_777,Mathematics,2024,61.69
778,Entity_778,Physics,2016,99.07
779,Entity_779,Engineering,2023,30.62
780,Entity_780,Mathematics,2018,83.0
781,Entity_781,Economics,2017,71.17
782,Entity_782,Mathematics,2017,81.76
783,Entity_783,Mathematics,2015,67.71
784,Entity_784,Biology,2019,31.46
785,Entity_785,Engineering,2023,69.12
786,Entity_786,ComputerScience,2019,47.98
787,Entity_787,Engineering,2022,97.23
788,Entity_788,Economics,2019,23.53
789,Entity_789,ComputerScience,2019,48.56
790,Entity_790,Economics,2020,72.4
791,Entity_791,Biology,2012,82.34
792,Entity_792,Physics,2010,57.68
793,Entity_793,Engineering,2011,19.89
794,Entity_794,Biology,2015,42.46
795,Entity_795,Biology,2021,21.19
796,Entity_796,Economics,2022,61.54
797,Entity_797,Biology,2023,84.99
798,Entity_798,Engineering,2010,70.87
799,Entity_799,Economics,2013,56.53
800,Entity_800,Engineering,2017,53.02
801,Entity_801,Mathematics,2012,46.51
802,Entity_802,Economics,2015,55.08
803,Entity_803,Engineering,2022,86.9
804,Entity_804,Engineering,2020,80.56
805,Entity_805,Mathematics,2019,48.93
806,Entity_806,Physics,2014,56.25
807,Entity_807,Physics,2014,77.35
808,Entity_808,Engineering,2013,69.33
809,Entity_809,Biology,2015,48.5
810,Entity_810,Economics,2024,93.51
811,Entity_811,Engineering,2014,29.49
812,Entity_812,Economics,2020,54.78
813,Entity_813,Biology,2023,35.17
814,Entity_814,Physics,2014,5.16
815,Entity_815,Engineering,2011,35.29
816,Entity_816,Biology,2020,26.39
817,Entity_817,Biology,2013,21.0
818,Entity_818,Economics,2014,93.37
819,Entity_819,Engineering,2014,14.59
820,Entity_820,Economics,2021,59.1
821,Entity_821,Physics,2010,67.31
822,Entity_822,Economics,2013,64.16
823,Entity_823,ComputerScience,2011,41.92
824,Entity_824,Engineering,2017,10.95
825,Entity_825,Physics,2010,96.49
826,Entity_826,Physics,2016,65.64
827,Entity_827,Biology,2017,65.4
828,Entity_828,Mathematics,2015,29.26
829,Entity_829,ComputerScience,2024,77.1
830,Entity_830,Engineering,2019,23.99
831,Entity_831,Engineering,2021,85.18
832,Entity_832,ComputerScience,2024,92.23
833,Entity_833,Biology,2024,83.92
834,Entity_834,ComputerScience,2023,40.3
835,Entity_835,Biology,2012,93.72
836,Entity_836,Mathematics,2024,4.71
837,Entity_837,Mathematics,2019,60.68
838,Entity_838,Mathematics,2014,45.98
839,Entity_839,Engineering,2018,52.91
840,Entity_840,Physics,2023,50.92
841,Entity_841,Mathematics,2013,81.07
842,Entity_842,Mathematics,2012,73.38
843,Entity_843,Engineering,2014,72.14
844,Entity_844,ComputerScience,2021,34.37
845,Entity_845,Mathematics,2019,67.77
846,Entity_846,Physics,2012,61.48
847,Entity_847,Engineering,2024,41.14
848,Entity_848,Biology,2018,33.46
849,Entity_849,Biology,2020,10.44
850,Entity_850,Physics,2017,33.04
851,Entity_851,Physics,2010,26.82
852,Entity_852,Physics,2017,75.62
853,Entity_853,Mathematics,2014,58.66
854,Entity_854,Economics,2010,26.89
855,Entity_855,Mathematics,2021,24.39
856,Entity_856,Engineering,2011,47.07
857,Entity_857,Physics,2016,68.92
858,Entity_858,Engineering,2022,31.79
859,Entity_859,ComputerScience,2020,91.7
860,Entity_860,Mathematics,2015,61.85
861,Entity_861,Physics,2012,48.34
862,Entity_862,Biology,2021,98.89
863,Entity_863,Mathematics,2016,70.49
864,Entity_864,Biology,2022,54.21
865,Entity_865,Engineering,2023,22.62
866,Entity_866,Physics,2020,75.72
867,Entity_867,ComputerScience,2018,45.23
868,Entity_868,Engineering,2015,8.73
869,Entity_869,Economics,2011,7.11
870,Entity_870,Economics,2024,51.04
871,Entity_871,Economics,2018,15.84
872,Entity_872,Mathematics,2023,52.51
873,Entity_873,ComputerScience,2020,21.33
874,Entity_874,Economics,2017,10.0
875,Entity_875,Economics,2017,81.06
876,Entity_876,Biology,2012,51.81
877,Entity_877,Biology,2019,6.72
878,Entity_878,Biology,2020,80.88
879,Entity_879,Engineering,2010,40.2
880,Entity_880,ComputerScience,2021,22.57
881,Entity_881,ComputerScience,2010,42.95
882,Entity_882,Engineering,2011,54.58
883,Entity_883,ComputerScience,2024,89.53
884,Entity_884,Biology,2010,29.42
885,Entity_885,Physics,2022,14.41
886,Entity_886,Engineering,2021,64.94
887,Entity_887,Biology,2015,99.29
888,Entity_888,Biology,2017,87.09
889,Entity_889,Biology,2016,8.94
890,Entity_890,Engineering,2023,54.39
891,Entity_891,Engineering,2023,35.43
892,Entity_892,Physics,2018,39.91
893,Entity_893,Physics,2021,97.89
894,Entity_894,ComputerScience,2022,3.25
895,Entity_895,Mathematics,2017,67.68
896,Entity_896,Economics,2016,53.66
897,Entity_897,Physics,2013,46.6
898,Entity_898,Physics,2014,19.66
899,Entity_899,Engineering,2022,12.17
900,Entity_900,Engineering,2016,61.88
901,Entity_901,ComputerScience,2013,21.4
902,Entity_902,ComputerScience,2019,4.32
903,Entity_903,Economics,2020,70.63
904,Entity_904,ComputerScience,2013,74.31
905,Entity_905,Biology,2017,24.2
906,Entity_906,Physics,2022,86.51
907,Entity_907,ComputerScience,2012,50.89
908,Entity_908,Mathematics,2013,81.76
909,Entity_909,Engineering,2019,32.57
910,Entity_910,Economics,2022,67.58
911,Entity_911,Mathematics,2013,30.87
912,Entity_912,Physics,2020,52.6
913,Entity_913,Biology,2014,28.24
914,Entity_914,Economics,2019,88.09
915,Entity_915,Physics,2020,68.2
916,Entity_916,Economics,2017,5.64
917,Entity_917,Mathematics,2020,67.46
918,Entity_918,Economics,2015,69.93
919,Entity_919,Biology,2012,30.69
920,Entity_920,Physics,2022,54.25
921,Entity_921,Physics,2023,23.31
922,Entity_922,Engineering,2012,80.77
923,Entity_923,ComputerScience,2018,41.86
924,Entity_924,Biology,2018,53.47
925,Entity_925,Biology,2013,26.24
926,Entity_926,Mathematics,2020,8.83
927,Entity_927,Biology,2023,37.74
928,Entity_928,Economics,2021,83.11
929,Entity_929,ComputerScience,2014,38.34
930,Entity_930,Economics,2019,4.92
931,Entity_931,ComputerScience,2013,80.66
932,Entity_932,Economics,2021,67.47
933,Entity_933,Physics,2017,21.68
934,Entity_934,Mathematics,2014,95.74
935,Entity_935,ComputerScience,2013,93.78
936,Entity_936,Engineering,2011,74.94
937,Entity_937,Biology,2024,25.02
938,Entity_938,Economics,2021,21.25
939,Entity_939,Physics,2018,32.84
940,Entity_940,Mathematics,2016,47.16
941,Entity_941,Engineering,2015,31.53
942,Entity_942,Mathematics,2018,88.4
943,Entity_943,Biology,2011,80.48
944,Entity_944,Engineering,2017,76.4
945,Entity_945,Mathematics,2024,21.11
946,Entity_946,Mathematics,2016,5.53
947,Entity_947,Physics,2021,15.45
948,Entity_948,Mathematics,2018,93.54
949,Entity_949,Economics,2021,42.34
950,Entity_950,Physics,2013,33.66
951,Entity_951,Biology,2019,83.5
952,Entity_952,Biology,2018,65.81
953,Entity_953,Engineering,2015,26.48
954,Entity_954,Biology,2021,64.53
955,Entity_955,Biology,2017,17.66
956,Entity_956,Mathematics,2012,14.86
957,Entity_957,Economics,2017,19.22
958,Entity_958,Economics,2020,95.77
959,Entity_959,Economics,2010,84.07
960,Entity_960,ComputerScience,2023,67.15
961,Entity_961,ComputerScience,2016,14.61
962,Entity_962,Engineering,2013,7.73
963,Entity_963,Physics,2010,22.65
964,Entity_964,Biology,2015,6.98
965,Entity_965,Engineering,2020,93.46
966,Entity_966,Biology,2020,49.3
967,Entity_967,ComputerScience,2018,55.61
968,Entity_968,ComputerScience,2010,53.41
969,Entity_969,Mathematics,2018,97.77
970,Entity_970,ComputerScience,2018,81.5
971,Entity_971,Engineering,2016,80.81
972,Entity_972,Physics,2011,91.89
973,Entity_973,Economics,2012,24.86
974,Entity_974,Economics,2018,25.99
975,Entity_975,Mathematics,2014,79.7
976,Entity_976,ComputerScience,2015,95.97
977,Entity_977,Biology,2019,25.08
978,Entity_978,Engineering,2013,30.7
979,Entity_979,ComputerScience,2020,99.18
980,Entity_980,Engineering,2022,4.14
981,Entity_981,Biology,2016,38.34
982,Entity_982,Biology,2010,64.04
983,Entity_983,Engineering,2012,9.19
984,Entity_984,Biology,2020,78.65
985,Entity_985,Economics,2023,97.41
986,Entity_986,Economics,2024,5.21
987,Entity_987,Physics,2024,86.94
988,Entity_988,Economics,2017,27.84
989,Entity_989,ComputerScience,2020,92.63
990,Entity_990,Economics,2019,66.15
991,Entity_991,Physics,2024,85.19
992,Entity_992,ComputerScience,2013,59.12
993,Entity_993,Engineering,2023,40.43
994,Entity_994,ComputerScience,2014,17.08
995,Entity_995,Physics,2019,83.63
996,Entity_996,Biology,2020,89.76
997,Entity_997,Mathematics,2016,75.81
998,Entity_998,Physics,2022,98.86
999,Entity_999,Engineering,2011,50.58
1000,Entity_1000,Mathematics,2010,10.67
1001,Entity_1001,Physics,2023,8.53
1002,Entity_1002,Economics,2022,61.77
1003,Entity_1003,Economics,2016,96.92
1004,Entity_1004,Mathematics,2010,63.78
1005,Entity_1005,Biology,2017,23.59
1006,Entity_1006,Economics,2016,43.75
1007,Entity_1007,Engineering,2019,66.41
1008,Entity_1008,ComputerScience,2022,62.24
1009,Entity_1009,Physics,2021,8.28
1010,Entity_1010,Mathematics,2012,38.62
1011,Entity_1011,Engineering,2012,74.23
1012,Entity_1012,Mathematics,2015,11.55
1013,Entity_1013,ComputerScience,2014,45.03
1014,Entity_1014,Mathematics,2011,14.12
1015,Entity_1015,Physics,2016,45.44
1016,Entity_1016,Economics,2018,41.4
1017,Entity_1017,ComputerScience,2011,36.04
1018,Entity_1018,ComputerScience,2019,60.21
1019,Entity_1019,Mathematics,2023,39.14
1020,Entity_1020,Mathematics,2016,39.39
1021,Entity_1021,ComputerScience,2021,90.21
1022,Entity_1022,Physics,2019,52.59
1023,Entity_1023,Engineering,2016,17.78
1024,Entity_1024,Mathematics,2014,27.57
1025,Entity_1025,Physics,2011,17.55
1026,Entity_1026,Mathematics,2016,30.68
1027,Entity_1027,ComputerScience,2015,25.92
1028,Entity_1028,Physics,2021,62.88
1029,Entity_1029,Economics,2019,20.36
1030,Entity_1030,ComputerScience,2012,31.16
1031,Entity_1031,Biology,2015,84.32
1032,Entity_1032,Biology,2022,86.36
1033,Entity_1033,Biology,2015,43.63
1034,Entity_1034,Engineering,2019,14.48
1035,Entity_1035,Mathematics,2019,94.78
1036,Entity_1036,Physics,2017,32.1
1037,Entity_1037,Biology,2015,29.85
1038,Entity_1038,Engineering,2020,49.61
1039,Entity_1039,Economics,2022,25.0
1040,Entity_1040,Biology,2014,81.83
1041,Entity_1041,Biology,2015,12.27
1042,Entity_1042,Economics,2013,59.63
1043,Entity_1043,Economics,2012,68.49
1044,Entity_1044,Economics,2010,95.35
1045,Entity_1045,Biology,2021,21.76
1046,Entity_1046,Mathematics,2023,69.59
1047,Entity_1047,Biology,2020,50.43
1048,Entity_1048,Engineering,2014,24.96
1049,Entity_1049,Engineering,2012,71.81
1050,Entity_1050,Biology,2011,45.46
1051,Entity_1051,Economics,2017,58.64
1052,Entity_1052,Economics,2018,92.43
1053,Entity_1053,Engineering,2016,54.82
1054,Entity_1054,Mathematics,2021,89.65
1055,Entity_1055,Economics,2019,64.18
1056,Entity_1056,ComputerScience,2011,77.13
1057,Entity_1057,Engineering,2020,36.15
1058,Entity_1058,Engineering,2019,5.39
1059,Entity_1059,Engineering,2020,65.03
1060,Entity_1060,Mathematics,2022,43.62
1061,Entity_1061,ComputerScience,2011,26.62
1062,Entity_1062,Economics,2021,52.36
1063,Entity_1063,Economics,2021,57.95
1064,Entity_1064,Biology,2015,39.72
1065,Entity_1065,Engineering,2019,69.35
1066,Entity_1066,Physics,2015,99.77
1067,Entity_1067,Biology,2011,30.25
1068,Entity_1068,ComputerScience,2011,83.3
1069,Entity_1069,Engineering,2012,35.48
1070,Entity_1070,Mathematics,2017,78.64
1071,Entity_1071,Economics,2017,35.48
1072,Entity_1072,ComputerScience,2017,72.48
1073,Entity_1073,Biology,2015,7.65
1074,Entity_1074,ComputerScience,2022,71.37
1075,Entity_1075,ComputerScience,2023,34.96
1076,Entity_1076,ComputerScience,2020,80.2
1077,Entity_1077,Engineering,2013,52.08
1078,Entity_1078,Economics,2012,33.77
1079,Entity_1079,Biology,2017,23.95
1080,Entity_1080,Biology,2020,19.26
1081,Entity_1081,Engineering,2020,43.78
1082,Entity_1082,ComputerScience,2021,61.8
1083,Entity_1083,Physics,2017,59.63
1084,Entity_1084,Biology,2010,70.77
1085,Entity_1085,Physics,2014,75.48
1086,Entity_1086,ComputerScience,2019,11.07
1087,Entity_1087,Economics,2012,37.21
1088,Entity_1088,Physics,2017,12.28
1089,Entity_1089,Engineering,2023,49.46
1090,Entity_1090,Engineering,2015,60.1
1091,Entity_1091,Economics,2016,59.11
1092,Entity_1092,Mathematics,2015,84.71
1093,Entity_1093,Economics,2012,81.56
1094,Entity_1094,Engineering,2022,30.45
1095,Entity_1095,Economics,2019,9.39
1096,Entity_1096,Physics,2015,12.67
1097,Entity_1097,Mathematics,2011,19.12
1098,Entity_1098,Engineering,2012,51.57
1099,Entity_1099,Biology,2019,14.65
1100,Entity_1100,Biology,2016,19.39
1101,Entity_1101,Engineering,2018,69.65
1102,Entity_1102,Engineering,2024,99.99
1103,Entity_1103,Economics,2012,49.47
1104,Entity_1104,Physics,2012,32.14
1105,Entity_1105,Biology,2019,6.31
1106,Entity_1106,Mathematics,2010,48.98
1107,Entity_1107,Physics,2023,39.01
1108,Entity_1108,Economics,2018,65.65
1109,Entity_1109,Biology,2020,49.68
1110,Entity_1110,Engineering,2023,44.94
1111,Entity_1111,Physics,2011,56.97
1112,Entity_1112,Physics,2014,4.24
1113,Entity_1113,Physics,2018,29.58
1114,Entity_1114,Biology,2019,74.51
1115,Entity_1115,Biology,2018,51.57
1116,Entity_1116,Economics,2011,27.52
1117,Entity_1117,Economics,2023,99.1
1118,Entity_1118,Economics,2023,75.92
1119,Entity_1119,Engineering,2017,55.09
1120,Entity_1120,Biology,2011,73.86
1121,Entity_1121,Engineering,2022,25.51
1122,Entity_1122,ComputerScience,2017,27.02
1123,Entity_1123,ComputerScience,2017,86.66
1124,Entity_1124,ComputerScience,2022,81.38
1125,Entity_1125,Physics,2022,74.02
1126,Entity_1126,Engineering,2015,86.24
1127,Entity_1127,Economics,2020,43.39
1128,Entity_1128,Economics,2012,78.7
1129,Entity_1129,Physics,2022,6.88
1130,Entity_1130,Mathematics,2018,28.83
1131,Entity_1131,Economics,2012,33.04
1132,Entity_1132,Engineering,2014,29.64
1133,Entity_1133,Mathematics,2023,51.93
1134,Entity_1134,Engineering,2023,10.43
1135,Entity_1135,Biology,2024,6.87
1136,Entity_1136,Mathematics,2023,65.93
1137,Entity_1137,Engineering,2023,14.14
1138,Entity_1138,Physics,2021,32.89
1139,Entity_1139,Physics,2022,84.51
1140,Entity_1140,Biology,2017,15.07
1141,Entity_1141,Engineering,2014,63.15
1142,Entity_1142,Biology,2017,8.48
1143,Entity_1143,ComputerScience,2016,52.05
1144,Entity_1144,Mathematics,2021,93.7
1145,Entity_1145,Mathematics,2017,95.08
1146,Entity_1146,Mathematics,2019,1.24
1147,Entity_1147,Engineering,2011,73.36
1148,Entity_1148,Biology,2020,66.75
1149,Entity_1149,Mathematics,2023,7.27
1150,Entity_1150,Economics,2016,22.57
1151,Entity_1151,Biology,2023,21.97
1152,Entity_1152,Mathematics,2015,83.01
1153,Entity_1153,Mathematics,2018,58.22
1154,Entity_1154,Economics,2023,49.05
1155,Entity_1155,Mathematics,2024,68.57
1156,Entity_1156,ComputerScience,2010,10.86
1157,Entity_1157,Biology,2010,13.3
1158,Entity_1158,Physics,2017,46.2
1159,Entity_1159,Biology,2013,99.57
1160,Entity_1160,Physics,2024,65.35
1161,Entity_1161,Physics,2023,93.34
1162,Entity_1162,Mathematics,2011,65.8
1163,Entity_1163,Mathematics,2011,37.81
1164,Entity_1164,Engineering,2012,6.13
1165,Entity_1165,Engineering,2014,72.87
1166,Entity_1166,Physics,2016,65.89
1167,Entity_1167,Engineering,2011,1.11
1168,Entity_1168,Biology,2011,14.14
1169,Entity_1169,Physics,2018,68.32
1170,Entity_1170,ComputerScience,2010,69.86
1171,Entity_1171,ComputerScience,2023,42.81
1172,Entity_1172,Physics,2017,8.01
1173,Entity_1173,Biology,2011,73.35
1174,Entity_1174,ComputerScience,2011,32.02
1175,Entity_1175,Mathematics,2012,38.89
1176,Entity_1176,Physics,2020,99.3
1177,Entity_1177,Physics,2011,53.52
1178,Entity_1178,ComputerScience,2019,65.35
1179,Entity_1179,Biology,2015,72.52
1180,Entity_1180,Engineering,2021,15.99
1181,Entity_1181,Biology,2019,68.97
1182,Entity_1182,Physics,2011,89.76
1183,Entity_1183,Physics,2022,13.19
1184,Entity_1184,Engineering,2016,35.8
1185,Entity_1185,Biology,2015,79.32
1186,Entity_1186,Physics,2014,64.82
1187,Entity_1187,Physics,2018,60.5
1188,Entity_1188,Engineering,2019,29.21
1189,Entity_1189,Engineering,2010,84.94
1190,Entity_1190,Engineering,2024,30.86
1191,Entity_1191,Economics,2019,51.44
1192,Entity_1192,Engineering,2016,30.26
1193,Entity_1193,ComputerScience,2022,89.89
1194,Entity_1194,Physics,2017,39.2
1195,Entity_1195,Physics,2017,64.17
1196,Entity_1196,ComputerScience,2018,88.98
1197,Entity_1197,ComputerScience,2015,93.46
1198,Entity_1198,Physics,2016,86.22
1199,Entity_1199,Economics,2016,37.18
1200,Entity_1200,Engineering,2012,76.51
1201,Entity_1201,ComputerScience,2010,59.15
1202,Entity_1202,ComputerScience,2014,22.36
1203,Entity_1203,ComputerScience,2022,40.4
1204,Entity_1204,Mathematics,2020,71.55
1205,Entity_1205,Biology,2016,70.48
1206,Entity_1206,ComputerScience,2020,54.12
1207,Entity_1207,Economics,2012,28.47
1208,Entity_1208,Mathematics,2011,51.62
1209,Entity_1209,Physics,2022,16.38
1210,Entity_1210,Mathematics,2016,59.06
1211,Entity_1211,Engineering,2020,64.67
1212,Entity_1212,Mathematics,2021,44.31
1213,Entity_1213,Physics,2010,25.2
1214,Entity_1214,Biology,2011,45.88
1215,Entity_1215,Economics,2010,31.62
1216,Entity_1216,Engineering,2020,74.33
1217,Entity_1217,ComputerScience,2010,71.08
1218,Entity_1218,Engineering,2010,17.22
1219,Entity_1219,Mathematics,2018,52.21
1220,Entity_1220,Engineering,2014,17.53
1221,Entity_1221,Physics,2021,78.33
1222,Entity_1222,Mathematics,2021,88.76
1223,Entity_1223,ComputerScience,2015,80.9
1224,Entity_1224,Mathematics,2018,7.32
1225,Entity_1225,Engineering,2019,63.13
1226,Entity_1226,Biology,2017,51.57
1227,Entity_1227,ComputerScience,2017,86.08
1228,Entity_1228,Physics,2015,16.57
1229,Entity_1229,ComputerScience,2024,57.82
1230,Entity_1230,Engineering,2011,23.61
1231,Entity_1231,Economics,2010,5.36
1232,Entity_1232,ComputerScience,2013,5.55
1233,Entity_1233,Mathematics,2016,92.1
1234,Entity_1234,Physics,2024,96.07
1235,Entity_1235,ComputerScience,2018,80.51
1236,Entity_1236,Engineering,2021,65.91
1237,Entity_1237,Physics,2015,25.58
1238,Entity_1238,Engineering,2015,27.85
1239,Entity_1239,ComputerScience,2019,37.91
1240,Entity_1240,Economics,2020,90.29
1241,Entity_1241,Physics,2013,80.63
1242,Entity_1242,ComputerScience,2016,7.82
1243,Entity_1243,Biology,2023,28.95
1244,Entity_1244,Mathematics,2015,9.55
1245,Entity_1245,Biology,2010,37.52
1246,Entity_1246,Mathematics,2019,78.67
1247,Entity_1247,Engineering,2019,25.02
1248,Entity_1248,Mathematics,2019,97.21
1249,Entity_1249,Physics,2021,90.14
1250,Entity_1250,Physics,2012,1.63
1251,Entity_1251,Biology,2010,24.07
1252,Entity_1252,Mathematics,2020,84.12
1253,Entity_1253,ComputerScience,2015,1.14
1254,Entity_1254,Engineering,2016,85.05
1255,Entity_1255,Engineering,2014,11.29
1256,Entity_1256,Economics,2013,42.56
1257,Entity_1257,ComputerScience,2012,71.45
1258,Entity_1258,ComputerScience,2010,92.21
1259,Entity_1259,Economics,2016,70.38
1260,Entity_1260,Mathematics,2017,97.48
1261,Entity_1261,ComputerScience,2019,10.46
1262,Entity_1262,Physics,2020,82.18
1263,Entity_1263,ComputerScience,2019,57.21
1264,Entity_1264,Biology,2020,96.46
1265,Entity_1265,Physics,2014,26.84
1266,Entity_1266,Mathematics,2024,80.28
1267,Entity_1267,Engineering,2023,73.8
1268,Entity_1268,Mathematics,2017,27.92
1269,Entity_1269,ComputerScience,2013,14.48
1270,Entity_1270,Economics,2011,16.39
1271,Entity_1271,Physics,2017,47.14
1272,Entity_1272,Biology,2011,54.06
1273,Entity_1273,Physics,2017,31.52
1274,Entity_1274,Mathematics,2023,12.87
1275,Entity_1275,Physics,2022,68.92
1276,Entity_1276,Engineering,2021,60.73
1277,Entity_1277,Physics,2023,85.8
1278,Entity_1278,Physics,2011,71.4
1279,Entity_1279,Mathematics,2016,51.83
1280,Entity_1280,Engineering,2014,26.76
1281,Entity_1281,Physics,2010,95.26
1282,Entity_1282,Biology,2018,75.06
1283,Entity_1283,Physics,2011,46.74
1284,Entity_1284,Physics,2011,2.18
1285,Entity_1285,Physics,2012,20.62
1286,Entity_1286,Biology,2015,68.94
1287,Entity_1287,Engineering,2011,58.65
1288,Entity_1288,Mathematics,2024,81.46
1289,Entity_1289,ComputerScience,2011,20.58
1290,Entity_1290,Engineering,2017,81.12
1291,Entity_1291,ComputerScience,2024,84.88
1292,Entity_1292,Mathematics,2011,5.23
1293,Entity_1293,Biology,2010,17.63
1294,Entity_1294,Economics,2016,82.35
1295,Entity_1295,Biology,2017,3.92
1296,Entity_1296,Engineering,2016,18.11
1297,Entity_1297,Physics,2024,19.53
1298,Entity_1298,Mathematics,2017,88.46
1299,Entity_1299,ComputerScience,2019,62.3
1300,Entity_1300,Physics,2020,30.22
1301,Entity_1301,Biology,2024,55.52
1302,Entity_1302,ComputerScience,2011,28.7
1303,Entity_1303,Physics,2016,20.75
1304,Entity_1304,Economics,2013,63.44
1305,Entity_1305,Economics,2022,2.93
1306,Entity_1306,Biology,2022,71.62
1307,Entity_1307,Biology,2018,78.36
1308,Entity_1308,Mathematics,2024,57.0
1309,Entity_1309,Mathematics,2016,27.77
1310,Entity_1310,ComputerScience,2015,60.11
1311,Entity_1311,ComputerScience,2024,81.26
1312,Entity_1312,Mathematics,2010,81.06
1313,Entity_1313,Biology,2018,36.39
1314,Entity_1314,Economics,2013,97.42
1315,Entity_1315,ComputerScience,2013,66.03
1316,Entity_1316,Mathematics,2018,81.81
1317,Entity_1317,Engineering,2010,76.64
1318,Entity_1318,Physics,2019,84.8
1319,Entity_1319,Biology,2015,93.59
1320,Entity_1320,Physics,2012,24.42
1321,Entity_1321,Mathematics,2022,74.07
1322,Entity_1322,Mathematics,2024,59.56
1323,Entity_1323,Engineering,2021,35.82
1324,Entity_1324,Economics,2019,15.07
1325,Entity_1325,Physics,2023,98.81
1326,Entity_1326,Biology,2018,31.6
1327,Entity_1327,Biology,2010,9.94
1328,Entity_1328,Physics,2019,22.66
1329,Entity_1329,Economics,2017,1.07
1330,Entity_1330,Economics,2013,80.84
1331,Entity_1331,Mathematics,2021,18.57
1332,Entity_1332,Mathematics,2010,3.17
1333,Entity_1333,Economics,2021,91.81
1334,Entity_1334,ComputerScience,2023,53.1
1335,Entity_1335,Mathematics,2011,37.99
1336,Entity_1336,Engineering,2016,59.02
1337,Entity_1337,Mathematics,2014,32.94
1338,Entity_1338,Physics,2021,94.92
1339,Entity_1339,Engineering,2017,65.27
1340,Entity_1340,Physics,2021,96.91
1341,Entity_1341,Engineering,2024,92.96
1342,Entity_1342,Mathematics,2013,66.89
1343,Entity_1343,Physics,2016,31.38
1344,Entity_1344,Engineering,2014,13.61
1345,Entity_1345,Engineering,2010,94.93
1346,Entity_1346,Economics,2016,85.22
1347,Entity_1347,Economics,2010,19.03
1348,Entity_1348,Mathematics,2024,81.07
1349,Entity_1349,Economics,2013,64.33
1350,Entity_1350,ComputerScience,2024,50.12
1351,Entity_1351,Mathematics,2021,8.7
1352,Entity_1352,Mathematics,2015,17.62
1353,Entity_1353,ComputerScience,2023,71.19
1354,Entity_1354,Engineering,2021,88.78
1355,Entity_1355,Biology,2010,27.26
1356,Entity_1356,Physics,2021,7.71
1357,Entity_1357,Mathematics,2022,11.7
1358,Entity_1358,ComputerScience,2010,39.21
1359,Entity_1359,Engineering,2016,96.94
1360,Entity_1360,Biology,2017,88.3
1361,Entity_1361,Mathematics,2018,38.16
1362,Entity_1362,Biology,2022,86.54
1363,Entity_1363,Engineering,2022,69.03
1364,Entity_1364,Physics,2017,8.3
1365,Entity_1365,ComputerScience,2014,2.99
1366,Entity_1366,Mathematics,2011,8.35
1367,Entity_1367,Physics,2024,38.17
1368,Entity_1368,Engineering,2011,55.16
1369,Entity_1369,ComputerScience,2015,59.81
1370,Entity_1370,Economics,2024,48.79
1371,Entity_1371,ComputerScience,2016,94.3
1372,Entity_1372,Physics,2019,89.09
1373,Entity_1373,Physics,2010,11.02
1374,Entity_1374,Physics,2013,41.52
1375,Entity_1375,Economics,2021,92.63
1376,Entity_1376,Economics,2014,66.4
1377,Entity_1377,Mathematics,2013,10.5
1378,Entity_1378,Biology,2019,55.42
1379,Entity_1379,Biology,2012,6.4
1380,Entity_1380,ComputerScience,2016,9.68
1381,Entity_1381,Engineering,2020,60.42
1382,Entity_1382,Physics,2011,3.55
1383,Entity_1383,Physics,2020,29.89
1384,Entity_1384,ComputerScience,2017,84.53
1385,Entity_1385,Mathematics,2022,40.35
1386,Entity_1386,Biology,2024,66.44
1387,Entity_1387,ComputerScience,2020,54.87
1388,Entity_1388,Physics,2015,88.66
1389,Entity_1389,Mathematics,2012,45.13
1390,Entity_1390,Mathematics,2017,47.04
1391,Entity_1391,Physics,2023,27.59
1392,Entity_1392,ComputerScience,2012,75.47
1393,Entity_1393,Engineering,2011,9.49
1394,Entity_1394,Mathematics,2022,54.6
1395,Entity_1395,Economics,2013,55.81
1396,Entity_1396,Biology,2023,52.74
1397,Entity_1397,Economics,2020,86.82
1398,Entity_1398,Biology,2019,88.28
1399,Entity_1399,Biology,2014,8.82
1400,Entity_1400,Engineering,2010,50.71
1401,Entity_1401,Economics,2022,57.58
1402,Entity_1402,Economics,2012,12.91
1403,Entity_1403,Biology,2012,94.96
1404,Entity_1404,Physics,2013,81.04
1405,Entity_1405,Physics,2010,42.91
1406,Entity_1406,Engineering,2016,20.99
1407,Entity_1407,Engineering,2012,83.58
1408,Entity_1408,Mathematics,2015,91.17
1409,Entity_1409,ComputerScience,2011,39.42
1410,Entity_1410,Biology,2018,33.29
1411,Entity_1411,Mathematics,2018,46.36
1412,Entity_1412,ComputerScience,2022,70.34
1413,Entity_1413,Economics,2018,78.39
1414,Entity_1414,ComputerScience,2016,15.81
1415,Entity_1415,Economics,2019,58.69
1416,Entity_1416,ComputerScience,2024,11.46
1417,Entity_1417,ComputerScience,2022,29.32
1418,Entity_1418,Economics,2024,35.04
1419,Entity_1419,Biology,2014,38.92
1420,Entity_1420,Biology,2019,61.29
1421,Entity_1421,ComputerScience,2012,28.27
1422,Entity_1422,Physics,2019,61.26
1423,Entity_1423,Engineering,2016,4.84
1424,Entity_1424,Mathematics,2021,24.52
1425,Entity_1425,Engineering,2017,92.16
1426,Entity_1426,Mathematics,2010,34.45
1427,Entity_1427,Mathematics,2014,28.75
1428,Entity_1428,Biology,2023,69.92
1429,Entity_1429,ComputerScience,2023,23.57
1430,Entity_1430,Mathematics,2021,44.87
1431,Entity_1431,Mathematics,2014,73.15
1432,Entity_1432,Economics,2020,9.84
1433,Entity_1433,Biology,2013,91.43
1434,Entity_1434,Biology,2021,48.96
1435,Entity_1435,Economics,2023,38.02
1436,Entity_1436,ComputerScience,2018,79.36
1437,Entity_1437,ComputerScience,2014,71.25
1438,Entity_1438,Biology,2012,78.27
1439,Entity_1439,Economics,2024,57.3
1440,Entity_1440,Physics,2013,87.64
1441,Entity_1441,Physics,2023,6.71
1442,Entity_1442,ComputerScience,2017,6.01
1443,Entity_1443,Mathematics,2021,20.71
1444,Entity_1444,Mathematics,2023,46.96
1445,Entity_1445,Biology,2020,92.38
1446,Entity_1446,Engineering,2010,24.95
1447,Entity_1447,Biology,2019,45.16
1448,Entity_1448,Biology,2019,55.58
1449,Entity_1449,Mathematics,2012,83.93
1450,Entity_1450,Mathematics,2021,83.26
1451,Entity_1451,ComputerScience,2014,3.72
1452,Entity_1452,ComputerScience,2012,85.53
1453,Entity_1453,Physics,2023,22.91
1454,Entity_1454,Physics,2020,21.47
1455,Entity_1455,Engineering,2016,51.81
1456,Entity_1456,Engineering,2010,47.94
1457,Entity_1457,Physics,2020,18.15
1458,Entity_1458,ComputerScience,2013,25.99
1459,Entity_1459,Mathematics,2021,96.74
1460,Entity_1460,Engineering,2014,42.96
1461,Entity_1461,Biology,2023,35.52
1462,Entity_1462,Mathematics,2013,47.2
1463,Entity_1463,Engineering,2018,82.61
1464,Entity_1464,Biology,2019,11.13
1465,Entity_1465,Economics,2020,96.68
1466,Entity_1466,Mathematics,2018,65.09
1467,Entity_1467,Economics,2014,30.55
1468,Entity_1468,ComputerScience,2017,7.32
1469,Entity_1469,Mathematics,2020,33.19
1470,Entity_1470,Mathematics,2014,65.96
1471,Entity_1471,Engineering,2014,19.65
1472,Entity_1472,Economics,2022,24.79
1473,Entity_1473,ComputerScience,2022,85.87
1474,Entity_1474,Economics,2016,66.39
1475,Entity_1475,Engineering,2012,72.41
1476,Entity_1476,Engineering,2017,99.75
1477,Entity_1477,Mathematics,2024,42.44
1478,Entity_1478,Biology,2021,4.5
1479,Entity_1479,Engineering,2019,81.79
1480,Entity_1480,Mathematics,2021,71.62
1481,Entity_1481,Engineering,2018,64.19
1482,Entity_1482,Biology,2024,94.13
1483,Entity_1483,Mathematics,2018,30.72
1484,Entity_1484,Physics,2023,66.1
1485,Entity_1485,Economics,2012,30.08
1486,Entity_1486,Biology,2012,74.35
1487,Entity_1487,Engineering,2022,56.34
1488,Entity_1488,Physics,2020,90.06
1489,Entity_1489,Engineering,2011,23.0
1490,Entity_1490,Physics,2021,87.27
1491,Entity_1491,Biology,2022,88.8
1492,Entity_1492,Mathematics,2014,58.97
1493,Entity_1493,Biology,2023,12.66
1494,Entity_1494,ComputerScience,2023,63.81
1495,Entity_1495,Economics,2019,8.05
1496,Entity_1496,Physics,2018,12.86
1497,Entity_1497,Engineering,2016,53.45
1498,Entity_1498,Biology,2010,87.21
1499,Entity_1499,Physics,2012,99.24
1500,Entity_1500,Mathematics,2016,98.73
1501,Entity_1501,Biology,2012,32.32
1502,Entity_1502,Engineering,2012,78.12
1503,Entity_1503,Biology,2015,63.47
1504,Entity_1504,Physics,2015,63.82
1505,Entity_1505,ComputerScience,2017,28.08
1506,Entity_1506,Physics,2019,76.68
1507,Entity_1507,Biology,2022,76.59
1508,Entity_1508,ComputerScience,2012,61.83
1509,Entity_1509,Engineering,2016,40.94
1510,Entity_1510,Biology,2016,1.46
1511,Entity_1511,Economics,2013,73.34
1512,Entity_1512,ComputerScience,2024,32.9
1513,Entity_1513,Economics,2013,2.77
1514,Entity_1514,ComputerScience,2020,73.63
1515,Entity_1515,Physics,2021,87.82
1516,Entity_1516,Mathematics,2012,11.17
1517,Entity_1517,Economics,2019,31.31
1518,Entity_1518,ComputerScience,2023,5.53
1519,Entity_1519,Mathematics,2017,73.06
1520,Entity_1520,Economics,2018,34.45
1521,Entity_1521,Engineering,2012,34.93
1522,Entity_1522,Biology,2015,75.26
1523,Entity_1523,Physics,2024,91.9
1524,Entity_1524,Biology,2010,23.61
1525,Entity_1525,Engineering,2012,21.91
1526,Entity_1526,ComputerScience,2019,50.96
1527,Entity_1527,ComputerScience,2015,71.4
1528,Entity_1528,ComputerScience,2016,87.78
1529,Entity_1529,Mathematics,2022,53.94
1530,Entity_1530,ComputerScience,2019,99.47
1531,Entity_1531,Engineering,2011,65.7
1532,Entity_1532,ComputerScience,2010,69.29
1533,Entity_1533,Biology,2017,38.65
1534,Entity_1534,Economics,2014,47.97
1535,Entity_1535,Physics,2013,69.82
1536,Entity_1536,Engineering,2010,30.81
1537,Entity_1537,Engineering,2011,66.59
1538,Entity_1538,Mathematics,2019,60.96
1539,Entity_1539,Physics,2016,83.23
1540,Entity_1540,ComputerScience,2018,72.16
1541,Entity_1541,ComputerScience,2014,12.29
1542,Entity_1542,ComputerScience,2017,20.67
1543,Entity_1543,Physics,2022,27.04
1544,Entity_1544,Economics,2013,36.43
1545,Entity_1545,Biology,2014,16.88
1546,Entity_1546,Economics,2017,91.13
1547,Entity_1547,Engineering,2024,48.59
1548,Entity_1548,Physics,2010,2.26
1549,Entity_1549,ComputerScience,2024,11.93
1550,Entity_1550,Economics,2020,49.92
1551,Entity_1551,ComputerScience,2022,51.66
1552,Entity_1552,Engineering,2021,11.03
1553,Entity_1553,Mathematics,2020,23.88
1554,Entity_1554,Mathematics,2014,46.96
1555,Entity_1555,ComputerScience,2023,18.3
1556,Entity_1556,ComputerScience,2023,29.77
1557,Entity_1557,Engineering,2015,43.17
1558,Entity_1558,ComputerScience,2011,85.27
1559,Entity_1559,ComputerScience,2010,85.35
1560,Entity_1560,Engineering,2020,17.88
1561,Entity_1561,Mathematics,2024,44.33
1562,Entity_1562,Economics,2014,87.97
1563,Entity_1563,ComputerScience,2015,81.68
1564,Entity_1564,Physics,2011,40.68
1565,Entity_1565,Biology,2014,83.74
1566,Entity_1566,Engineering,2023,48.35
1567,Entity_1567,Biology,2020,88.73
1568,Entity_1568,Physics,2011,14.12
1569,Entity_1569,Engineering,2010,98.18
1570,Entity_1570,Physics,2011,42.19
1571,Entity_1571,Economics,2017,80.42
1572,Entity_1572,Engineering,2017,18.94
1573,Entity_1573,Biology,2022,36.5
1574,Entity_1574,ComputerScience,2023,68.76
1575,Entity_1575,Engineering,2024,13.93
1576,Entity_1576,Biology,2011,88.87
1577,Entity_1577,Biology,2010,7.27
1578,Entity_1578,Engineering,2015,2.22
1579,Entity_1579,Engineering,2018,76.99
1580,Entity_1580,Economics,2021,56.94
1581,Entity_1581,Engineering,2023,34.49
1582,Entity_1582,Economics,2021,70.36
1583,Entity_1583,ComputerScience,2016,66.51
1584,Entity_1584,Physics,2017,35.23
1585,Entity_1585,Engineering,2020,39.1
1586,Entity_1586,Economics,2024,98.79
1587,Entity_1587,ComputerScience,2010,64.7
1588,Entity_1588,Physics,2018,85.04
1589,Entity_1589,Biology,2023,17.37
1590,Entity_1590,Biology,2015,24.85
1591,Entity_1591,Mathematics,2010,51.19
1592,Entity_1592,Economics,2020,38.49
1593,Entity_1593,Physics,2011,46.45
1594,Entity_1594,Economics,2017,9.71
1595,Entity_1595,Biology,2017,32.29
1596,Entity_1596,Biology,2021,65.68
1597,Entity_1597,ComputerScience,2016,41.82
1598,Entity_1598,Economics,2018,1.02
1599,Entity_1599,ComputerScience,2022,60.82
1600,Entity_1600,Economics,2020,31.16
1601,Entity_1601,Economics,2018,21.48
1602,Entity_1602,Engineering,2017,95.09
1603,Entity_1603,Mathematics,2023,6.37
1604,Entity_1604,Physics,2023,45.99
1605,Entity_1605,Economics,2022,62.36
1606,Entity_1606,Biology,2021,66.06
1607,Entity_1607,Engineering,2017,12.29
1608,Entity_1608,Engineering,2013,1.22
1609,Entity_1609,Mathematics,2023,63.73
1610,Entity_1610,Mathematics,2018,52.68
1611,Entity_1611,Engineering,2011,5.53
1612,Entity_1612,Physics,2017,14.9
1613,Entity_1613,Engineering,2021,72.43
1614,Entity_1614,ComputerScience,2014,61.47
1615,Entity_1615,Physics,2011,93.09
1616,Entity_1616,Biology,2013,46.25
1617,Entity_1617,Physics,2021,34.46
1618,Entity_1618,Biology,2010,92.74
1619,Entity_1619,Engineering,2019,13.2
1620,Entity_1620,Biology,2017,66.19
1621,Entity_1621,Economics,2012,96.42
1622,Entity_1622,ComputerScience,2018,73.89
1623,Entity_1623,Economics,2024,43.85
1624,Entity_1624,Economics,2017,92.51
1625,Entity_1625,Physics,2021,58.28
1626,Entity_1626,Engineering,2023,13.71
1627,Entity_1627,Biology,2020,60.45
1628,Entity_1628,Mathematics,2018,88.26
1629,Entity_1629,Biology,2019,91.68
1630,Entity_1630,Physics,2014,40.39
1631,Entity_1631,Mathematics,2014,45.83
1632,Entity_1632,Physics,2012,41.86
1633,Entity_1633,Engineering,2024,75.09
1634,Entity_1634,Mathematics,2023,70.45
1635,Entity_1635,Mathematics,2021,73.95
1636,Entity_1636,Economics,2020,22.52
1637,Entity_1637,Physics,2019,71.72
1638,Entity_1638,Engineering,2015,92.2
1639,Entity_1639,Physics,2021,65.36
1640,Entity_1640,Physics,2018,54.71
1641,Entity_1641,Engineering,2015,71.32
1642,Entity_1642,Mathematics,2018,48.56
1643,Entity_1643,Economics,2020,71.3
1644,Entity_1644,Engineering,2021,89.49
1645,Entity_1645,Economics,2014,87.87
1646,Entity_1646,Biology,2022,2.26
1647,Entity_1647,ComputerScience,2010,38.71
1648,Entity_1648,ComputerScience,2020,6.6
1649,Entity_1649,Mathematics,2022,78.77
1650,Entity_1650,Mathematics,2020,25.81
1651,Entity_1651,ComputerScience,2021,78.65
1652,Entity_1652,Physics,2022,54.58
1653,Entity_1653,Mathematics,2023,45.81
1654,Entity_1654,Economics,2023,67.88
1655,Entity_1655,Economics,2023,23.21
1656,Entity_1656,Engineering,2018,39.5
1657,Entity_1657,Economics,2022,79.89
1658,Entity_1658,Engineering,2014,69.6
1659,Entity_1659,ComputerScience,2024,38.78
1660,Entity_1660,Biology,2022,97.61
1661,Entity_1661,Mathematics,2018,6.33
1662,Entity_1662,Engineering,2014,21.11
1663,Entity_1663,Biology,2023,23.33
1664,Entity_1664,Engineering,2021,71.24
1665,Entity_1665,Mathematics,2022,59.25
1666,Entity_1666,Engineering,2019,20.45
1667,Entity_1667,Engineering,2013,30.12
1668,Entity_1668,Physics,2020,8.37
1669,Entity_1669,Physics,2021,51.87
1670,Entity_1670,Biology,2010,43.42
1671,Entity_1671,Economics,2014,13.88
1672,Entity_1672,Economics,2023,26.25
1673,Entity_1673,Mathematics,2017,71.26
1674,Entity_1674,Physics,2010,16.22
1675,Entity_1675,Mathematics,2019,6.03
1676,Entity_1676,Engineering,2019,84.47
1677,Entity_1677,Mathematics,2017,79.2
1678,Entity_1678,Economics,2015,8.22
1679,Entity_1679,Engineering,2015,53.01
1680,Entity_1680,Physics,2018,7.75
1681,Entity_1681,Economics,2012,42.18
1682,Entity_1682,Economics,2016,10.1
1683,Entity_1683,Physics,2024,22.12
1684,Entity_1684,Mathematics,2015,36.72
1685,Entity_1685,Physics,2022,62.21
1686,Entity_1686,Biology,2018,82.55
1687,Entity_1687,Engineering,2010,12.36
1688,Entity_1688,Mathematics,2017,24.79
1689,Entity_1689,Engineering,2019,91.94
1690,Entity_1690,Physics,2010,68.57
1691,Entity_1691,Mathematics,2016,91.68
1692,Entity_1692,ComputerScience,2016,26.4
1693,Entity_1693,Engineering,2014,3.45
1694,Entity_1694,Economics,2023,77.28
1695,Entity_1695,Economics,2022,51.36
1696,Entity_1696,Biology,2010,30.35
1697,Entity_1697,Engineering,2013,32.71
1698,Entity_1698,ComputerScience,2011,17.57
1699,Entity_1699,Economics,2018,1.73
1700,Entity_1700,ComputerScience,2013,67.36
1701,Entity_1701,Physics,2023,68.86
1702,Entity_1702,ComputerScience,2013,54.24
1703,Entity_1703,Engineering,2024,97.65
1704,Entity_1704,Biology,2020,81.86
1705,Entity_1705,ComputerScience,2021,68.92
1706,Entity_1706,ComputerScience,2017,71.97
1707,Entity_1707,ComputerScience,2011,8.25
1708,Entity_1708,Physics,2022,25.94
1709,Entity_1709,ComputerScience,2019,82.34
1710,Entity_1710,Mathematics,2016,39.42
1711,Entity_1711,Engineering,2016,43.87
1712,Entity_1712,ComputerScience,2016,67.66
1713,Entity_1713,Economics,2010,64.5
1714,Entity_1714,Economics,2011,75.84
1715,Entity_1715,Economics,2010,70.39
1716,Entity_1716,ComputerScience,2015,92.88
1717,Entity_1717,ComputerScience,2014,78.9
1718,Entity_1718,Mathematics,2019,9.56
1719,Entity_1719,Biology,2016,40.12
1720,Entity_1720,Engineering,2010,47.92
1721,Entity_1721,Economics,2013,14.5
1722,Entity_1722,Biology,2022,79.95
1723,Entity_1723,Economics,2014,96.05
1724,Entity_1724,Physics,2014,68.05
1725,Entity_1725,Engineering,2020,37.94
1726,Entity_1726,ComputerScience,2018,87.6
1727,Entity_1727,Physics,2011,5.14
1728,Entity_1728,Economics,2019,40.01
1729,Entity_1729,Economics,2011,31.16
1730,Entity_1730,Engineering,2021,90.45
1731,Entity_1731,Mathematics,2013,41.85
1732,Entity_1732,Engineering,2023,51.74
1733,Entity_1733,Physics,2012,22.86
1734,Entity_1734,Mathematics,2013,12.35
1735,Entity_1735,Engineering,2022,57.16
1736,Entity_1736,ComputerScience,2023,75.35
1737,Entity_1737,Economics,2017,64.82
1738,Entity_1738,ComputerScience,2014,67.5
1739,Entity_1739,Mathematics,2011,20.54
1740,Entity_1740,Economics,2017,95.2
1741,Entity_1741,Mathematics,2012,67.46
1742,Entity_1742,Physics,2011,29.23
1743,Entity_1743,ComputerScience,2024,20.16
1744,Entity_1744,Biology,2017,33.51
1745,Entity_1745,Engineering,2014,69.65
1746,Entity_1746,Physics,2019,57.12
1747,Entity_1747,Mathematics,2016,17.7
1748,Entity_1748,Mathematics,2013,78.78
1749,Entity_1749,Engineering,2021,64.44
1750,Entity_1750,Mathematics,2023,36.59
1751,Entity_1751,Engineering,2021,33.82
1752,Entity_1752,Biology,2017,45.09
1753,Entity_1753,Mathematics,2017,55.62
1754,Entity_1754,Physics,2020,61.06
1755,Entity_1755,Mathematics,2023,82.82
1756,Entity_1756,Economics,2013,27.06
1757,Entity_1757,Engineering,2011,73.02
1758,Entity_1758,ComputerScience,2023,51.21
1759,Entity_1759,ComputerScience,2023,58.61
1760,Entity_1760,Biology,2022,59.41
1761,Entity_1761,ComputerScience,2018,26.8
1762,Entity_1762,Economics,2017,65.74
1763,Entity_1763,Physics,2015,39.86
1764,Entity_1764,Economics,2021,85.86
1765,Entity_1765,Physics,2017,50.61
1766,Entity_1766,ComputerScience,2016,37.02
1767,Entity_1767,ComputerScience,2020,24.65
1768,Entity_1768,Economics,2020,17.42
1769,Entity_1769,Economics,2012,45.18
1770,Entity_1770,Physics,2019,94.92
1771,Entity_1771,Engineering,2023,96.81
1772,Entity_1772,Engineering,2021,48.87
1773,Entity_1773,Mathematics,2010,22.66
1774,Entity_1774,Biology,2013,7.22
1775,Entity_1775,Mathematics,2013,5.24
1776,Entity_1776,Physics,2018,90.86
1777,Entity_1777,Mathematics,2016,47.5
1778,Entity_1778,Biology,2024,5.6
1779,Entity_1779,Engineering,2015,11.22
1780,Entity_1780,Economics,2020,83.14
1781,Entity_1781,Engineering,2014,58.28
1782,Entity_1782,Economics,2012,38.29
1783,Entity_1783,Biology,2015,59.18
1784,Entity_1784,ComputerScience,2018,25.91
1785,Entity_1785,Physics,2018,41.18
1786,Entity_1786,Mathematics,2017,79.47
1787,Entity_1787,Economics,2010,50.68
1788,Entity_1788,Physics,2017,17.39
1789,Entity_1789,ComputerScience,2018,64.7
1790,Entity_1790,Physics,2012,19.5
1791,Entity_1791,Mathematics,2019,72.01
1792,Entity_1792,ComputerScience,2020,23.8
1793,Entity_1793,Mathematics,2021,12.22
1794,Entity_1794,Engineering,2017,48.42
1795,Entity_1795,Economics,2012,65.08
1796,Entity_1796,Biology,2010,25.12
1797,Entity_1797,Physics,2019,59.64
1798,Entity_1798,Physics,2020,51.75
1799,Entity_1799,Economics,2012,6.54
1800,Entity_1800,Mathematics,2024,18.82
1801,Entity_1801,Biology,2019,96.96
1802,Entity_1802,Engineering,2010,87.97
1803,Entity_1803,Engineering,2020,82.31
1804,Entity_1804,ComputerScience,2013,45.47
1805,Entity_1805,Biology,2023,48.69
1806,Entity_1806,Physics,2023,41.67
1807,Entity_1807,Physics,2022,58.68
1808,Entity_1808,Physics,2019,66.31
1809,Entity_1809,Mathematics,2012,72.69
1810,Entity_1810,Mathematics,2024,45.89
1811,Entity_1811,Economics,2011,23.75
1812,Entity_1812,Biology,2012,11.75
1813,Entity_1813,Physics,2018,86.1
1814,Entity_1814,Economics,2020,42.56
1815,Entity_1815,Physics,2019,10.53
1816,Entity_1816,Biology,2024,61.86
1817,Entity_1817,ComputerScience,2024,78.6
1818,Entity_1818,Economics,2022,12.63
1819,Entity_1819,Biology,2020,13.9
1820,Entity_1820,Economics,2018,82.92
1821,Entity_1821,Engineering,2020,43.72
1822,Entity_1822,Biology,2015,87.61
1823,Entity_1823,Engineering,2018,43.47
1824,Entity_1824,Biology,2022,77.1
1825,Entity_1825,Mathematics,2019,80.66
1826,Entity_1826,Engineering,2019,10.67
1827,Entity_1827,Physics,2014,48.24
1828,Entity_1828,Physics,2024,86.05
1829,Entity_1829,Mathematics,2019,87.8
1830,Entity_1830,Biology,2014,19.71
1831,Entity_1831,Engineering,2021,79.15
1832,Entity_1832,Economics,2018,12.67
1833,Entity_1833,ComputerScience,2016,65.8
1834,Entity_1834,Engineering,2022,32.27
1835,Entity_1835,Mathematics,2011,16.32
1836,Entity_1836,Engineering,2019,26.11
1837,Entity_1837,Economics,2016,56.9
1838,Entity_1838,Economics,2014,99.19
1839,Entity_1839,Biology,2022,21.17
1840,Entity_1840,Economics,2022,56.2
1841,Entity_1841,Physics,2015,56.35
1842,Entity_1842,Biology,2014,98.86
1843,Entity_1843,Economics,2015,77.65
1844,Entity_1844,Biology,2021,14.67
1845,Entity_1845,Engineering,2011,75.03
1846,Entity_1846,Biology,2022,70.23
1847,Entity_1847,Physics,2011,22.23
1848,Entity_1848,Biology,2022,34.51
1849,Entity_1849,Economics,2019,70.01
1850,Entity_1850,Engineering,2010,16.91
1851,Entity_1851,Engineering,2010,80.63
1852,Entity_1852,Physics,2017,92.66
1853,Entity_1853,Biology,2011,7.34
1854,Entity_1854,Physics,2015,8.92
1855,Entity_1855,ComputerScience,2021,39.05
1856,Entity_1856,Biology,2019,65.96
1857,Entity_1857,Mathematics,2021,96.39
1858,Entity_1858,ComputerScience,2022,82.2
1859,Entity_1859,Engineering,2017,44.46
1860,Entity_1860,Physics,2023,66.03
1861,Entity_1861,Economics,2014,20.28
1862,Entity_1862,Economics,2018,52.07
1863,Entity_1863,Physics,2019,17.78
1864,Entity_1864,ComputerScience,2015,24.69
1865,Entity_1865,ComputerScience,2012,9.6
1866,Entity_1866,Mathematics,2022,40.54
1867,Entity_1867,Engineering,2016,41.14
1868,Entity_1868,Physics,2018,2.52
1869,Entity_1869,Engineering,2011,92.0
1870,Entity_1870,Economics,2014,72.89
1871,Entity_1871,Economics,2024,58.71
1872,Entity_1872,Mathematics,2023,28.37
1873,Entity_1873,Economics,2013,46.02
1874,Entity_1874,Biology,2019,1.46
1875,Entity_1875,Physics,2016,51.12
1876,Entity_1876,Economics,2011,50.81
1877,Entity_1877,Mathematics,2011,80.49
1878,Entity_1878,Mathematics,2024,54.25
1879,Entity_1879,Economics,2014,69.72
1880,Entity_1880,Biology,2019,48.88
1881,Entity_1881,Physics,2022,34.63
1882,Entity_1882,Biology,2020,46.61
1883,Entity_1883,Economics,2023,3.71
1884,Entity_1884,ComputerScience,2014,7.69
1885,Entity_1885,Engineering,2022,99.43
1886,Entity_1886,Engineering,2021,23.76
1887,Entity_1887,Mathematics,2016,95.59
1888,Entity_1888,Economics,2018,1.96
1889,Entity_1889,Mathematics,2013,29.44
1890,Entity_1890,Biology,2020,75.13
1891,Entity_1891,Mathematics,2011,55.9
1892,Entity_1892,Physics,2017,32.07
1893,Entity_1893,Physics,2024,57.8
1894,Entity_1894,Physics,2021,68.63
1895,Entity_1895,Physics,2017,73.97
1896,Entity_1896,Physics,2021,24.96
1897,Entity_1897,Mathematics,2013,23.69
1898,Entity_1898,Physics,2023,62.24
1899,Entity_1899,Physics,2022,11.56
1900,Entity_1900,ComputerScience,2020,95.62
1901,Entity_1901,Biology,2019,1.66
1902,Entity_1902,Economics,2010,84.95
1903,Entity_1903,Mathematics,2019,32.23
1904,Entity_1904,Economics,2023,28.2
1905,Entity_1905,Physics,2022,91.68
1906,Entity_1906,Mathematics,2016,22.99
1907,Entity_1907,Economics,2012,6.36
1908,Entity_1908,Biology,2017,94.03
1909,Entity_1909,ComputerScience,2018,35.38
1910,Entity_1910,Engineering,2022,18.31
1911,Entity_1911,ComputerScience,2021,52.3
1912,Entity_1912,Mathematics,2021,1.83
1913,Entity_1913,Engineering,2013,38.56
1914,Entity_1914,ComputerScience,2015,36.8
1915,Entity_1915,Mathematics,2012,55.31
1916,Entity_1916,Physics,2014,47.66
1917,Entity_1917,Economics,2015,37.23
1918,Entity_1918,Biology,2016,21.84
1919,Entity_1919,Engineering,2022,37.86
1920,Entity_1920,Biology,2014,45.62
1921,Entity_1921,Economics,2012,97.95
1922,Entity_1922,Engineering,2013,81.6
1923,Entity_1923,Engineering,2014,80.6
1924,Entity_1924,Economics,2016,85.77
1925,Entity_1925,Physics,2012,80.2
1926,Entity_1926,Engineering,2012,47.83
1927,Entity_1927,ComputerScience,2012,42.73
1928,Entity_1928,Physics,2024,85.09
1929,Entity_1929,Economics,2018,72.34
1930,Entity_1930,Biology,2014,25.85
1931,Entity_1931,Economics,2010,40.44
1932,Entity_1932,Engineering,2012,6.94
1933,Entity_1933,Mathematics,2017,84.06
1934,Entity_1934,ComputerScience,2017,74.71
1935,Entity_1935,Mathematics,2015,36.67
1936,Entity_1936,Economics,2024,81.19
1937,Entity_1937,Mathematics,2010,41.76
1938,Entity_1938,Mathematics,2023,68.28
1939,Entity_1939,Economics,2013,58.11
1940,Entity_1940,Engineering,2020,54.31
1941,Entity_1941,Mathematics,2015,33.18
1942,Entity_1942,Economics,2017,77.7
1943,Entity_1943,Biology,2024,8.76
1944,Entity_1944,Economics,2014,46.91
1945,Entity_1945,Physics,2023,17.59
1946,Entity_1946,Mathematics,2016,63.5
1947,Entity_1947,Economics,2016,85.04
1948,Entity_1948,ComputerScience,2011,17.04
1949,Entity_1949,Physics,2015,32.37
1950,Entity_1950,Mathematics,2021,27.48
1951,Entity_1951,Engineering,2016,27.85
1952,Entity_1952,Biology,2022,86.42
1953,Entity_1953,Mathematics,2021,59.11
1954,Entity_1954,Biology,2016,17.56
1955,Entity_1955,ComputerScience,2012,73.05
1956,Entity_1956,Engineering,2014,94.1
1957,Entity_1957,Engineering,2021,8.93
1958,Entity_1958,Physics,2016,11.2
1959,Entity_1959,ComputerScience,2024,87.99
1960,Entity_1960,Economics,2010,3.61
1961,Entity_1961,Biology,2018,76.73
1962,Entity_1962,ComputerScience,2011,26.98
1963,Entity_1963,Physics,2011,65.83
1964,Entity_1964,Biology,2014,23.71
1965,Entity_1965,Engineering,2014,44.87
1966,Entity_1966,Physics,2012,53.15
1967,Entity_1967,Physics,2010,4.48
1968,Entity_1968,Mathematics,2023,91.61
1969,Entity_1969,Biology,2017,97.52
1970,Entity_1970,Economics,2024,27.97
1971,Entity_1971,Biology,2012,96.98
1972,Entity_1972,Engineering,2018,18.53
1973,Entity_1973,Economics,2017,63.47
1974,Entity_1974,Engineering,2024,56.83
1975,Entity_1975,Economics,2020,64.31
1976,Entity_1976,Mathematics,2024,35.37
1977,Entity_1977,Economics,2013,80.67
1978,Entity_1978,Biology,2014,37.21
1979,Entity_1979,Mathematics,2012,31.05
1980,Entity_1980,ComputerScience,2018,81.72
1981,Entity_1981,Physics,2015,29.39
1982,Entity_1982,Economics,2010,69.09
1983,Entity_1983,Biology,2022,48.23
1984,Entity_1984,ComputerScience,2022,43.61
1985,Entity_1985,Mathematics,2019,23.89
1986,Entity_1986,ComputerScience,2018,37.99
1987,Entity_1987,Biology,2024,56.49
1988,Entity_1988,Biology,2013,17.16
1989,Entity_1989,Engineering,2020,39.58
1990,Entity_1990,Biology,2013,27.04
1991,Entity_1991,Biology,2020,24.72
1992,Entity_1992,Economics,2022,69.7
1993,Entity_1993,Mathematics,2014,65.2
1994,Entity_1994,Economics,2022,27.61
1995,Entity_1995,Physics,2023,7.78
1996,Entity_1996,Physics,2014,11.93
1997,Entity_1997,Biology,2019,45.82
1998,Entity_1998,Engineering,2019,49.71
1999,Entity_1999,Mathematics,2010,16.06
2000,Entity_2000,Economics,2010,19.41
2001,Entity_2001,ComputerScience,2014,27.65
2002,Entity_2002,Engineering,2017,72.98
2003,Entity_2003,Physics,2011,15.92
2004,Entity_2004,Biology,2013,34.85
2005,Entity_2005,Mathematics,2022,80.15
2006,Entity_2006,Mathematics,2017,70.0
2007,Entity_2007,ComputerScience,2015,8.94
2008,Entity_2008,Physics,2010,27.38
2009,Entity_2009,Biology,2011,54.78
2010,Entity_2010,Physics,2013,89.67
2011,Entity_2011,Mathematics,2023,38.78
2012,Entity_2012,ComputerScience,2011,97.49
2013,Entity_2013,Engineering,2013,39.09
2014,Entity_2014,Biology,2013,74.02
2015,Entity_2015,ComputerScience,2013,46.62
2016,Entity_2016,ComputerScience,2018,66.93
2017,Entity_2017,Physics,2017,39.52
2018,Entity_2018,Mathematics,2024,32.98
2019,Entity_2019,Engineering,2021,5.18
2020,Entity_2020,Economics,2018,13.09
2021,Entity_2021,Biology,2020,30.58
2022,Entity_2022,Mathematics,2024,6.16
2023,Entity_2023,Engineering,2013,97.35
2024,Entity_2024,Physics,2020,43.98
2025,Entity_2025,ComputerScience,2012,79.64
2026,Entity_2026,Economics,2011,40.19
2027,Entity_2027,Physics,2010,96.91
2028,Entity_2028,Economics,2022,69.38
2029,Entity_2029,Engineering,2019,16.34
2030,Entity_2030,ComputerScience,2013,16.61
2031,Entity_2031,ComputerScience,2020,62.25
2032,Entity_2032,Engineering,2010,6.92
2033,Entity_2033,Engineering,2012,70.43
2034,Entity_2034,ComputerScience,2012,49.3
2035,Entity_2035,Mathematics,2018,79.07
2036,Entity_2036,Mathematics,2022,89.29
2037,Entity_2037,Engineering,2013,3.11
2038,Entity_2038,Biology,2015,72.72
2039,Entity_2039,Mathematics,2024,4.91
2040,Entity_2040,Engineering,2017,56.34
2041,Entity_2041,Economics,2021,49.52
2042,Entity_2042,Economics,2012,54.82
2043,Entity_2043,Mathematics,2021,47.37
2044,Entity_2044,Economics,2024,86.2
2045,Entity_2045,Physics,2011,53.58
2046,Entity_2046,Biology,2014,82.12
2047,Entity_2047,Economics,2015,45.95
2048,Entity_2048,Engineering,2018,38.53
2049,Entity_2049,Physics,2024,2.85
2050,Entity_2050,Mathematics,2022,62.4
2051,Entity_2051,Mathematics,2021,7.27
2052,Entity_2052,Economics,2023,39.36
2053,Entity_2053,Economics,2020,50.26
2054,Entity_2054,Economics,2012,61.69
2055,Entity_2055,Mathematics,2016,64.45
2056,Entity_2056,ComputerScience,2011,52.8
2057,Entity_2057,ComputerScience,2010,83.68
2058,Entity_2058,Physics,2012,87.48
2059,Entity_2059,Physics,2011,49.05
2060,Entity_2060,ComputerScience,2010,57.53
2061,Entity_2061,Biology,2020,49.5
2062,Entity_2062,Economics,2021,59.44
2063,Entity_2063,ComputerScience,2015,22.85
2064,Entity_2064,Engineering,2011,2.3
2065,Entity_2065,Physics,2020,49.65
2066,Entity_2066,ComputerScience,2017,80.3
2067,Entity_2067,ComputerScience,2015,56.24
2068,Entity_2068,Biology,2023,37.54
2069,Entity_2069,Engineering,2010,82.54
2070,Entity_2070,Mathematics,2018,5.02
2071,Entity_2071,ComputerScience,2023,31.09
2072,Entity_2072,Physics,2018,10.61
2073,Entity_2073,Engineering,2013,53.63
2074,Entity_2074,Physics,2013,53.09
2075,Entity_2075,Physics,2019,62.91
2076,Entity_2076,Physics,2018,75.17
2077,Entity_2077,Biology,2021,11.45
2078,Entity_2078,Engineering,2019,36.44
2079,Entity_2079,Biology,2021,66.86
2080,Entity_2080,ComputerScience,2012,79.45
2081,Entity_2081,Economics,2016,50.96
2082,Entity_2082,Engineering,2012,53.86
2083,Entity_2083,Economics,2017,93.42
2084,Entity_2084,Mathematics,2018,99.15
2085,Entity_2085,Mathematics,2023,37.8
2086,Entity_2086,Engineering,2016,82.79
2087,Entity_2087,Mathematics,2019,24.83
2088,Entity_2088,Economics,2013,38.13
2089,Entity_2089,Economics,2024,74.71
2090,Entity_2090,Mathematics,2017,45.3
2091,Entity_2091,Biology,2010,72.91
2092,Entity_2092,Mathematics,2019,2.61
2093,Entity_2093,Physics,2024,30.88
2094,Entity_2094,Mathematics,2013,22.27
2095,Entity_2095,Mathematics,2010,77.38
2096,Entity_2096,Engineering,2023,28.32
2097,Entity_2097,Economics,2018,56.08
2098,Entity_2098,Economics,2012,10.33
2099,Entity_2099,Biology,2015,16.45
2100,Entity_2100,Mathematics,2015,89.07
2101,Entity_2101,Physics,2013,26.37
2102,Entity_2102,Mathematics,2011,57.48
2103,Entity_2103,Economics,2024,22.53
2104,Entity_2104,ComputerScience,2021,33.14
2105,Entity_2105,Biology,2012,49.34
2106,Entity_2106,Engineering,2021,58.05
2107,Entity_2107,ComputerScience,2019,64.58
2108,Entity_2108,ComputerScience,2021,81.03
2109,Entity_2109,Biology,2011,78.23
2110,Entity_2110,Mathematics,2015,88.1
2111,Entity_2111,Biology,2016,93.09
2112,Entity_2112,ComputerScience,2023,77.27
2113,Entity_2113,Engineering,2020,85.1
2114,Entity_2114,ComputerScience,2020,77.96
2115,Entity_2115,Biology,2010,31.17
2116,Entity_2116,ComputerScience,2015,54.45
2117,Entity_2117,Physics,2015,50.74
2118,Entity_2118,Physics,2012,6.0
2119,Entity_2119,Engineering,2016,97.13
2120,Entity_2120,Economics,2019,50.97
2121,Entity_2121,Physics,2016,29.69
2122,Entity_2122,Biology,2012,14.09
2123,Entity_2123,ComputerScience,2017,57.57
2124,Entity_2124,ComputerScience,2018,40.52
2125,Entity_2125,ComputerScience,2016,50.68
2126,Entity_2126,Engineering,2012,76.44
2127,Entity_2127,Biology,2018,20.61
2128,Entity_2128,Biology,2020,57.56
2129,Entity_2129,Economics,2019,99.71
2130,Entity_2130,Economics,2013,24.99
2131,Entity_2131,Mathematics,2022,43.58
2132,Entity_2132,Engineering,2024,58.03
2133,Entity_2133,ComputerScience,2020,41.94
2134,Entity_2134,Mathematics,2015,19.86
2135,Entity_2135,Mathematics,2019,65.89
2136,Entity_2136,Mathematics,2012,98.78
2137,Entity_2137,Economics,2023,99.03
2138,Entity_2138,Biology,2019,15.44
2139,Entity_2139,ComputerScience,2024,82.0
2140,Entity_2140,Physics,2020,38.01
2141,Entity_2141,Engineering,2023,9.5
2142,Entity_2142,Engineering,2010,25.06
2143,Entity_2143,Economics,2024,15.62
2144,Entity_2144,Mathematics,2010,34.98
2145,Entity_2145,ComputerScience,2014,45.56
2146,Entity_2146,ComputerScience,2015,21.69
2147,Entity_2147,Economics,2013,21.18
2148,Entity_2148,Economics,2022,26.61
2149,Entity_2149,Biology,2019,73.26
2150,Entity_2150,Physics,2021,70.18
2151,Entity_2151,ComputerScience,2016,58.72
2152,Entity_2152,Engineering,2018,5.3
2153,Entity_2153,Physics,2010,29.12
2154,Entity_2154,Engineering,2019,27.86
2155,Entity_2155,Biology,2020,94.57
2156,Entity_2156,ComputerScience,2016,66.38
2157,Entity_2157,Engineering,2023,91.37
2158,Entity_2158,Mathematics,2023,11.68
2159,Entity_2159,Mathematics,2023,88.46
2160,Entity_2160,Biology,2013,98.0
2161,Entity_2161,Economics,2021,10.86
2162,Entity_2162,Mathematics,2017,86.81
2163,Entity_2163,Economics,2011,19.46
2164,Entity_2164,Economics,2017,56.51
2165,Entity_2165,Engineering,2010,4.94
2166,Entity_2166,Economics,2014,34.02
2167,Entity_2167,Biology,2021,16.54
2168,Entity_2168,Mathematics,2020,35.84
2169,Entity_2169,Engineering,2014,24.38
2170,Entity_2170,Economics,2014,81.38
2171,Entity_2171,Engineering,2014,87.99
2172,Entity_2172,ComputerScience,2018,94.96
2173,Entity_2173,Physics,2012,34.84
2174,Entity_2174,Biology,2020,14.59
2175,Entity_2175,Engineering,2016,52.55
2176,Entity_2176,Engineering,2019,87.4
2177,Entity_2177,Engineering,2013,42.32
2178,Entity_2178,Economics,2012,43.22
2179,Entity_2179,Mathematics,2024,60.93
2180,Entity_2180,Biology,2018,14.05
2181,Entity_2181,Engineering,2012,58.52
2182,Entity_2182,Engineering,2022,21.03
2183,Entity_2183,Physics,2014,69.16
2184,Entity_2184,Economics,2024,14.39
2185,Entity_2185,Physics,2020,93.37
2186,Entity_2186,Physics,2015,7.71
2187,Entity_2187,Economics,2021,12.72
2188,Entity_2188,Mathematics,2023,88.08
2189,Entity_2189,Engineering,2010,76.78
2190,Entity_2190,Biology,2016,31.03
2191,Entity_2191,Engineering,2024,82.35
2192,Entity_2192,Engineering,2024,74.1
2193,Entity_2193,Physics,2022,19.61
2194,Entity_2194,Physics,2012,3.59
2195,Entity_2195,Economics,2019,27.42
2196,Entity_2196,Economics,2019,23.86
2197,Entity_2197,Physics,2013,69.05
2198,Entity_2198,Mathematics,2011,69.13
2199,Entity_2199,Biology,2012,50.73
2200,Entity_2200,Economics,2017,71.49
2201,Entity_2201,Mathematics,2012,85.36
2202,Entity_2202,Biology,2017,14.61
2203,Entity_2203,Physics,2013,4.19
2204,Entity_2204,ComputerScience,2024,27.72
2205,Entity_2205,Biology,2013,74.49
2206,Entity_2206,Physics,2022,21.25
2207,Entity_2207,Physics,2024,95.52
2208,Entity_2208,Biology,2023,62.09
2209,Entity_2209,Engineering,2015,86.81
2210,Entity_2210,Physics,2016,41.08
2211,Entity_2211,ComputerScience,2019,73.8
2212,Entity_2212,Biology,2021,31.98
2213,Entity_2213,Economics,2021,57.62
2214,Entity_2214,Economics,2018,64.5
2215,Entity_2215,Engineering,2022,4.81
2216,Entity_2216,ComputerScience,2017,46.23
2217,Entity_2217,ComputerScience,2024,99.59
2218,Entity_2218,Economics,2018,40.17
2219,Entity_2219,Engineering,2010,56.21
2220,Entity_2220,Economics,2022,63.43
2221,Entity_2221,ComputerScience,2013,29.83
2222,Entity_2222,Biology,2024,31.15
2223,Entity_2223,Mathematics,2017,17.48
2224,Entity_2224,Mathematics,2019,91.98
2225,Entity_2225,Engineering,2018,90.46
2226,Entity_2226,Biology,2023,64.96
2227,Entity_2227,ComputerScience,2021,50.57
2228,Entity_2228,Physics,2022,58.96
2229,Entity_2229,Engineering,2018,14.4
2230,Entity_2230,Biology,2015,45.64
2231,Entity_2231,Physics,2017,59.44
2232,Entity_2232,Engineering,2024,20.99
2233,Entity_2233,Biology,2011,25.76
2234,Entity_2234,Engineering,2020,90.81
2235,Entity_2235,Physics,2021,73.59
2236,Entity_2236,ComputerScience,2011,70.92
2237,Entity_2237,Engineering,2015,9.45
2238,Entity_2238,Engineering,2016,72.96
2239,Entity_2239,Economics,2019,95.03
2240,Entity_2240,Biology,2018,38.68
2241,Entity_2241,Physics,2024,34.18
2242,Entity_2242,Engineering,2023,15.86
2243,Entity_2243,Physics,2012,77.15
2244,Entity_2244,ComputerScience,2016,31.5
2245,Entity_2245,Engineering,2022,96.14
2246,Entity_2246,Mathematics,2020,18.89
2247,Entity_2247,Physics,2013,1.35
2248,Entity_2248,Mathematics,2010,46.41
2249,Entity_2249,Biology,2018,80.94
2250,Entity_2250,Economics,2024,49.85
2251,Entity_2251,Physics,2019,66.29
2252,Entity_2252,Biology,2016,44.75
2253,Entity_2253,Economics,2019,1.65
2254,Entity_2254,Economics,2014,62.36
2255,Entity_2255,Economics,2023,82.7
2256,Entity_2256,ComputerScience,2012,15.68
2257,Entity_2257,Engineering,2015,4.64
2258,Entity_2258,ComputerScience,2020,58.23
2259,Entity_2259,Economics,2014,33.78
2260,Entity_2260,ComputerScience,2010,11.78
2261,Entity_2261,Physics,2012,67.54
2262,Entity_2262,Economics,2020,69.46
2263,Entity_2263,Economics,2019,78.94
2264,Entity_2264,Physics,2017,75.18
2265,Entity_2265,Mathematics,2024,4.55
2266,Entity_2266,Mathematics,2015,37.49
2267,Entity_2267,Biology,2023,7.7
2268,Entity_2268,Biology,2023,55.5
2269,Entity_2269,Mathematics,2017,14.32
2270,Entity_2270,Engineering,2023,28.17
2271,Entity_2271,Economics,2016,52.94
2272,Entity_2272,Engineering,2013,61.59
2273,Entity_2273,ComputerScience,2019,73.24
2274,Entity_2274,Engineering,2018,98.73
2275,Entity_2275,Biology,2021,69.18
2276,Entity_2276,Engineering,2014,43.28
2277,Entity_2277,Mathematics,2014,53.01
2278,Entity_2278,Economics,2015,92.78
2279,Entity_2279,Economics,2019,50.14
2280,Entity_2280,Engineering,2020,50.28
2281,Entity_2281,Physics,2024,61.33
2282,Entity_2282,Engineering,2014,97.95
2283,Entity_2283,ComputerScience,2011,3.37
2284,Entity_2284,Engineering,2022,12.67
2285,Entity_2285,Physics,2022,61.92
2286,Entity_2286,Biology,2016,5.5
2287,Entity_2287,Mathematics,2018,80.8
2288,Entity_2288,Physics,2010,64.42
2289,Entity_2289,Engineering,2014,26.19
2290,Entity_2290,ComputerScience,2014,30.73
2291,Entity_2291,Economics,2015,76.94
2292,Entity_2292,ComputerScience,2020,34.0
2293,Entity_2293,Biology,2021,57.32
2294,Entity_2294,ComputerScience,2023,18.39
2295,Entity_2295,Mathematics,2023,34.46
2296,Entity_2296,Engineering,2017,91.7
2297,Entity_2297,ComputerScience,2020,14.44
2298,Entity_2298,Physics,2020,46.6
2299,Entity_2299,Economics,2024,34.18
2300,Entity_2300,Biology,2024,74.52
2301,Entity_2301,Economics,2014,56.93
2302,Entity_2302,Engineering,2015,55.96
2303,Entity_2303,ComputerScience,2013,58.16
2304,Entity_2304,Mathematics,2022,91.7
2305,Entity_2305,Mathematics,2011,96.99
2306,Entity_2306,Mathematics,2023,4.09
2307,Entity_2307,Biology,2020,53.89
2308,Entity_2308,Physics,2019,60.96
2309,Entity_2309,Physics,2019,12.57
2310,Entity_2310,Mathematics,2021,85.92
2311,Entity_2311,Engineering,2010,27.88
2312,Entity_2312,ComputerScience,2017,87.83
2313,Entity_2313,Mathematics,2017,83.12
2314,Entity_2314,Mathematics,2013,52.98
2315,Entity_2315,Physics,2011,38.05
2316,Entity_2316,ComputerScience,2022,21.01
2317,Entity_2317,ComputerScience,2017,51.09
2318,Entity_2318,Biology,2024,50.51
2319,Entity_2319,Physics,2015,92.44
2320,Entity_2320,Engineering,2023,52.84
2321,Entity_2321,Mathematics,2012,77.18
2322,Entity_2322,ComputerScience,2023,98.25
2323,Entity_2323,Economics,2020,99.28
2324,Entity_2324,Physics,2021,4.62
2325,Entity_2325,Biology,2021,86.62
2326,Entity_2326,ComputerScience,2010,31.79
2327,Entity_2327,ComputerScience,2020,84.96
2328,Entity_2328,ComputerScience,2015,47.22
2329,Entity_2329,ComputerScience,2011,52.54
2330,Entity_2330,Engineering,2021,31.94
2331,Entity_2331,Economics,2022,31.9
2332,Entity_2332,Physics,2015,20.85
2333,Entity_2333,Mathematics,2014,53.7
2334,Entity_2334,Biology,2020,12.65
2335,Entity_2335,Physics,2012,28.09
2336,Entity_2336,ComputerScience,2019,56.4
2337,Entity_2337,ComputerScience,2013,54.71
2338,Entity_2338,Economics,2015,27.83
2339,Entity_2339,Engineering,2022,29.04
2340,Entity_2340,Physics,2012,8.05
2341,Entity_2341,Economics,2024,34.54
2342,Entity_2342,Biology,2010,13.88
2343,Entity_2343,Biology,2024,67.87
2344,Entity_2344,ComputerScience,2016,6.33
2345,Entity_2345,Biology,2016,18.72
2346,Entity_2346,Economics,2024,59.68
2347,Entity_2347,Engineering,2021,45.14
2348,Entity_2348,Mathematics,2014,33.9
2349,Entity_2349,Physics,2021,76.08
2350,Entity_2350,Economics,2011,97.39
2351,Entity_2351,Biology,2019,14.05
2352,Entity_2352,Engineering,2017,10.63
2353,Entity_2353,Mathematics,2020,64.8
2354,Entity_2354,Biology,2017,23.94
2355,Entity_2355,Physics,2012,86.25
2356,Entity_2356,Economics,2014,91.37
2357,Entity_2357,Biology,2012,70.26
2358,Entity_2358,Engineering,2015,79.09
2359,Entity_2359,Mathematics,2017,49.26
2360,Entity_2360,ComputerScience,2017,12.18
2361,Entity_2361,Biology,2017,84.73
2362,Entity_2362,Mathematics,2022,35.51
2363,Entity_2363,Economics,2012,51.29
2364,Entity_2364,Biology,2023,71.71
2365,Entity_2365,ComputerScience,2015,56.06
2366,Entity_2366,ComputerScience,2022,30.91
2367,Entity_2367,Biology,2016,59.46
2368,Entity_2368,Physics,2019,25.13
2369,Entity_2369,Physics,2017,39.0
2370,Entity_2370,Mathematics,2013,81.58
2371,Entity_2371,Economics,2016,78.65
2372,Entity_2372,Biology,2019,78.95
2373,Entity_2373,Economics,2021,24.38
2374,Entity_2374,Engineering,2020,8.71
2375,Entity_2375,Engineering,2019,83.84
2376,Entity_2376,ComputerScience,2019,60.01
2377,Entity_2377,Mathematics,2018,10.67
2378,Entity_2378,Biology,2012,31.5
2379,Entity_2379,Biology,2011,60.23
2380,Entity_2380,Engineering,2023,60.04
2381,Entity_2381,Biology,2015,49.94
2382,Entity_2382,Engineering,2010,9.96
2383,Entity_2383,Physics,2024,58.5
2384,Entity_2384,Engineering,2022,1.02
2385,Entity_2385,Physics,2020,15.77
2386,Entity_2386,Economics,2014,39.61
2387,Entity_2387,Economics,2017,20.37
2388,Entity_2388,Engineering,2024,32.34
2389,Entity_2389,Economics,2022,91.41
2390,Entity_2390,Mathematics,2024,94.39
2391,Entity_2391,Biology,2021,98.28
2392,Entity_2392,Mathematics,2011,58.69
2393,Entity_2393,Economics,2018,41.02
2394,Entity_2394,Physics,2023,30.12
2395,Entity_2395,Mathematics,2024,55.34
2396,Entity_2396,ComputerScience,2010,70.63
2397,Entity_2397,Mathematics,2011,86.26
2398,Entity_2398,ComputerScience,2013,43.74
2399,Entity_2399,Economics,2016,62.9
2400,Entity_2400,Engineering,2016,41.2
2401,Entity_2401,Biology,2018,21.91
2402,Entity_2402,Physics,2017,14.77
2403,Entity_2403,Economics,2016,84.49
2404,Entity_2404,Mathematics,2023,42.31
2405,Entity_2405,Mathematics,2023,67.34
2406,Entity_2406,Physics,2010,8.1
2407,Entity_2407,ComputerScience,2012,72.41
2408,Entity_2408,Biology,2020,44.24
2409,Entity_2409,Physics,2011,14.58
2410,Entity_2410,Biology,2023,46.15
2411,Entity_2411,Engineering,2019,93.1
2412,Entity_2412,Economics,2012,45.99
2413,Entity_2413,Biology,2018,82.19
2414,Entity_2414,Biology,2015,23.35
2415,Entity_2415,Biology,2019,1.74
2416,Entity_2416,Biology,2023,73.36
2417,Entity_2417,Engineering,2018,27.66
2418,Entity_2418,Economics,2019,37.33
2419,Entity_2419,ComputerScience,2019,48.84
2420,Entity_2420,Mathematics,2011,58.45
2421,Entity_2421,Engineering,2011,15.07
2422,Entity_2422,Engineering,2018,98.37
2423,Entity_2423,Mathematics,2017,52.18
2424,Entity_2424,Economics,2024,61.4
2425,Entity_2425,Physics,2017,63.44
2426,Entity_2426,Engineering,2020,8.73
2427,Entity_2427,Engineering,2018,80.01
2428,Entity_2428,Mathematics,2019,6.22
2429,Entity_2429,Mathematics,2018,78.07
2430,Entity_2430,Biology,2017,51.75
2431,Entity_2431,Biology,2019,73.65
2432,Entity_2432,Biology,2015,96.1
2433,Entity_2433,Mathematics,2014,17.58
2434,Entity_2434,Engineering,2024,60.17
2435,Entity_2435,Mathematics,2021,78.72
2436,Entity_2436,Mathematics,2010,63.3
2437,Entity_2437,Economics,2012,57.71
2438,Entity_2438,Engineering,2014,81.08
2439,Entity_2439,Economics,2010,29.39
2440,Entity_2440,ComputerScience,2012,51.05
2441,Entity_2441,Mathematics,2014,14.12
2442,Entity_2442,Mathematics,2014,85.93
2443,Entity_2443,ComputerScience,2021,12.04
2444,Entity_2444,Physics,2024,59.59
2445,Entity_2445,Physics,2020,45.22
2446,Entity_2446,Physics,2014,78.47
2447,Entity_2447,Physics,2017,18.9
2448,Entity_2448,Economics,2023,4.28
2449,Entity_2449,ComputerScience,2012,59.96
2450,Entity_2450,Physics,2023,50.1
2451,Entity_2451,Biology,2022,38.93
2452,Entity_2452,Engineering,2017,72.87
2453,Entity_2453,Physics,2013,58.2
2454,Entity_2454,Mathematics,2010,64.58
2455,Entity_2455,ComputerScience,2010,17.59
2456,Entity_2456,Biology,2017,30.84
2457,Entity_2457,Engineering,2022,92.32
2458,Entity_2458,Physics,2016,68.67
2459,Entity_2459,Biology,2017,27.0
2460,Entity_2460,Economics,2023,44.04
2461,Entity_2461,Mathematics,2024,79.93
2462,Entity_2462,Biology,2020,32.25
2463,Entity_2463,Economics,2020,95.63
2464,Entity_2464,ComputerScience,2024,53.6
2465,Entity_2465,Mathematics,2023,43.75
2466,Entity_2466,Engineering,2023,27.99
2467,Entity_2467,Mathematics,2014,80.43
2468,Entity_2468,Mathematics,2020,58.83
2469,Entity_2469,Biology,2022,67.85
2470,Entity_2470,Physics,2021,67.52
2471,Entity_2471,Physics,2018,34.4
2472,Entity_2472,Engineering,2012,32.01
2473,Entity_2473,ComputerScience,2020,1.84
2474,Entity_2474,ComputerScience,2010,41.71
2475,Entity_2475,Economics,2011,68.86
2476,Entity_2476,Mathematics,2013,72.8
2477,Entity_2477,Mathematics,2013,4.37
2478,Entity_2478,Economics,2011,6.63
2479,Entity_2479,Economics,2020,89.5
2480,Entity_2480,Physics,2019,64.17
2481,Entity_2481,Engineering,2011,9.55
2482,Entity_2482,Economics,2012,38.22
2483,Entity_2483,Engineering,2019,80.52
2484,Entity_2484,Physics,2024,11.97
2485,Entity_2485,Physics,2014,30.16
2486,Entity_2486,Engineering,2024,8.5
2487,Entity_2487,Biology,2024,99.53
2488,Entity_2488,Biology,2021,90.44
2489,Entity_2489,Mathematics,2014,17.03
2490,Entity_2490,ComputerScience,2014,77.93
2491,Entity_2491,Biology,2016,33.93
2492,Entity_2492,ComputerScience,2014,95.6
2493,Entity_2493,Mathematics,2012,44.62
2494,Entity_2494,Biology,2024,20.87
2495,Entity_2495,Biology,2012,64.9
2496,Entity_2496,ComputerScience,2012,54.52
2497,Entity_2497,Biology,2013,61.78
2498,Entity_2498,ComputerScience,2024,44.72
2499,Entity_2499,Mathematics,2011,4.45
2500,Entity_2500,ComputerScience,2019,73.03
2501,Entity_2501,Biology,2010,89.75
2502,Entity_2502,Physics,2020,64.39
2503,Entity_2503,ComputerScience,2020,39.66
2504,Entity_2504,Physics,2021,33.65
2505,Entity_2505,Biology,2019,1.37
2506,Entity_2506,Engineering,2022,49.58
2507,Entity_2507,Biology,2016,84.56
2508,Entity_2508,ComputerScience,2018,23.36
2509,Entity_2509,Biology,2021,81.98
2510,Entity_2510,Biology,2011,57.16
2511,Entity_2511,Mathematics,2015,68.5
2512,Entity_2512,Biology,2010,63.59
2513,Entity_2513,Engineering,2011,37.17
2514,Entity_2514,Mathematics,2011,84.28
2515,Entity_2515,Mathematics,2020,21.11
2516,Entity_2516,Economics,2010,96.78
2517,Entity_2517,Engineering,2013,30.59
2518,Entity_2518,Biology,2024,11.57
2519,Entity_2519,Engineering,2015,49.16
2520,Entity_2520,Engineering,2017,73.8
2521,Entity_2521,Physics,2010,20.12
2522,Entity_2522,Engineering,2019,24.61
2523,Entity_2523,Biology,2011,79.48
2524,Entity_2524,Engineering,2014,50.47
2525,Entity_2525,Biology,2010,4.67
2526,Entity_2526,ComputerScience,2015,78.99
2527,Entity_2527,ComputerScience,2016,12.7
2528,Entity_2528,Engineering,2020,52.79
2529,Entity_2529,Engineering,2023,87.55
2530,Entity_2530,Physics,2021,58.36
2531,Entity_2531,ComputerScience,2010,73.81
2532,Entity_2532,Biology,2020,2.89
2533,Entity_2533,Economics,2010,25.03
2534,Entity_2534,Engineering,2012,2.42
2535,Entity_2535,Engineering,2010,90.56
2536,Entity_2536,ComputerScience,2017,61.51
2537,Entity_2537,Economics,2011,81.96
2538,Entity_2538,ComputerScience,2011,50.22
2539,Entity_2539,Economics,2013,7.25
2540,Entity_2540,Physics,2016,34.4
2541,Entity_2541,Engineering,2020,40.8
2542,Entity_2542,ComputerScience,2020,58.02
2543,Entity_2543,Physics,2015,83.81
2544,Entity_2544,Physics,2022,5.51
2545,Entity_2545,Physics,2015,7.26
2546,Entity_2546,Mathematics,2012,76.0
2547,Entity_2547,Physics,2021,37.62
2548,Entity_2548,Physics,2017,25.12
2549,Entity_2549,Economics,2010,14.2
2550,Entity_2550,Engineering,2019,38.24
2551,Entity_2551,Physics,2010,88.08
2552,Entity_2552,ComputerScience,2010,1.72
2553,Entity_2553,ComputerScience,2021,65.52
2554,Entity_2554,Mathematics,2016,69.66
2555,Entity_2555,Biology,2021,13.56
2556,Entity_2556,Physics,2020,27.82
2557,Entity_2557,Biology,2016,24.69
2558,Entity_2558,Physics,2019,69.48
2559,Entity_2559,Economics,2012,72.0
2560,Entity_2560,Economics,2011,63.09
2561,Entity_2561,Mathematics,2015,42.46
2562,Entity_2562,Economics,2013,20.0
2563,Entity_2563,Economics,2011,62.27
2564,Entity_2564,Economics,2018,22.71
2565,Entity_2565,Engineering,2020,21.6
2566,Entity_2566,ComputerScience,2013,12.16
2567,Entity_2567,Physics,2020,84.53
2568,Entity_2568,Biology,2017,18.46
2569,Entity_2569,Engineering,2024,5.27
2570,Entity_2570,Engineering,2015,29.22
2571,Entity_2571,Biology,2014,34.1
2572,Entity_2572,Biology,2010,11.34
2573,Entity_2573,ComputerScience,2024,54.2
2574,Entity_2574,Physics,2022,3.88
2575,Entity_2575,Economics,2011,8.02
2576,Entity_2576,Physics,2021,45.04
2577,Entity_2577,Economics,2015,42.49
2578,Entity_2578,Engineering,2020,89.94
2579,Entity_2579,Physics,2022,11.9
2580,Entity_2580,Physics,2011,24.47
2581,Entity_2581,Biology,2023,20.8
2582,Entity_2582,Physics,2011,47.63
2583,Entity_2583,Biology,2010,89.16
2584,Entity_2584,Physics,2013,92.86
2585,Entity_2585,Biology,2012,39.35
2586,Entity_2586,Physics,2017,72.26
2587,Entity_2587,Engineering,2015,97.58
2588,Entity_2588,Physics,2015,13.59
2589,Entity_2589,Engineering,2019,6.91
2590,Entity_2590,Physics,2011,85.31
2591,Entity_2591,Biology,2016,17.95
2592,Entity_2592,Mathematics,2013,88.75
2593,Entity_2593,Economics,2012,79.17
2594,Entity_2594,Engineering,2019,90.65
2595,Entity_2595,Economics,2018,85.65
2596,Entity_2596,ComputerScience,2016,85.84
2597,Entity_2597,Biology,2023,99.57
2598,Entity_2598,Economics,2017,83.86
2599,Entity_2599,Mathematics,2010,73.27
2600,Entity_2600,Engineering,2023,25.42
2601,Entity_2601,Mathematics,2016,58.37
2602,Entity_2602,Economics,2012,91.46
2603,Entity_2603,ComputerScience,2016,98.04
2604,Entity_2604,ComputerScience,2017,73.61
2605,Entity_2605,Economics,2010,43.14
2606,Entity_2606,Biology,2017,81.16
2607,Entity_2607,Engineering,2023,10.7
2608,Entity_2608,Biology,2013,9.23
2609,Entity_2609,ComputerScience,2021,73.45
2610,Entity_2610,Physics,2012,36.48
2611,Entity_2611,Physics,2020,99.9
2612,Entity_2612,ComputerScience,2017,67.23
2613,Entity_2613,Physics,2021,46.47
2614,Entity_2614,Economics,2021,58.78
2615,Entity_2615,Biology,2017,77.41
2616,Entity_2616,Engineering,2016,19.31
2617,Entity_2617,Mathematics,2020,46.97
2618,Entity_2618,Engineering,2010,86.18
2619,Entity_2619,ComputerScience,2016,89.45
2620,Entity_2620,Mathematics,2018,4.24
2621,Entity_2621,Biology,2022,27.71
2622,Entity_2622,Economics,2018,57.95
2623,Entity_2623,Physics,2022,68.78
2624,Entity_2624,Economics,2024,34.23
2625,Entity_2625,ComputerScience,2018,94.59
2626,Entity_2626,Engineering,2015,88.91
2627,Entity_2627,ComputerScience,2016,37.19
2628,Entity_2628,Economics,2010,37.19
2629,Entity_2629,Physics,2020,56.32
2630,Entity_2630,ComputerScience,2018,71.22
2631,Entity_2631,Physics,2012,98.14
2632,Entity_2632,Physics,2018,12.24
2633,Entity_2633,Biology,2021,93.98
2634,Entity_2634,Economics,2023,95.95
2635,Entity_2635,Physics,2022,74.76
2636,Entity_2636,Physics,2015,35.92
2637,Entity_2637,Mathematics,2018,68.34
2638,Entity_2638,Mathematics,2010,7.27
2639,Entity_2639,Mathematics,2017,49.14
2640,Entity_2640,Economics,2023,13.15
2641,Entity_2641,Engineering,2018,68.15
2642,Entity_2642,Economics,2024,29.93
2643,Entity_2643,Economics,2015,80.19
2644,Entity_2644,Engineering,2022,97.83
2645,Entity_2645,ComputerScience,2013,89.3
2646,Entity_2646,Biology,2011,8.94
2647,Entity_2647,Physics,2014,95.87
2648,Entity_2648,ComputerScience,2011,17.31
2649,Entity_2649,ComputerScience,2021,15.65
2650,Entity_2650,Physics,2023,21.22
2651,Entity_2651,Engineering,2010,30.02
2652,Entity_2652,Engineering,2018,93.24
2653,Entity_2653,Biology,2015,42.59
2654,Entity_2654,Engineering,2020,3.13
2655,Entity_2655,Physics,2011,3.18
2656,Entity_2656,Physics,2023,94.8
2657,Entity_2657,Engineering,2015,41.76
2658,Entity_2658,Mathematics,2020,64.96
2659,Entity_2659,Mathematics,2017,59.74
2660,Entity_2660,Engineering,2018,84.35
2661,Entity_2661,Biology,2017,31.1
2662,Entity_2662,Physics,2024,79.15
2663,Entity_2663,Physics,2022,26.74
2664,Entity_2664,Biology,2015,97.1
2665,Entity_2665,ComputerScience,2012,35.96
2666,Entity_2666,Biology,2012,62.24
2667,Entity_2667,Physics,2021,54.0
2668,Entity_2668,Physics,2012,84.09
2669,Entity_2669,Engineering,2024,66.97
2670,Entity_2670,Physics,2012,24.55
2671,Entity_2671,ComputerScience,2015,57.88
2672,Entity_2672,Biology,2014,37.6
2673,Entity_2673,Physics,2018,71.01
2674,Entity_2674,Engineering,2015,97.82
2675,Entity_2675,Physics,2015,45.39
2676,Entity_2676,Physics,2018,30.85
2677,Entity_2677,ComputerScience,2016,93.18
2678,Entity_2678,Physics,2017,92.85
2679,Entity_2679,Physics,2010,97.04
2680,Entity_2680,Economics,2018,33.8
2681,Entity_2681,Engineering,2014,47.92
2682,Entity_2682,Mathematics,2022,98.09
2683,Entity_2683,Economics,2020,15.56
2684,Entity_2684,Economics,2021,90.78
2685,Entity_2685,Biology,2015,69.23
2686,Entity_2686,Engineering,2017,90.12
2687,Entity_2687,Physics,2020,55.55
2688,Entity_2688,Mathematics,2010,40.76
2689,Entity_2689,Physics,2017,36.38
2690,Entity_2690,Mathematics,2010,61.21
2691,Entity_2691,Physics,2019,53.12
2692,Entity_2692,Mathematics,2013,3.23
2693,Entity_2693,Economics,2023,45.1
2694,Entity_2694,Engineering,2011,97.61
2695,Entity_2695,Biology,2013,49.56
2696,Entity_2696,Economics,2019,51.64
2697,Entity_2697,ComputerScience,2024,67.01
2698,Entity_2698,Biology,2012,71.88
2699,Entity_2699,Biology,2015,39.23
2700,Entity_2700,ComputerScience,2014,35.15
2701,Entity_2701,Mathematics,2017,87.56
2702,Entity_2702,ComputerScience,2013,73.06
2703,Entity_2703,Biology,2021,99.27
2704,Entity_2704,Biology,2014,17.22
2705,Entity_2705,Engineering,2024,42.96
2706,Entity_2706,Biology,2012,83.72
2707,Entity_2707,Economics,2011,15.22
2708,Entity_2708,Mathematics,2017,98.85
2709,Entity_2709,Economics,2015,7.55
2710,Entity_2710,Economics,2022,38.2
2711,Entity_2711,ComputerScience,2016,64.24
2712,Entity_2712,Mathematics,2016,18.31
2713,Entity_2713,Biology,2021,57.22
2714,Entity_2714,Physics,2013,19.41
2715,Entity_2715,Biology,2014,55.83
2716,Entity_2716,ComputerScience,2023,82.8
2717,Entity_2717,Economics,2014,49.92
2718,Entity_2718,Engineering,2017,23.23
2719,Entity_2719,ComputerScience,2012,27.01
2720,Entity_2720,Engineering,2023,64.02
2721,Entity_2721,ComputerScience,2020,66.93
2722,Entity_2722,Mathematics,2016,18.76
2723,Entity_2723,Engineering,2020,25.23
2724,Entity_2724,ComputerScience,2022,28.44
2725,Entity_2725,ComputerScience,2019,74.81
2726,Entity_2726,Economics,2017,56.99
2727,Entity_2727,Mathematics,2020,68.91
2728,Entity_2728,Engineering,2023,12.84
2729,Entity_2729,Economics,2021,57.95
2730,Entity_2730,Mathematics,2012,58.58
2731,Entity_2731,Physics,2015,46.64
2732,Entity_2732,Engineering,2012,36.38
2733,Entity_2733,ComputerScience,2014,36.76
2734,Entity_2734,Engineering,2024,95.56
2735,Entity_2735,ComputerScience,2014,29.87
2736,Entity_2736,Engineering,2024,8.61
2737,Entity_2737,Physics,2022,63.17
2738,Entity_2738,ComputerScience,2019,75.51
2739,Entity_2739,Economics,2015,87.37
2740,Entity_2740,Engineering,2022,30.81
2741,Entity_2741,Engineering,2021,69.15
2742,Entity_2742,ComputerScience,2018,58.42
2743,Entity_2743,Physics,2010,14.56
2744,Entity_2744,Mathematics,2015,78.1
2745,Entity_2745,Biology,2015,92.17
2746,Entity_2746,Physics,2011,22.57
2747,Entity_2747,Economics,2013,83.33
2748,Entity_2748,Economics,2019,69.28
2749,Entity_2749,Economics,2023,53.68
2750,Entity_2750,Economics,2021,75.87
2751,Entity_2751,ComputerScience,2016,46.59
2752,Entity_2752,ComputerScience,2011,82.07
2753,Entity_2753,ComputerScience,2017,35.47
2754,Entity_2754,Engineering,2015,14.76
2755,Entity_2755,Biology,2024,98.77
2756,Entity_2756,Economics,2022,97.04
2757,Entity_2757,Physics,2021,31.16
2758,Entity_2758,Engineering,2023,12.74
2759,Entity_2759,Physics,2023,69.73
2760,Entity_2760,Engineering,2013,31.44
2761,Entity_2761,Physics,2012,98.13
2762,Entity_2762,Biology,2021,76.54
2763,Entity_2763,ComputerScience,2011,2.86
2764,Entity_2764,Biology,2022,43.69
2765,Entity_2765,Physics,2011,4.25
2766,Entity_2766,Engineering,2018,59.72
2767,Entity_2767,Biology,2011,90.94
2768,Entity_2768,ComputerScience,2011,30.86
2769,Entity_2769,ComputerScience,2022,10.55
2770,Entity_2770,ComputerScience,2024,60.58
2771,Entity_2771,Economics,2024,20.8
2772,Entity_2772,Engineering,2015,3.9
2773,Entity_2773,Physics,2023,74.87
2774,Entity_2774,Mathematics,2019,35.44
2775,Entity_2775,Physics,2023,50.56
2776,Entity_2776,Engineering,2019,24.94
2777,Entity_2777,Economics,2011,10.81
2778,Entity_2778,Economics,2022,2.38
2779,Entity_2779,Physics,2021,19.96
2780,Entity_2780,Mathematics,2012,90.26
2781,Entity_2781,Economics,2010,97.38
2782,Entity_2782,ComputerScience,2024,22.19
2783,Entity_2783,Economics,2023,71.07
2784,Entity_2784,Mathematics,2021,59.35
2785,Entity_2785,Biology,2020,95.82
2786,Entity_2786,Physics,2023,36.13
2787,Entity_2787,Biology,2016,22.21
2788,Entity_2788,Physics,2016,12.17
2789,Entity_2789,Mathematics,2011,47.12
2790,Entity_2790,Economics,2012,50.09
2791,Entity_2791,Mathematics,2021,29.54
2792,Entity_2792,Engineering,2010,9.14
2793,Entity_2793,Biology,2011,39.09
2794,Entity_2794,Biology,2019,73.88
2795,Entity_2795,Engineering,2023,44.95
2796,Entity_2796,Economics,2016,29.77
2797,Entity_2797,Biology,2013,85.82
2798,Entity_2798,Biology,2020,37.38
2799,Entity_2799,ComputerScience,2020,49.67
2800,Entity_2800,ComputerScience,2016,44.37
2801,Entity_2801,Engineering,2020,9.42
2802,Entity_2802,Physics,2016,40.66
2803,Entity_2803,Economics,2011,74.4
2804,Entity_2804,Physics,2011,37.01
2805,Entity_2805,Physics,2015,20.83
2806,Entity_2806,Biology,2011,24.05
2807,Entity_2807,Biology,2021,50.41
2808,Entity_2808,Engineering,2022,58.61
2809,Entity_2809,Mathematics,2022,79.16
2810,Entity_2810,Engineering,2016,36.25
2811,Entity_2811,Engineering,2019,95.06
2812,Entity_2812,Biology,2018,28.61
2813,Entity_2813,Biology,2011,13.1
2814,Entity_2814,Biology,2017,23.85
2815,Entity_2815,Physics,2010,10.86
2816,Entity_2816,ComputerScience,2023,7.75
2817,Entity_2817,Engineering,2010,97.24
2818,Entity_2818,Biology,2019,68.24
2819,Entity_2819,Physics,2014,62.57
2820,Entity_2820,ComputerScience,2022,8.58
2821,Entity_2821,Economics,2022,49.73
2822,Entity_2822,Biology,2013,30.06
2823,Entity_2823,Biology,2017,50.97
2824,Entity_2824,Economics,2015,81.14
2825,Entity_2825,Economics,2018,2.75
2826,Entity_2826,ComputerScience,2016,88.13
2827,Entity_2827,ComputerScience,2016,45.56
2828,Entity_2828,Biology,2017,46.51
2829,Entity_2829,ComputerScience,2012,56.11
2830,Entity_2830,Mathematics,2024,70.9
2831,Entity_2831,Biology,2016,14.31
2832,Entity_2832,Engineering,2016,49.26
2833,Entity_2833,ComputerScience,2019,67.83
2834,Entity_2834,Engineering,2018,68.85
2835,Entity_2835,Economics,2017,48.12
2836,Entity_2836,Physics,2018,6.52
2837,Entity_2837,Mathematics,2017,59.51
2838,Entity_2838,Biology,2019,67.97
2839,Entity_2839,Mathematics,2015,7.08
2840,Entity_2840,Economics,2010,13.69
2841,Entity_2841,Mathematics,2015,81.15
2842,Entity_2842,Economics,2010,76.75
2843,Entity_2843,Engineering,2015,38.68
2844,Entity_2844,Biology,2015,99.2
2845,Entity_2845,Biology,2015,6.59
2846,Entity_2846,Physics,2013,24.23
2847,Entity_2847,Mathematics,2019,9.41
2848,Entity_2848,Engineering,2011,87.03
2849,Entity_2849,ComputerScience,2015,17.81
2850,Entity_2850,Economics,2015,4.7
2851,Entity_2851,Engineering,2023,42.82
2852,Entity_2852,Economics,2024,42.7
2853,Entity_2853,ComputerScience,2021,47.5
2854,Entity_2854,ComputerScience,2015,38.4
2855,Entity_2855,Biology,2015,57.68
2856,Entity_2856,Biology,2011,69.4
2857,Entity_2857,Physics,2015,50.18
2858,Entity_2858,Engineering,2015,17.5
2859,Entity_2859,Mathematics,2015,96.97
2860,Entity_2860,Physics,2017,63.91
2861,Entity_2861,ComputerScience,2023,85.18
2862,Entity_2862,Physics,2014,27.25
2863,Entity_2863,Mathematics,2019,40.8
2864,Entity_2864,Physics,2019,74.55
2865,Entity_2865,ComputerScience,2021,84.57
2866,Entity_2866,ComputerScience,2019,34.35
2867,Entity_2867,ComputerScience,2019,80.32
2868,Entity_2868,Biology,2016,21.76
2869,Entity_2869,ComputerScience,2020,82.55
2870,Entity_2870,Economics,2022,30.69
2871,Entity_2871,Engineering,2018,32.02
2872,Entity_2872,Biology,2016,25.88
2873,Entity_2873,Economics,2017,67.48
2874,Entity_2874,Economics,2012,88.21
2875,Entity_2875,Engineering,2021,52.11
2876,Entity_2876,Physics,2019,50.42
2877,Entity_2877,Engineering,2023,74.48
2878,Entity_2878,Biology,2014,93.78
2879,Entity_2879,Economics,2022,61.83
2880,Entity_2880,Biology,2024,57.05
2881,Entity_2881,Engineering,2010,52.7
2882,Entity_2882,Mathematics,2017,15.63
2883,Entity_2883,Physics,2021,68.85
2884,Entity_2884,Mathematics,2023,44.1
2885,Entity_2885,Mathematics,2023,83.19
2886,Entity_2886,ComputerScience,2020,21.15
2887,Entity_2887,Biology,2014,82.55
2888,Entity_2888,Engineering,2012,26.39
2889,Entity_2889,Economics,2013,41.18
2890,Entity_2890,ComputerScience,2012,20.0
2891,Entity_2891,Physics,2022,82.9
2892,Entity_2892,Biology,2017,56.42
2893,Entity_2893,Biology,2016,65.05
2894,Entity_2894,ComputerScience,2013,16.78
2895,Entity_2895,Physics,2010,26.58
2896,Entity_2896,Mathematics,2020,55.52
2897,Entity_2897,Engineering,2023,5.18
2898,Entity_2898,Engineering,2017,78.44
2899,Entity_2899,ComputerScience,2023,89.75
2900,Entity_2900,Mathematics,2019,30.5
2901,Entity_2901,ComputerScience,2024,95.55
2902,Entity_2902,Mathematics,2020,66.09
2903,Entity_2903,ComputerScience,2016,94.37
2904,Entity_2904,Engineering,2023,14.92
2905,Entity_2905,ComputerScience,2019,73.71
2906,Entity_2906,ComputerScience,2018,66.76
2907,Entity_2907,Economics,2022,93.22
2908,Entity_2908,Mathematics,2017,88.57
2909,Entity_2909,Physics,2019,13.11
2910,Entity_2910,Mathematics,2015,83.4
2911,Entity_2911,Engineering,2016,80.78
2912,Entity_2912,Engineering,2013,93.61
2913,Entity_2913,Physics,2012,11.57
2914,Entity_2914,Physics,2014,44.51
2915,Entity_2915,Mathematics,2023,59.36
2916,Entity_2916,Biology,2018,38.1
2917,Entity_2917,ComputerScience,2015,55.03
2918,Entity_2918,Biology,2020,25.39
2919,Entity_2919,Mathematics,2024,78.64
2920,Entity_2920,Physics,2015,48.05
2921,Entity_2921,Mathematics,2023,31.51
2922,Entity_2922,Engineering,2024,60.98
2923,Entity_2923,Engineering,2020,80.1
2924,Entity_2924,ComputerScience,2021,91.83
2925,Entity_2925,Engineering,2013,26.05
2926,Entity_2926,Biology,2014,64.26
2927,Entity_2927,Engineering,2015,90.41
2928,Entity_2928,Engineering,2011,53.96
2929,Entity_2929,Physics,2023,44.8
2930,Entity_2930,ComputerScience,2024,96.11
2931,Entity_2931,Mathematics,2014,9.93
2932,Entity_2932,Physics,2014,21.83
2933,Entity_2933,Physics,2024,44.45
2934,Entity_2934,Mathematics,2024,81.41
2935,Entity_2935,Engineering,2016,79.14
2936,Entity_2936,Mathematics,2023,8.93
2937,Entity_2937,Biology,2017,73.96
2938,Entity_2938,Mathematics,2021,42.81
2939,Entity_2939,ComputerScience,2023,16.87
2940,Entity_2940,Mathematics,2018,7.57
2941,Entity_2941,Biology,2019,73.19
2942,Entity_2942,Economics,2021,33.35
2943,Entity_2943,Engineering,2010,76.44
2944,Entity_2944,Engineering,2020,19.19
2945,Entity_2945,Biology,2022,64.47
2946,Entity_2946,ComputerScience,2016,20.81
2947,Entity_2947,Mathematics,2015,58.01
2948,Entity_2948,ComputerScience,2012,25.71
2949,Entity_2949,Engineering,2022,83.23
2950,Entity_2950,Physics,2023,59.81
2951,Entity_2951,Biology,2022,94.0
2952,Entity_2952,Biology,2017,87.48
2953,Entity_2953,Physics,2014,18.17
2954,Entity_2954,Economics,2023,33.43
2955,Entity_2955,Mathematics,2013,9.36
2956,Entity_2956,Mathematics,2012,39.96
2957,Entity_2957,Biology,2023,88.55
2958,Entity_2958,Physics,2010,94.86
2959,Entity_2959,Economics,2020,61.59
2960,Entity_2960,Physics,2024,9.81
2961,Entity_2961,Biology,2013,26.92
2962,Entity_2962,Physics,2010,40.7
2963,Entity_2963,Biology,2019,26.76
2964,Entity_2964,ComputerScience,2015,17.84
2965,Entity_2965,Economics,2011,2.4
2966,Entity_2966,Economics,2016,77.56
2967,Entity_2967,Biology,2023,67.69
2968,Entity_2968,ComputerScience,2013,71.64
2969,Entity_2969,Physics,2023,81.53
2970,Entity_2970,Mathematics,2014,74.9
2971,Entity_2971,Biology,2012,43.7
2972,Entity_2972,Physics,2019,22.34
2973,Entity_2973,Mathematics,2021,68.04
2974,Entity_2974,Biology,2012,41.44
2975,Entity_2975,Physics,2010,29.73
2976,Entity_2976,Mathematics,2013,62.15
2977,Entity_2977,Physics,2015,58.71
2978,Entity_2978,Engineering,2017,9.49
2979,Entity_2979,Biology,2012,87.27
2980,Entity_2980,Engineering,2016,69.0
2981,Entity_2981,Engineering,2016,71.14
2982,Entity_2982,Engineering,2019,26.37
2983,Entity_2983,ComputerScience,2018,6.82
2984,Entity_2984,Mathematics,2024,24.25
2985,Entity_2985,Mathematics,2019,93.99
2986,Entity_2986,Economics,2021,75.08
2987,Entity_2987,ComputerScience,2010,26.11
2988,Entity_2988,Economics,2016,30.95
2989,Entity_2989,Biology,2020,37.72
2990,Entity_2990,Economics,2010,58.47
2991,Entity_2991,Mathematics,2012,50.87
2992,Entity_2992,Mathematics,2024,47.34
2993,Entity_2993,ComputerScience,2015,71.32
2994,Entity_2994,Biology,2012,26.78
2995,Entity_2995,Mathematics,2010,97.87
2996,Entity_2996,Biology,2023,97.36
2997,Entity_2997,Mathematics,2021,36.7
2998,Entity_2998,Biology,2014,90.38
2999,Entity_2999,Mathematics,2019,83.13
3000,Entity_3000,Mathematics,2018,31.99
3001,Entity_3001,Physics,2015,73.95
3002,Entity_3002,Biology,2022,95.06
3003,Entity_3003,Economics,2023,92.36
3004,Entity_3004,Engineering,2022,44.56
3005,Entity_3005,Physics,2012,6.4
3006,Entity_3006,Physics,2010,47.55
3007,Entity_3007,Physics,2021,47.25
3008,Entity_3008,ComputerScience,2024,92.79
3009,Entity_3009,ComputerScience,2017,36.3
3010,Entity_3010,Engineering,2018,49.03
3011,Entity_3011,Biology,2011,84.74
3012,Entity_3012,Physics,2011,35.61
3013,Entity_3013,Physics,2023,29.13
3014,Entity_3014,Physics,2021,51.37
3015,Entity_3015,Mathematics,2019,89.2
3016,Entity_3016,Economics,2013,58.77
3017,Entity_3017,ComputerScience,2018,76.92
3018,Entity_3018,Physics,2016,92.12
3019,Entity_3019,Physics,2022,50.31
3020,Entity_3020,ComputerScience,2024,33.54
3021,Entity_3021,Mathematics,2020,98.15
3022,Entity_3022,ComputerScience,2016,37.98
3023,Entity_3023,ComputerScience,2023,33.03
3024,Entity_3024,ComputerScience,2011,46.56
3025,Entity_3025,Engineering,2020,48.51
3026,Entity_3026,Engineering,2014,59.83
3027,Entity_3027,ComputerScience,2015,97.01
3028,Entity_3028,Engineering,2019,95.14
3029,Entity_3029,Mathematics,2021,99.98
3030,Entity_3030,Economics,2012,21.93
3031,Entity_3031,ComputerScience,2022,64.72
3032,Entity_3032,Mathematics,2022,6.5
3033,Entity_3033,ComputerScience,2018,95.24
3034,Entity_3034,Biology,2011,40.49
3035,Entity_3035,Physics,2013,96.54
3036,Entity_3036,Biology,2011,3.03
3037,Entity_3037,Physics,2012,39.46
3038,Entity_3038,Biology,2014,65.07
3039,Entity_3039,Engineering,2012,12.94
3040,Entity_3040,Biology,2022,43.8
3041,Entity_3041,Mathematics,2024,68.81
3042,Entity_3042,Physics,2015,66.89
3043,Entity_3043,Mathematics,2018,20.79
3044,Entity_3044,Biology,2024,39.42
3045,Entity_3045,Mathematics,2019,60.43
3046,Entity_3046,ComputerScience,2022,42.83
3047,Entity_3047,Mathematics,2019,19.45
3048,Entity_3048,Engineering,2016,10.2
3049,Entity_3049,Economics,2015,97.35
3050,Entity_3050,Engineering,2013,65.11
3051,Entity_3051,Engineering,2012,93.14
3052,Entity_3052,Economics,2020,65.08
3053,Entity_3053,ComputerScience,2014,47.35
3054,Entity_3054,ComputerScience,2024,80.35
3055,Entity_3055,Mathematics,2012,98.43
3056,Entity_3056,Engineering,2024,30.74
3057,Entity_3057,Physics,2018,43.35
3058,Entity_3058,Economics,2010,55.55
3059,Entity_3059,ComputerScience,2018,11.66
3060,Entity_3060,Biology,2016,10.35
3061,Entity_3061,Engineering,2021,57.28
3062,Entity_3062,Mathematics,2015,26.23
3063,Entity_3063,ComputerScience,2022,50.84
3064,Entity_3064,ComputerScience,2021,66.5
3065,Entity_3065,Physics,2022,19.04
3066,Entity_3066,Biology,2010,9.25
3067,Entity_3067,Engineering,2014,32.08
3068,Entity_3068,Engineering,2017,75.98
3069,Entity_3069,Biology,2019,80.98
3070,Entity_3070,Mathematics,2024,87.26
3071,Entity_3071,Physics,2013,19.32
3072,Entity_3072,Engineering,2019,26.67
3073,Entity_3073,Engineering,2011,43.95
3074,Entity_3074,ComputerScience,2010,40.1
3075,Entity_3075,ComputerScience,2012,65.92
3076,Entity_3076,Biology,2021,41.1
3077,Entity_3077,Engineering,2021,60.59
3078,Entity_3078,Biology,2014,62.23
3079,Entity_3079,Economics,2015,69.38
3080,Entity_3080,Engineering,2020,40.1
3081,Entity_3081,Mathematics,2011,13.38
3082,Entity_3082,ComputerScience,2013,12.08
3083,Entity_3083,ComputerScience,2021,97.08
3084,Entity_3084,ComputerScience,2013,48.63
3085,Entity_3085,Physics,2020,24.94
3086,Entity_3086,Engineering,2023,79.21
3087,Entity_3087,Physics,2011,30.79
3088,Entity_3088,Biology,2012,47.92
3089,Entity_3089,ComputerScience,2011,17.44
3090,Entity_3090,Physics,2021,70.56
3091,Entity_3091,Biology,2017,2.94
3092,Entity_3092,Biology,2019,25.02
3093,Entity_3093,Mathematics,2019,83.12
3094,Entity_3094,Biology,2010,34.05
3095,Entity_3095,ComputerScience,2020,84.92
3096,Entity_3096,Biology,2016,85.01
3097,Entity_3097,Engineering,2019,59.99
3098,Entity_3098,Economics,2014,4.66
3099,Entity_3099,Biology,2017,51.82
3100,Entity_3100,Engineering,2019,93.59
3101,Entity_3101,Biology,2013,71.71
3102,Entity_3102,Economics,2010,42.78
3103,Entity_3103,Mathematics,2018,7.29
3104,Entity_3104,Engineering,2016,89.02
3105,Entity_3105,ComputerScience,2017,62.65
3106,Entity_3106,Engineering,2015,45.38
3107,Entity_3107,Biology,2010,16.97
3108,Entity_3108,Engineering,2013,47.45
3109,Entity_3109,Biology,2013,51.26
3110,Entity_3110,Economics,2024,68.81
3111,Entity_3111,Economics,2023,84.4
3112,Entity_3112,Engineering,2017,13.98
3113,Entity_3113,Mathematics,2021,71.43
3114,Entity_3114,Biology,2023,94.18
3115,Entity_3115,Engineering,2021,36.67
3116,Entity_3116,Biology,2022,97.12
3117,Entity_3117,Physics,2019,21.51
3118,Entity_3118,Engineering,2021,9.53
3119,Entity_3119,Biology,2012,18.16
3120,Entity_3120,Physics,2019,49.73
3121,Entity_3121,Biology,2017,31.06
3122,Entity_3122,Physics,2018,5.66
3123,Entity_3123,ComputerScience,2015,88.21
3124,Entity_3124,Mathematics,2020,16.7
3125,Entity_3125,Economics,2010,80.87
3126,Entity_3126,Mathematics,2016,12.28
3127,Entity_3127,Physics,2011,56.64
3128,Entity_3128,Biology,2014,99.37
3129,Entity_3129,Mathematics,2022,5.62
3130,Entity_3130,Economics,2014,89.74
3131,Entity_3131,Engineering,2023,52.02
3132,Entity_3132,Engineering,2011,70.93
3133,Entity_3133,Biology,2022,46.26
3134,Entity_3134,ComputerScience,2011,78.38
3135,Entity_3135,Economics,2022,85.98
3136,Entity_3136,ComputerScience,2023,56.68
3137,Entity_3137,Economics,2011,17.54
3138,Entity_3138,ComputerScience,2023,21.33
3139,Entity_3139,Mathematics,2012,73.11
3140,Entity_3140,Engineering,2017,76.43
3141,Entity_3141,Biology,2021,87.18
3142,Entity_3142,Physics,2020,37.01
3143,Entity_3143,Physics,2011,85.01
3144,Entity_3144,Biology,2016,77.15
3145,Entity_3145,ComputerScience,2013,83.65
3146,Entity_3146,Biology,2015,29.39
3147,Entity_3147,Physics,2011,27.34
3148,Entity_3148,Engineering,2022,42.09
3149,Entity_3149,Engineering,2020,25.3
3150,Entity_3150,Economics,2016,78.93
3151,Entity_3151,Physics,2022,43.45
3152,Entity_3152,Biology,2024,46.42
3153,Entity_3153,Economics,2022,68.54
3154,Entity_3154,ComputerScience,2017,15.41
3155,Entity_3155,ComputerScience,2021,80.82
3156,Entity_3156,ComputerScience,2011,34.49
3157,Entity_3157,Biology,2022,17.27
3158,Entity_3158,ComputerScience,2016,76.16
3159,Entity_3159,Engineering,2024,64.51
3160,Entity_3160,Economics,2010,97.8
3161,Entity_3161,Engineering,2022,66.38
3162,Entity_3162,Economics,2014,42.51
3163,Entity_3163,Engineering,2021,55.81
3164,Entity_3164,Mathematics,2021,74.53
3165,Entity_3165,Mathematics,2010,82.87
3166,Entity_3166,Economics,2019,92.12
3167,Entity_3167,Engineering,2016,45.17
3168,Entity_3168,Physics,2024,54.9
3169,Entity_3169,Economics,2020,44.77
3170,Entity_3170,Mathematics,2024,81.37
3171,Entity_3171,Engineering,2016,77.76
3172,Entity_3172,Mathematics,2011,4.66
3173,Entity_3173,Mathematics,2016,72.78
3174,Entity_3174,Engineering,2024,13.47
3175,Entity_3175,Economics,2014,22.16
3176,Entity_3176,Economics,2018,31.91
3177,Entity_3177,Mathematics,2022,63.93
3178,Entity_3178,ComputerScience,2010,89.14
3179,Entity_3179,Economics,2019,26.61
3180,Entity_3180,Mathematics,2021,42.85
3181,Entity_3181,Economics,2011,73.47
3182,Entity_3182,Mathematics,2014,63.07
3183,Entity_3183,Mathematics,2011,5.73
3184,Entity_3184,Engineering,2011,45.42
3185,Entity_3185,Economics,2021,1.52
3186,Entity_3186,Mathematics,2013,80.73
3187,Entity_3187,Economics,2019,71.75
3188,Entity_3188,Engineering,2020,53.8
3189,Entity_3189,Economics,2013,35.68
3190,Entity_3190,Mathematics,2020,78.69
3191,Entity_3191,Engineering,2019,67.57
3192,Entity_3192,Engineering,2016,52.45
3193,Entity_3193,Physics,2011,33.46
3194,Entity_3194,Economics,2013,82.46
3195,Entity_3195,Mathematics,2017,10.7
3196,Entity_3196,Engineering,2016,83.02
3197,Entity_3197,ComputerScience,2011,7.16
3198,Entity_3198,Physics,2017,22.26
3199,Entity_3199,ComputerScience,2015,68.01
3200,Entity_3200,Biology,2019,56.34
3201,Entity_3201,Biology,2023,27.11
3202,Entity_3202,Biology,2020,42.92
3203,Entity_3203,Biology,2021,93.17
3204,Entity_3204,Biology,2021,97.35
3205,Entity_3205,Physics,2012,51.07
3206,Entity_3206,Biology,2021,46.31
3207,Entity_3207,Engineering,2018,86.46
3208,Entity_3208,ComputerScience,2021,22.05
3209,Entity_3209,Biology,2010,74.9
3210,Entity_3210,Economics,2015,92.25
3211,Entity_3211,ComputerScience,2019,85.38
3212,Entity_3212,ComputerScience,2011,37.59
3213,Entity_3213,Mathematics,2010,52.75
3214,Entity_3214,ComputerScience,2015,31.19
3215,Entity_3215,Mathematics,2014,30.1
3216,Entity_3216,ComputerScience,2022,15.14
3217,Entity_3217,Economics,2016,5.82
3218,Entity_3218,Mathematics,2024,29.06
3219,Entity_3219,Physics,2023,74.23
3220,Entity_3220,ComputerScience,2011,55.21
3221,Entity_3221,ComputerScience,2023,5.42
3222,Entity_3222,Biology,2019,31.66
3223,Entity_3223,Biology,2024,34.44
3224,Entity_3224,Biology,2017,83.61
3225,Entity_3225,Economics,2012,76.43
3226,Entity_3226,Economics,2020,46.63
3227,Entity_3227,Biology,2020,45.46
3228,Entity_3228,Engineering,2015,9.84
3229,Entity_3229,Economics,2020,62.74
3230,Entity_3230,Biology,2013,90.12
3231,Entity_3231,Mathematics,2018,5.54
3232,Entity_3232,Engineering,2024,44.87
3233,Entity_3233,Mathematics,2020,9.76
3234,Entity_3234,Physics,2021,3.46
3235,Entity_3235,Engineering,2022,77.39
3236,Entity_3236,Mathematics,2018,64.87
3237,Entity_3237,Engineering,2018,9.43
3238,Entity_3238,Economics,2018,58.11
3239,Entity_3239,ComputerScience,2019,52.65
3240,Entity_3240,Biology,2018,89.79
3241,Entity_3241,ComputerScience,2020,93.68
3242,Entity_3242,Physics,2010,28.22
3243,Entity_3243,Physics,2013,83.14
3244,Entity_3244,Economics,2017,9.38
3245,Entity_3245,Economics,2019,32.72
3246,Entity_3246,Economics,2010,49.66
3247,Entity_3247,ComputerScience,2015,44.26
3248,Entity_3248,Biology,2010,86.11
3249,Entity_3249,Mathematics,2016,26.46
3250,Entity_3250,ComputerScience,2011,54.64
3251,Entity_3251,Mathematics,2012,19.08
3252,Entity_3252,ComputerScience,2012,31.37
3253,Entity_3253,Biology,2020,17.75
3254,Entity_3254,Economics,2015,18.96
3255,Entity_3255,Engineering,2010,30.5
3256,Entity_3256,ComputerScience,2015,15.1
3257,Entity_3257,Mathematics,2014,38.18
3258,Entity_3258,ComputerScience,2010,21.05
3259,Entity_3259,Economics,2019,24.41
3260,Entity_3260,Economics,2022,50.94
3261,Entity_3261,ComputerScience,2014,7.0
3262,Entity_3262,Biology,2018,41.3
3263,Entity_3263,Biology,2010,41.34
3264,Entity_3264,Physics,2024,88.73
3265,Entity_3265,Mathematics,2018,96.38
3266,Entity_3266,Engineering,2011,25.39
3267,Entity_3267,Economics,2020,78.74
3268,Entity_3268,Mathematics,2019,41.27
3269,Entity_3269,ComputerScience,2023,63.94
3270,Entity_3270,Physics,2022,96.82
3271,Entity_3271,Mathematics,2018,98.55
3272,Entity_3272,Physics,2018,95.31
3273,Entity_3273,Economics,2017,5.14
3274,Entity_3274,Biology,2023,62.45
3275,Entity_3275,Engineering,2012,1.05
3276,Entity_3276,Biology,2014,60.19
3277,Entity_3277,Engineering,2016,99.92
3278,Entity_3278,Engineering,2013,58.93
3279,Entity_3279,Economics,2014,5.5
3280,Entity_3280,Engineering,2018,56.75
3281,Entity_3281,Mathematics,2011,40.14
3282,Entity_3282,ComputerScience,2023,14.83
3283,Entity_3283,Economics,2014,87.95
3284,Entity_3284,Physics,2019,50.98
3285,Entity_3285,Mathematics,2024,68.53
3286,Entity_3286,Mathematics,2020,26.87
3287,Entity_3287,Engineering,2017,28.03
3288,Entity_3288,Engineering,2015,34.82
3289,Entity_3289,Biology,2019,33.52
3290,Entity_3290,Engineering,2012,65.0
3291,Entity_3291,ComputerScience,2019,48.18
3292,Entity_3292,ComputerScience,2020,18.18
3293,Entity_3293,Economics,2024,69.95
3294,Entity_3294,Biology,2022,39.89
3295,Entity_3295,ComputerScience,2022,87.8
3296,Entity_3296,Engineering,2011,54.33
3297,Entity_3297,Engineering,2017,67.55
3298,Entity_3298,Mathematics,2023,38.26
3299,Entity_3299,Economics,2015,39.29
3300,Entity_3300,Engineering,2010,13.35
3301,Entity_3301,Mathematics,2024,20.11
3302,Entity_3302,ComputerScience,2013,74.57
3303,Entity_3303,Mathematics,2020,92.22
3304,Entity_3304,Mathematics,2013,9.91
3305,Entity_3305,Economics,2020,31.01
3306,Entity_3306,Engineering,2013,24.19
3307,Entity_3307,Biology,2015,4.64
3308,Entity_3308,Biology,2024,70.7
3309,Entity_3309,Economics,2013,1.71
3310,Entity_3310,Engineering,2016,11.98
3311,Entity_3311,Mathematics,2019,50.53
3312,Entity_3312,Physics,2018,20.18
3313,Entity_3313,Engineering,2019,67.55
3314,Entity_3314,Economics,2019,18.38
3315,Entity_3315,Economics,2012,74.85
3316,Entity_3316,Physics,2014,93.42
3317,Entity_3317,Physics,2024,52.78
3318,Entity_3318,Mathematics,2013,84.92
3319,Entity_3319,ComputerScience,2021,68.1
3320,Entity_3320,Economics,2014,68.39
3321,Entity_3321,Biology,2010,93.85
3322,Entity_3322,Engineering,2020,94.36
3323,Entity_3323,ComputerScience,2023,93.94
3324,Entity_3324,Biology,2023,99.52
3325,Entity_3325,Mathematics,2011,68.34
3326,Entity_3326,Biology,2017,36.79
3327,Entity_3327,ComputerScience,2024,72.4
3328,Entity_3328,ComputerScience,2014,91.92
3329,Entity_3329,Economics,2017,32.31
3330,Entity_3330,Biology,2013,34.14
3331,Entity_3331,Economics,2022,3.51
3332,Entity_3332,Engineering,2013,97.83
3333,Entity_3333,Biology,2011,91.78
3334,Entity_3334,Physics,2012,33.59
3335,Entity_3335,ComputerScience,2020,62.9
3336,Entity_3336,ComputerScience,2017,43.76
3337,Entity_3337,ComputerScience,2019,79.92
3338,Entity_3338,Mathematics,2023,25.79
3339,Entity_3339,ComputerScience,2017,24.6
3340,Entity_3340,Mathematics,2023,6.39
3341,Entity_3341,Mathematics,2018,79.62
3342,Entity_3342,ComputerScience,2022,60.4
3343,Entity_3343,Biology,2022,10.47
3344,Entity_3344,Biology,2019,13.36
3345,Entity_3345,ComputerScience,2024,4.3
3346,Entity_3346,Mathematics,2024,84.92
3347,Entity_3347,ComputerScience,2022,13.63
3348,Entity_3348,Biology,2010,30.85
3349,Entity_3349,Engineering,2016,7.51
3350,Entity_3350,Engineering,2010,56.37
3351,Entity_3351,Mathematics,2023,38.76
3352,Entity_3352,ComputerScience,2019,75.44
3353,Entity_3353,Physics,2023,60.36
3354,Entity_3354,Engineering,2019,2.05
3355,Entity_3355,Biology,2017,79.72
3356,Entity_3356,Economics,2019,11.03
3357,Entity_3357,Engineering,2020,78.51
3358,Entity_3358,Biology,2018,33.49
3359,Entity_3359,Physics,2011,11.17
3360,Entity_3360,Economics,2021,7.69
3361,Entity_3361,Physics,2024,57.75
3362,Entity_3362,Engineering,2018,26.37
3363,Entity_3363,Biology,2017,72.74
3364,Entity_3364,Biology,2012,25.07
3365,Entity_3365,ComputerScience,2010,13.64
3366,Entity_3366,Economics,2016,51.8
3367,Entity_3367,Engineering,2022,36.42
3368,Entity_3368,Economics,2024,54.57
3369,Entity_3369,Physics,2012,47.48
3370,Entity_3370,Economics,2015,29.82
3371,Entity_3371,ComputerScience,2018,59.06
3372,Entity_3372,Engineering,2012,6.67
3373,Entity_3373,Economics,2023,83.68
3374,Entity_3374,ComputerScience,2016,35.04
3375,Entity_3375,Physics,2020,90.94
3376,Entity_3376,ComputerScience,2015,19.75
3377,Entity_3377,Biology,2021,69.49
3378,Entity_3378,Biology,2019,69.55
3379,Entity_3379,Economics,2019,96.34
3380,Entity_3380,Economics,2014,42.45
3381,Entity_3381,Physics,2011,45.98
3382,Entity_3382,ComputerScience,2017,22.72
3383,Entity_3383,ComputerScience,2020,23.08
3384,Entity_3384,Physics,2017,62.77
3385,Entity_3385,Physics,2017,73.72
3386,Entity_3386,Mathematics,2022,74.27
3387,Entity_3387,Physics,2016,19.24
3388,Entity_3388,ComputerScience,2015,1.98
3389,Entity_3389,Mathematics,2010,55.91
3390,Entity_3390,Physics,2014,44.6
3391,Entity_3391,Engineering,2019,91.36
3392,Entity_3392,Mathematics,2010,97.56
3393,Entity_3393,Physics,2013,29.13
3394,Entity_3394,Physics,2024,26.94
3395,Entity_3395,Physics,2015,84.91
3396,Entity_3396,Physics,2012,20.4
3397,Entity_3397,Physics,2023,26.92
3398,Entity_3398,ComputerScience,2010,83.31
3399,Entity_3399,Physics,2016,65.83
3400,Entity_3400,ComputerScience,2015,93.68
3401,Entity_3401,Mathematics,2017,24.77
3402,Entity_3402,Mathematics,2020,17.96
3403,Entity_3403,Economics,2022,99.77
3404,Entity_3404,Biology,2024,71.38
3405,Entity_3405,ComputerScience,2012,88.39
3406,Entity_3406,Physics,2022,19.77
3407,Entity_3407,Economics,2016,69.74
3408,Entity_3408,Mathematics,2019,43.52
3409,Entity_3409,Engineering,2013,92.18
3410,Entity_3410,Economics,2019,19.72
3411,Entity_3411,Economics,2014,79.17
3412,Entity_3412,Mathematics,2013,6.27
3413,Entity_3413,Mathematics,2023,13.52
3414,Entity_3414,Economics,2019,88.7
3415,Entity_3415,Physics,2021,9.06
3416,Entity_3416,Biology,2022,66.69
3417,Entity_3417,ComputerScience,2012,51.35
3418,Entity_3418,Engineering,2022,51.41
3419,Entity_3419,Biology,2018,46.96
3420,Entity_3420,Mathematics,2021,38.01
3421,Entity_3421,Engineering,2017,71.85
3422,Entity_3422,Biology,2017,27.57
3423,Entity_3423,Biology,2020,92.2
3424,Entity_3424,Economics,2020,4.62
3425,Entity_3425,Physics,2024,21.1
3426,Entity_3426,Physics,2016,22.64
3427,Entity_3427,Biology,2024,38.33
3428,Entity_3428,Physics,2024,84.4
3429,Entity_3429,Mathematics,2018,9.39
3430,Entity_3430,ComputerScience,2014,45.01
3431,Entity_3431,Mathematics,2013,58.81
3432,Entity_3432,Biology,2018,62.49
3433,Entity_3433,Biology,2017,47.29
3434,Entity_3434,Biology,2015,80.65
3435,Entity_3435,Mathematics,2014,38.85
3436,Entity_3436,Physics,2017,24.15
3437,Entity_3437,Engineering,2011,36.55
3438,Entity_3438,ComputerScience,2014,84.42
3439,Entity_3439,Economics,2018,64.72
3440,Entity_3440,Mathematics,2024,23.55
3441,Entity_3441,ComputerScience,2011,36.66
3442,Entity_3442,Economics,2013,34.04
3443,Entity_3443,Engineering,2015,25.75
3444,Entity_3444,Engineering,2023,77.08
3445,Entity_3445,Mathematics,2013,70.86
3446,Entity_3446,Physics,2023,75.49
3447,Entity_3447,Engineering,2018,91.33
3448,Entity_3448,ComputerScience,2022,30.65
3449,Entity_3449,Mathematics,2022,99.69
3450,Entity_3450,Biology,2023,58.42
3451,Entity_3451,Engineering,2010,47.73
3452,Entity_3452,Economics,2022,95.2
3453,Entity_3453,Biology,2013,23.47
3454,Entity_3454,Engineering,2013,47.97
3455,Entity_3455,Economics,2019,78.81
3456,Entity_3456,Biology,2021,81.63
3457,Entity_3457,Mathematics,2022,9.5
3458,Entity_3458,Physics,2016,77.24
3459,Entity_3459,Engineering,2016,21.75
3460,Entity_3460,Biology,2023,56.29
3461,Entity_3461,Mathematics,2012,58.17
3462,Entity_3462,Physics,2014,94.39
3463,Entity_3463,ComputerScience,2017,81.23
3464,Entity_3464,Mathematics,2015,23.32
3465,Entity_3465,Biology,2020,75.51
3466,Entity_3466,Engineering,2018,30.66
3467,Entity_3467,Economics,2010,57.19
3468,Entity_3468,ComputerScience,2024,14.77
3469,Entity_3469,Mathematics,2019,63.35
3470,Entity_3470,Economics,2024,61.18
3471,Entity_3471,Biology,2016,21.22
3472,Entity_3472,Biology,2011,53.91
3473,Entity_3473,Physics,2017,11.76
3474,Entity_3474,Economics,2017,64.26
3475,Entity_3475,Mathematics,2011,17.97
3476,Entity_3476,Engineering,2018,18.59
3477,Entity_3477,Engineering,2019,49.37
3478,Entity_3478,Physics,2013,7.88
3479,Entity_3479,Biology,2014,21.38
3480,Entity_3480,Mathematics,2020,52.92
3481,Entity_3481,Biology,2010,37.5
3482,Entity_3482,ComputerScience,2012,33.35
3483,Entity_3483,Biology,2016,16.55
3484,Entity_3484,ComputerScience,2012,54.11
3485,Entity_3485,Biology,2021,7.81
3486,Entity_3486,Physics,2012,87.17
3487,Entity_3487,Mathematics,2016,81.97
3488,Entity_3488,Engineering,2017,16.72
3489,Entity_3489,Economics,2014,59.16
3490,Entity_3490,Economics,2021,68.8
3491,Entity_3491,Mathematics,2013,1.74
3492,Entity_3492,Physics,2017,7.33
3493,Entity_3493,Biology,2019,80.95
3494,Entity_3494,Economics,2015,91.12
3495,Entity_3495,Biology,2017,46.81
3496,Entity_3496,ComputerScience,2021,10.02
3497,Entity_3497,Engineering,2024,91.97
3498,Entity_3498,Mathematics,2021,84.42
3499,Entity_3499,Mathematics,2016,61.69
3500,Entity_3500,Physics,2016,25.66
3501,Entity_3501,Economics,2021,43.78
3502,Entity_3502,Biology,2024,66.25
3503,Entity_3503,Engineering,2019,10.46
3504,Entity_3504,Engineering,2010,24.73
3505,Entity_3505,Physics,2014,88.37
3506,Entity_3506,Economics,2014,67.0
3507,Entity_3507,ComputerScience,2021,72.93
3508,Entity_3508,Physics,2024,49.86
3509,Entity_3509,Economics,2011,99.54
3510,Entity_3510,ComputerScience,2022,11.42
3511,Entity_3511,Mathematics,2016,45.64
3512,Entity_3512,Mathematics,2013,51.1
3513,Entity_3513,Biology,2010,8.25
3514,Entity_3514,Engineering,2020,75.22
3515,Entity_3515,Biology,2015,74.85
3516,Entity_3516,Physics,2016,4.74
3517,Entity_3517,Mathematics,2011,71.2
3518,Entity_3518,Physics,2015,67.36
3519,Entity_3519,Biology,2017,46.67
3520,Entity_3520,ComputerScience,2018,66.05
3521,Entity_3521,Engineering,2017,14.89
3522,Entity_3522,Mathematics,2023,16.98
3523,Entity_3523,ComputerScience,2019,10.95
3524,Entity_3524,Mathematics,2011,53.93
3525,Entity_3525,Biology,2012,8.68
3526,Entity_3526,ComputerScience,2020,28.05
3527,Entity_3527,Biology,2015,18.62
3528,Entity_3528,Engineering,2010,89.38
3529,Entity_3529,Economics,2013,44.76
3530,Entity_3530,ComputerScience,2023,63.84
3531,Entity_3531,Economics,2020,66.59
3532,Entity_3532,Engineering,2024,11.18
3533,Entity_3533,Engineering,2014,44.95
3534,Entity_3534,Economics,2010,5.82
3535,Entity_3535,Biology,2022,20.97
3536,Entity_3536,Physics,2015,90.97
3537,Entity_3537,Physics,2011,2.59
3538,Entity_3538,ComputerScience,2010,34.37
3539,Entity_3539,Physics,2020,67.23
3540,Entity_3540,Physics,2024,10.56
3541,Entity_3541,Engineering,2012,72.68
3542,Entity_3542,ComputerScience,2016,51.74
3543,Entity_3543,Mathematics,2015,56.64
3544,Entity_3544,Physics,2019,21.5
3545,Entity_3545,Economics,2016,93.95
3546,Entity_3546,ComputerScience,2013,22.16
3547,Entity_3547,Mathematics,2015,18.19
3548,Entity_3548,Biology,2020,32.31
3549,Entity_3549,Biology,2013,46.42
3550,Entity_3550,ComputerScience,2020,81.69
3551,Entity_3551,Engineering,2019,37.53
3552,Entity_3552,ComputerScience,2024,22.64
3553,Entity_3553,Mathematics,2022,60.29
3554,Entity_3554,ComputerScience,2021,54.08
3555,Entity_3555,Economics,2012,25.94
3556,Entity_3556,ComputerScience,2019,33.11
3557,Entity_3557,Engineering,2021,39.47
3558,Entity_3558,Engineering,2012,33.87
3559,Entity_3559,Engineering,2022,88.51
3560,Entity_3560,Mathematics,2023,66.97
3561,Entity_3561,ComputerScience,2015,2.75
3562,Entity_3562,Economics,2017,38.85
3563,Entity_3563,Engineering,2021,24.01
3564,Entity_3564,Economics,2021,98.85
3565,Entity_3565,Physics,2010,62.02
3566,Entity_3566,ComputerScience,2014,24.4
3567,Entity_3567,Biology,2022,25.11
3568,Entity_3568,ComputerScience,2010,14.62
3569,Entity_3569,Biology,2014,21.0
3570,Entity_3570,Biology,2013,64.56
3571,Entity_3571,Physics,2024,72.81
3572,Entity_3572,Biology,2021,87.86
3573,Entity_3573,Physics,2014,32.44
3574,Entity_3574,ComputerScience,2018,79.39
3575,Entity_3575,Biology,2020,81.46
3576,Entity_3576,ComputerScience,2013,84.85
3577,Entity_3577,Mathematics,2015,24.98
3578,Entity_3578,Economics,2010,90.76
3579,Entity_3579,Engineering,2013,80.34
3580,Entity_3580,Engineering,2021,23.02
3581,Entity_3581,Biology,2018,32.84
3582,Entity_3582,Biology,2020,1.6
3583,Entity_3583,Biology,2011,95.41
3584,Entity_3584,ComputerScience,2020,99.21
3585,Entity_3585,Physics,2012,10.08
3586,Entity_3586,Economics,2018,83.29
3587,Entity_3587,Physics,2013,51.24
3588,Entity_3588,Biology,2021,47.24
3589,Entity_3589,Physics,2021,20.56
3590,Entity_3590,Biology,2012,60.98
3591,Entity_3591,Mathematics,2014,58.07
3592,Entity_3592,Engineering,2013,27.91
3593,Entity_3593,Biology,2011,95.15
3594,Entity_3594,Mathematics,2016,38.39
3595,Entity_3595,Biology,2017,42.85
3596,Entity_3596,Economics,2021,43.91
3597,Entity_3597,Physics,2023,95.42
3598,Entity_3598,Biology,2010,76.43
3599,Entity_3599,Biology,2023,9.24
3600,Entity_3600,Mathematics,2019,54.18
3601,Entity_3601,Economics,2021,18.39
3602,Entity_3602,Biology,2017,31.28
3603,Entity_3603,Mathematics,2016,56.65
3604,Entity_3604,Biology,2011,33.99
3605,Entity_3605,Engineering,2017,20.38
3606,Entity_3606,Physics,2010,2.27
3607,Entity_3607,Economics,2021,72.81
3608,Entity_3608,Biology,2016,92.64
3609,Entity_3609,Biology,2021,37.94
3610,Entity_3610,Biology,2014,64.46
3611,Entity_3611,Economics,2011,41.47
3612,Entity_3612,ComputerScience,2024,13.32
3613,Entity_3613,Economics,2012,20.23
3614,Entity_3614,Biology,2014,77.36
3615,Entity_3615,Engineering,2015,51.45
3616,Entity_3616,Biology,2020,69.16
3617,Entity_3617,Engineering,2010,65.44
3618,Entity_3618,Biology,2021,25.43
3619,Entity_3619,Biology,2010,92.23
3620,Entity_3620,Mathematics,2020,70.95
3621,Entity_3621,ComputerScience,2021,66.9
3622,Entity_3622,Physics,2014,60.94
3623,Entity_3623,Engineering,2012,26.17
3624,Entity_3624,Economics,2019,95.23
3625,Entity_3625,Physics,2010,12.56
3626,Entity_3626,ComputerScience,2020,71.45
3627,Entity_3627,Biology,2016,70.9
3628,Entity_3628,ComputerScience,2018,91.08
3629,Entity_3629,Biology,2012,83.15
3630,Entity_3630,Mathematics,2021,30.92
3631,Entity_3631,Economics,2020,88.78
3632,Entity_3632,Economics,2014,73.66
3633,Entity_3633,Engineering,2023,9.8
3634,Entity_3634,Engineering,2019,77.89
3635,Entity_3635,Mathematics,2023,15.13
3636,Entity_3636,Engineering,2013,93.07
3637,Entity_3637,Biology,2021,31.5
3638,Entity_3638,Physics,2023,49.68
3639,Entity_3639,ComputerScience,2011,77.6
3640,Entity_3640,Biology,2018,42.27
3641,Entity_3641,Mathematics,2021,43.66
3642,Entity_3642,Physics,2015,19.45
3643,Entity_3643,Physics,2013,49.16
3644,Entity_3644,Economics,2011,45.62
3645,Entity_3645,Physics,2012,20.89
3646,Entity_3646,Engineering,2012,81.11
3647,Entity_3647,Physics,2014,98.31
3648,Entity_3648,Biology,2017,63.06
3649,Entity_3649,Economics,2011,86.97
3650,Entity_3650,Physics,2011,30.02
3651,Entity_3651,Biology,2011,28.4
3652,Entity_3652,Mathematics,2010,58.98
3653,Entity_3653,Biology,2017,67.61
3654,Entity_3654,ComputerScience,2010,7.04
3655,Entity_3655,ComputerScience,2020,58.66
3656,Entity_3656,ComputerScience,2011,21.9
3657,Entity_3657,ComputerScience,2016,60.7
3658,Entity_3658,Mathematics,2024,49.11
3659,Entity_3659,Mathematics,2019,43.52
3660,Entity_3660,Mathematics,2020,89.13
3661,Entity_3661,Mathematics,2023,24.72
3662,Entity_3662,Mathematics,2020,40.45
3663,Entity_3663,Economics,2010,97.56
3664,Entity_3664,Mathematics,2022,10.92
3665,Entity_3665,Biology,2023,70.13
3666,Entity_3666,Engineering,2023,88.91
3667,Entity_3667,Physics,2010,60.59
3668,Entity_3668,Economics,2014,95.16
3669,Entity_3669,Physics,2015,45.74
3670,Entity_3670,Engineering,2020,87.12
3671,Entity_3671,Economics,2016,66.36
3672,Entity_3672,ComputerScience,2020,95.8
3673,Entity_3673,Mathematics,2010,63.74
3674,Entity_3674,ComputerScience,2022,73.85
3675,Entity_3675,Engineering,2017,24.12
3676,Entity_3676,Biology,2016,74.18
3677,Entity_3677,ComputerScience,2015,43.36
3678,Entity_3678,Biology,2020,85.85
3679,Entity_3679,ComputerScience,2021,39.1
3680,Entity_3680,Economics,2013,71.48
3681,Entity_3681,Economics,2024,57.62
3682,Entity_3682,Engineering,2018,4.14
3683,Entity_3683,Biology,2022,9.62
3684,Entity_3684,Engineering,2018,98.73
3685,Entity_3685,Biology,2012,89.74
3686,Entity_3686,ComputerScience,2017,66.6
3687,Entity_3687,Physics,2013,21.95
3688,Entity_3688,Engineering,2021,9.85
3689,Entity_3689,Biology,2021,3.89
3690,Entity_3690,Mathematics,2024,38.97
3691,Entity_3691,Mathematics,2013,72.2
3692,Entity_3692,Engineering,2017,95.2
3693,Entity_3693,Engineering,2011,66.88
3694,Entity_3694,Economics,2020,72.82
3695,Entity_3695,ComputerScience,2022,69.49
3696,Entity_3696,Physics,2024,58.02
3697,Entity_3697,Economics,2011,64.75
3698,Entity_3698,Biology,2024,72.03
3699,Entity_3699,Engineering,2021,38.78
3700,Entity_3700,Engineering,2022,56.63
3701,Entity_3701,Biology,2022,24.1
3702,Entity_3702,Mathematics,2011,29.81
3703,Entity_3703,ComputerScience,2011,34.68
3704,Entity_3704,Economics,2024,19.63
3705,Entity_3705,ComputerScience,2019,37.41
3706,Entity_3706,Mathematics,2016,58.11
3707,Entity_3707,ComputerScience,2014,7.13
3708,Entity_3708,Economics,2013,84.86
3709,Entity_3709,Biology,2015,77.36
3710,Entity_3710,Engineering,2024,79.86
3711,Entity_3711,Economics,2020,60.56
3712,Entity_3712,Physics,2011,40.14
3713,Entity_3713,Economics,2023,46.6
3714,Entity_3714,Physics,2023,94.35
3715,Entity_3715,Physics,2017,68.32
3716,Entity_3716,Physics,2019,29.06
3717,Entity_3717,Engineering,2020,85.06
3718,Entity_3718,Engineering,2010,60.29
3719,Entity_3719,Mathematics,2018,99.04
3720,Entity_3720,ComputerScience,2014,99.69
3721,Entity_3721,Engineering,2019,48.35
3722,Entity_3722,Physics,2017,29.86
3723,Entity_3723,Biology,2010,98.13
3724,Entity_3724,Mathematics,2012,82.96
3725,Entity_3725,Physics,2023,73.53
3726,Entity_3726,Physics,2021,73.84
3727,Entity_3727,Physics,2023,49.26
3728,Entity_3728,Biology,2014,98.45
3729,Entity_3729,Engineering,2024,85.0
3730,Entity_3730,ComputerScience,2018,39.84
3731,Entity_3731,Biology,2020,47.87
3732,Entity_3732,Mathematics,2022,39.74
3733,Entity_3733,ComputerScience,2018,72.95
3734,Entity_3734,Mathematics,2021,92.38
3735,Entity_3735,Engineering,2023,55.25
3736,Entity_3736,ComputerScience,2012,33.02
3737,Entity_3737,Economics,2023,80.7
3738,Entity_3738,Engineering,2014,46.3
3739,Entity_3739,Physics,2019,14.62
3740,Entity_3740,Engineering,2017,29.82
3741,Entity_3741,Physics,2013,22.6
3742,Entity_3742,Engineering,2013,73.8
3743,Entity_3743,ComputerScience,2015,72.87
3744,Entity_3744,Economics,2011,68.15
3745,Entity_3745,Physics,2016,95.09
3746,Entity_3746,Biology,2020,84.32
3747,Entity_3747,ComputerScience,2011,36.2
3748,Entity_3748,Biology,2012,94.56
3749,Entity_3749,ComputerScience,2018,65.36
3750,Entity_3750,Economics,2016,97.0
3751,Entity_3751,Engineering,2021,41.0
3752,Entity_3752,ComputerScience,2011,24.84
3753,Entity_3753,Biology,2014,69.11
3754,Entity_3754,Physics,2020,74.77
3755,Entity_3755,Engineering,2022,67.4
3756,Entity_3756,ComputerScience,2022,46.9
3757,Entity_3757,Engineering,2016,28.25
3758,Entity_3758,Engineering,2017,37.36
3759,Entity_3759,ComputerScience,2011,9.18
3760,Entity_3760,Biology,2020,67.21
3761,Entity_3761,Economics,2013,3.28
3762,Entity_3762,Economics,2019,48.47
3763,Entity_3763,Engineering,2021,10.36
3764,Entity_3764,Economics,2012,39.01
3765,Entity_3765,Engineering,2021,43.93
3766,Entity_3766,Economics,2012,10.84
3767,Entity_3767,ComputerScience,2021,90.98
3768,Entity_3768,Economics,2012,41.13
3769,Entity_3769,Engineering,2010,39.99
3770,Entity_3770,Economics,2022,81.41
3771,Entity_3771,Biology,2011,52.37
3772,Entity_3772,Economics,2018,71.66
3773,Entity_3773,Engineering,2011,75.6
3774,Entity_3774,Physics,2020,89.86
3775,Entity_3775,Physics,2023,60.31
3776,Entity_3776,Physics,2010,55.92
3777,Entity_3777,Mathematics,2011,4.88
3778,Entity_3778,Economics,2013,65.61
3779,Entity_3779,ComputerScience,2018,26.42
3780,Entity_3780,ComputerScience,2011,98.01
3781,Entity_3781,Economics,2014,36.99
3782,Entity_3782,Economics,2012,42.88
3783,Entity_3783,Engineering,2010,25.59
3784,Entity_3784,ComputerScience,2018,90.56
3785,Entity_3785,Mathematics,2020,53.88
3786,Entity_3786,Physics,2019,49.55
3787,Entity_3787,Mathematics,2018,91.17
3788,Entity_3788,Mathematics,2019,54.28
3789,Entity_3789,Physics,2021,10.8
3790,Entity_3790,ComputerScience,2013,4.64
3791,Entity_3791,Physics,2014,85.75
3792,Entity_3792,Physics,2012,60.61
3793,Entity_3793,Physics,2019,36.55
3794,Entity_3794,Physics,2021,62.61
3795,Entity_3795,ComputerScience,2018,26.24
3796,Entity_3796,Biology,2020,90.46
3797,Entity_3797,Biology,2017,9.24
3798,Entity_3798,Mathematics,2020,43.11
3799,Entity_3799,Engineering,2012,54.05
3800,Entity_3800,ComputerScience,2020,73.53
3801,Entity_3801,Engineering,2021,64.91
3802,Entity_3802,Engineering,2015,56.8
3803,Entity_3803,Engineering,2023,51.63
3804,Entity_3804,Physics,2016,82.34
3805,Entity_3805,Mathematics,2022,43.93
3806,Entity_3806,ComputerScience,2019,25.5
3807,Entity_3807,Mathematics,2011,53.62
3808,Entity_3808,Engineering,2018,41.27
3809,Entity_3809,Mathematics,2020,9.81
3810,Entity_3810,Mathematics,2022,28.05
3811,Entity_3811,Physics,2014,1.98
3812,Entity_3812,Biology,2013,38.48
3813,Entity_3813,ComputerScience,2022,92.64
3814,Entity_3814,Physics,2018,73.1
3815,Entity_3815,Mathematics,2019,82.31
3816,Entity_3816,Biology,2011,53.37
3817,Entity_3817,Engineering,2019,86.67
3818,Entity_3818,Economics,2014,61.14
3819,Entity_3819,ComputerScience,2012,32.48
3820,Entity_3820,Biology,2012,35.17
3821,Entity_3821,Engineering,2020,96.83
3822,Entity_3822,Economics,2018,59.87
3823,Entity_3823,Biology,2017,59.64
3824,Entity_3824,Mathematics,2010,68.98
3825,Entity_3825,Engineering,2012,66.1
3826,Entity_3826,Physics,2016,57.19
3827,Entity_3827,Mathematics,2010,91.93
3828,Entity_3828,Engineering,2015,71.04
3829,Entity_3829,Physics,2020,61.26
3830,Entity_3830,Engineering,2017,19.13
3831,Entity_3831,Mathematics,2022,47.4
3832,Entity_3832,Mathematics,2014,95.31
3833,Entity_3833,Economics,2021,88.26
3834,Entity_3834,Physics,2014,63.93
3835,Entity_3835,ComputerScience,2014,41.24
3836,Entity_3836,Mathematics,2023,9.92
3837,Entity_3837,ComputerScience,2011,73.27
3838,Entity_3838,ComputerScience,2012,57.96
3839,Entity_3839,ComputerScience,2021,29.3
3840,Entity_3840,Biology,2022,87.56
3841,Entity_3841,Biology,2020,51.36
3842,Entity_3842,Engineering,2012,48.49
3843,Entity_3843,Economics,2020,99.8
3844,Entity_3844,Economics,2021,13.34
3845,Entity_3845,ComputerScience,2019,19.83
3846,Entity_3846,Engineering,2010,71.7
3847,Entity_3847,Engineering,2018,75.22
3848,Entity_3848,Physics,2021,66.46
3849,Entity_3849,Economics,2020,61.31
3850,Entity_3850,Economics,2017,96.5
3851,Entity_3851,Engineering,2024,88.31
3852,Entity_3852,Economics,2024,23.28
3853,Entity_3853,ComputerScience,2015,84.1
3854,Entity_3854,Economics,2015,95.3
3855,Entity_3855,Biology,2017,38.53
3856,Entity_3856,Mathematics,2011,34.46
3857,Entity_3857,Engineering,2013,83.34
3858,Entity_3858,ComputerScience,2014,30.62
3859,Entity_3859,Mathematics,2014,22.09
3860,Entity_3860,Engineering,2020,57.32
3861,Entity_3861,Physics,2024,31.18
3862,Entity_3862,Engineering,2018,82.75
3863,Entity_3863,ComputerScience,2024,46.84
3864,Entity_3864,Economics,2023,49.34
3865,Entity_3865,Mathematics,2010,61.94
3866,Entity_3866,Mathematics,2014,36.04
3867,Entity_3867,ComputerScience,2015,89.13
3868,Entity_3868,Physics,2016,36.1
3869,Entity_3869,ComputerScience,2016,49.71
3870,Entity_3870,ComputerScience,2018,51.92
3871,Entity_3871,Physics,2016,13.26
3872,Entity_3872,Biology,2010,16.41
3873,Entity_3873,Engineering,2014,23.38
3874,Entity_3874,Biology,2015,30.63
3875,Entity_3875,Biology,2024,19.04
3876,Entity_3876,Mathematics,2011,98.95
3877,Entity_3877,Engineering,2023,44.5
3878,Entity_3878,Physics,2015,74.96
3879,Entity_3879,ComputerScience,2015,88.47
3880,Entity_3880,Engineering,2013,11.96
3881,Entity_3881,Mathematics,2010,14.23
3882,Entity_3882,Biology,2021,33.79
3883,Entity_3883,ComputerScience,2012,66.95
3884,Entity_3884,Biology,2020,98.31
3885,Entity_3885,ComputerScience,2016,49.42
3886,Entity_3886,Biology,2022,68.49
3887,Entity_3887,Physics,2015,75.36
3888,Entity_3888,Biology,2018,72.87
3889,Entity_3889,Engineering,2023,82.74
3890,Entity_3890,Physics,2011,95.81
3891,Entity_3891,ComputerScience,2012,16.4
3892,Entity_3892,Economics,2010,76.97
3893,Entity_3893,Physics,2010,68.15
3894,Entity_3894,Mathematics,2016,97.67
3895,Entity_3895,Engineering,2010,44.0
3896,Entity_3896,Mathematics,2014,49.11
3897,Entity_3897,Biology,2013,62.14
3898,Entity_3898,Engineering,2018,19.5
3899,Entity_3899,Mathematics,2022,12.39
3900,Entity_3900,Mathematics,2021,25.49
3901,Entity_3901,Biology,2013,47.92
3902,Entity_3902,ComputerScience,2021,73.32
3903,Entity_3903,Economics,2012,19.68
3904,Entity_3904,Economics,2020,63.81
3905,Entity_3905,Physics,2011,14.1
3906,Entity_3906,ComputerScience,2014,99.05
3907,Entity_3907,Physics,2016,2.75
3908,Entity_3908,Physics,2011,86.57
3909,Entity_3909,Biology,2016,52.97
3910,Entity_3910,Engineering,2020,98.03
3911,Entity_3911,Physics,2015,43.18
3912,Entity_3912,ComputerScience,2018,43.28
3913,Entity_3913,ComputerScience,2014,11.9
3914,Entity_3914,Mathematics,2014,94.36
3915,Entity_3915,Engineering,2016,25.45
3916,Entity_3916,ComputerScience,2012,5.05
3917,Entity_3917,ComputerScience,2020,74.73
3918,Entity_3918,Physics,2014,47.73
3919,Entity_3919,Economics,2011,43.66
3920,Entity_3920,Mathematics,2017,36.99
3921,Entity_3921,Mathematics,2011,10.59
3922,Entity_3922,ComputerScience,2020,55.63
3923,Entity_3923,Physics,2015,36.7
3924,Entity_3924,Mathematics,2021,78.1
3925,Entity_3925,Economics,2019,37.79
3926,Entity_3926,Engineering,2014,21.79
3927,Entity_3927,Biology,2011,88.83
3928,Entity_3928,Physics,2020,74.52
3929,Entity_3929,ComputerScience,2010,59.07
3930,Entity_3930,Engineering,2023,19.85
3931,Entity_3931,Engineering,2017,92.62
3932,Entity_3932,ComputerScience,2018,62.28
3933,Entity_3933,Mathematics,2021,47.95
3934,Entity_3934,Physics,2018,72.36
3935,Entity_3935,ComputerScience,2012,19.98
3936,Entity_3936,Economics,2021,26.0
3937,Entity_3937,Economics,2015,89.6
3938,Entity_3938,Biology,2020,72.02
3939,Entity_3939,Biology,2011,48.8
3940,Entity_3940,Economics,2024,95.29
3941,Entity_3941,ComputerScience,2012,60.32
3942,Entity_3942,Engineering,2012,29.68
3943,Entity_3943,Economics,2010,79.64
3944,Entity_3944,Engineering,2013,74.33
3945,Entity_3945,Biology,2017,68.78
3946,Entity_3946,Economics,2011,17.39
3947,Entity_3947,Economics,2016,56.69
3948,Entity_3948,Biology,2016,61.11
3949,Entity_3949,Physics,2012,1.36
3950,Entity_3950,Economics,2013,59.62
3951,Entity_3951,ComputerScience,2024,92.93
3952,Entity_3952,Economics,2017,50.88
3953,Entity_3953,Engineering,2018,26.62
3954,Entity_3954,Physics,2014,71.12
3955,Entity_3955,Economics,2011,17.94
3956,Entity_3956,ComputerScience,2018,24.58
3957,Entity_3957,ComputerScience,2020,15.67
3958,Entity_3958,Mathematics,2024,14.16
3959,Entity_3959,ComputerScience,2020,98.02
3960,Entity_3960,Physics,2018,12.5
3961,Entity_3961,Engineering,2015,63.64
3962,Entity_3962,Mathematics,2015,9.24
3963,Entity_3963,Engineering,2024,55.38
3964,Entity_3964,Engineering,2012,41.43
3965,Entity_3965,Economics,2014,33.14
3966,Entity_3966,ComputerScience,2020,81.78
3967,Entity_3967,Mathematics,2013,73.32
3968,Entity_3968,Mathematics,2012,26.34
3969,Entity_3969,ComputerScience,2018,66.07
3970,Entity_3970,Economics,2011,72.54
3971,Entity_3971,Engineering,2016,94.62
3972,Entity_3972,Mathematics,2023,63.0
3973,Entity_3973,Economics,2018,21.41
3974,Entity_3974,Biology,2013,33.1
3975,Entity_3975,Physics,2019,63.35
3976,Entity_3976,Biology,2012,45.16
3977,Entity_3977,Engineering,2021,43.96
3978,Entity_3978,Physics,2024,48.42
3979,Entity_3979,Biology,2012,46.48
3980,Entity_3980,Physics,2013,57.4
3981,Entity_3981,Engineering,2012,65.11
3982,Entity_3982,ComputerScience,2014,17.13
3983,Entity_3983,Physics,2023,40.03
3984,Entity_3984,Economics,2013,7.88
3985,Entity_3985,ComputerScience,2016,25.28
3986,Entity_3986,Engineering,2016,10.92
3987,Entity_3987,Economics,2012,72.95
3988,Entity_3988,ComputerScience,2019,10.87
3989,Entity_3989,Biology,2010,11.89
3990,Entity_3990,ComputerScience,2022,83.22
3991,Entity_3991,ComputerScience,2012,25.59
3992,Entity_3992,ComputerScience,2014,15.12
3993,Entity_3993,Engineering,2019,2.34
3994,Entity_3994,ComputerScience,2022,11.53
3995,Entity_3995,Engineering,2023,34.5
3996,Entity_3996,Engineering,2011,21.03
3997,Entity_3997,Biology,2022,56.72
3998,Entity_3998,Biology,2023,17.15
3999,Entity_3999,Mathematics,2017,16.3
4000,Entity_4000,ComputerScience,2018,69.51
4001,Entity_4001,Engineering,2018,13.18
4002,Entity_4002,ComputerScience,2011,54.92
4003,Entity_4003,ComputerScience,2018,88.76
4004,Entity_4004,Biology,2012,1.12
4005,Entity_4005,Physics,2010,23.44
4006,Entity_4006,Biology,2012,35.98
4007,Entity_4007,Mathematics,2013,92.25
4008,Entity_4008,Engineering,2016,68.99
4009,Entity_4009,Engineering,2023,90.26
4010,Entity_4010,Biology,2012,99.09
4011,Entity_4011,Physics,2011,95.69
4012,Entity_4012,Mathematics,2015,8.55
4013,Entity_4013,Mathematics,2011,36.69
4014,Entity_4014,ComputerScience,2024,5.29
4015,Entity_4015,Physics,2012,43.43
4016,Entity_4016,Mathematics,2019,18.96
4017,Entity_4017,Biology,2012,89.42
4018,Entity_4018,Engineering,2014,62.85
4019,Entity_4019,Mathematics,2015,87.66
4020,Entity_4020,Mathematics,2024,50.43
4021,Entity_4021,Mathematics,2024,27.27
4022,Entity_4022,Engineering,2022,8.56
4023,Entity_4023,ComputerScience,2023,93.38
4024,Entity_4024,Physics,2022,65.93
4025,Entity_4025,Mathematics,2012,39.67
4026,Entity_4026,Engineering,2022,78.77
4027,Entity_4027,Biology,2023,7.66
4028,Entity_4028,Economics,2016,96.0
4029,Entity_4029,Mathematics,2012,9.95
4030,Entity_4030,Physics,2012,76.99
4031,Entity_4031,Mathematics,2015,49.93
4032,Entity_4032,Biology,2021,97.31
4033,Entity_4033,Economics,2022,64.02
4034,Entity_4034,Physics,2022,94.46
4035,Entity_4035,Physics,2016,42.45
4036,Entity_4036,Biology,2018,53.84
4037,Entity_4037,Economics,2018,82.32
4038,Entity_4038,Biology,2011,58.52
4039,Entity_4039,Biology,2018,58.21
4040,Entity_4040,Engineering,2022,75.08
4041,Entity_4041,Engineering,2011,24.28
4042,Entity_4042,ComputerScience,2013,99.4
4043,Entity_4043,ComputerScience,2015,56.28
4044,Entity_4044,Physics,2024,11.91
4045,Entity_4045,Mathematics,2015,85.03
4046,Entity_4046,Physics,2014,46.58
4047,Entity_4047,Economics,2024,91.38
4048,Entity_4048,Physics,2013,82.95
4049,Entity_4049,ComputerScience,2021,14.64
4050,Entity_4050,Engineering,2021,15.16
4051,Entity_4051,Engineering,2010,69.92
4052,Entity_4052,Biology,2015,6.35
4053,Entity_4053,ComputerScience,2020,58.58
4054,Entity_4054,Biology,2023,59.8
4055,Entity_4055,Physics,2010,15.54
4056,Entity_4056,Physics,2011,25.26
4057,Entity_4057,ComputerScience,2019,83.28
4058,Entity_4058,Biology,2012,76.78
4059,Entity_4059,Biology,2021,14.87
4060,Entity_4060,Economics,2021,94.93
4061,Entity_4061,Biology,2016,72.53
4062,Entity_4062,Biology,2022,64.84
4063,Entity_4063,ComputerScience,2014,12.02
4064,Entity_4064,ComputerScience,2024,64.6
4065,Entity_4065,Economics,2022,18.18
4066,Entity_4066,Physics,2010,40.24
4067,Entity_4067,Biology,2020,94.88
4068,Entity_4068,Biology,2018,71.43
4069,Entity_4069,Mathematics,2024,57.63
4070,Entity_4070,Mathematics,2021,23.5
4071,Entity_4071,Physics,2014,97.34
4072,Entity_4072,Economics,2016,97.81
4073,Entity_4073,Physics,2021,21.97
4074,Entity_4074,Economics,2010,22.67
4075,Entity_4075,Physics,2023,74.85
4076,Entity_4076,Economics,2019,84.33
4077,Entity_4077,Engineering,2017,48.26
4078,Entity_4078,Engineering,2020,41.1
4079,Entity_4079,Biology,2012,6.41
4080,Entity_4080,Mathematics,2020,43.0
4081,Entity_4081,Mathematics,2011,11.34
4082,Entity_4082,Mathematics,2019,78.1
4083,Entity_4083,Mathematics,2010,24.71
4084,Entity_4084,Physics,2018,11.54
4085,Entity_4085,Physics,2019,2.09
4086,Entity_4086,Mathematics,2013,55.62
4087,Entity_4087,Engineering,2024,4.2
4088,Entity_4088,Mathematics,2011,97.69
4089,Entity_4089,Economics,2010,56.81
4090,Entity_4090,Biology,2010,5.76
4091,Entity_4091,ComputerScience,2014,1.84
4092,Entity_4092,Mathematics,2022,28.96
4093,Entity_4093,Biology,2018,20.29
4094,Entity_4094,Biology,2021,36.23
4095,Entity_4095,Physics,2021,67.79
4096,Entity_4096,Mathematics,2016,89.75
4097,Entity_4097,Economics,2011,50.72
4098,Entity_4098,Physics,2010,59.13
4099,Entity_4099,Biology,2017,59.05
4100,Entity_4100,ComputerScience,2014,16.96
4101,Entity_4101,Engineering,2017,8.8
4102,Entity_4102,Engineering,2011,95.33
4103,Entity_4103,Physics,2024,22.35
4104,Entity_4104,Engineering,2020,14.95
4105,Entity_4105,Engineering,2012,99.35
4106,Entity_4106,Economics,2018,99.24
4107,Entity_4107,Economics,2020,52.81
4108,Entity_4108,Mathematics,2017,78.75
4109,Entity_4109,Mathematics,2014,36.67
4110,Entity_4110,Biology,2010,89.18
4111,Entity_4111,Engineering,2016,24.67
4112,Entity_4112,Economics,2019,8.42
4113,Entity_4113,Physics,2019,63.15
4114,Entity_4114,Biology,2011,80.67
4115,Entity_4115,Physics,2022,87.18
4116,Entity_4116,Economics,2023,96.93
4117,Entity_4117,ComputerScience,2017,10.32
4118,Entity_4118,Mathematics,2012,93.47
4119,Entity_4119,Physics,2011,28.73
4120,Entity_4120,Mathematics,2015,9.83
4121,Entity_4121,Physics,2021,77.42
4122,Entity_4122,Mathematics,2017,97.87
4123,Entity_4123,Biology,2020,92.49
4124,Entity_4124,ComputerScience,2019,49.34
4125,Entity_4125,Mathematics,2023,29.38
4126,Entity_4126,Biology,2023,62.35
4127,Entity_4127,Engineering,2012,44.64
4128,Entity_4128,Economics,2023,62.84
4129,Entity_4129,Mathematics,2015,9.27
4130,Entity_4130,Biology,2018,45.56
4131,Entity_4131,Engineering,2010,62.44
4132,Entity_4132,Engineering,2010,74.36
4133,Entity_4133,Physics,2021,82.3
4134,Entity_4134,ComputerScience,2012,85.45
4135,Entity_4135,Mathematics,2016,16.66
4136,Entity_4136,Biology,2023,8.22
4137,Entity_4137,Biology,2023,46.77
4138,Entity_4138,ComputerScience,2015,47.12
4139,Entity_4139,Engineering,2018,90.11
4140,Entity_4140,Biology,2011,9.5
4141,Entity_4141,Engineering,2011,91.83
4142,Entity_4142,Biology,2022,43.88
4143,Entity_4143,Biology,2015,7.38
4144,Entity_4144,Mathematics,2019,49.14
4145,Entity_4145,Engineering,2021,48.15
4146,Entity_4146,Mathematics,2017,4.79
4147,Entity_4147,Physics,2017,15.41
4148,Entity_4148,Physics,2015,57.25
4149,Entity_4149,Economics,2022,38.65
4150,Entity_4150,Mathematics,2022,43.58
4151,Entity_4151,Biology,2013,6.35
4152,Entity_4152,ComputerScience,2022,68.68
4153,Entity_4153,Mathematics,2014,63.93
4154,Entity_4154,ComputerScience,2012,7.86
4155,Entity_4155,Biology,2011,30.54
4156,Entity_4156,Engineering,2017,87.26
4157,Entity_4157,Economics,2013,67.29
4158,Entity_4158,Mathematics,2012,83.22
4159,Entity_4159,ComputerScience,2024,90.26
4160,Entity_4160,Mathematics,2022,30.39
4161,Entity_4161,Physics,2015,94.25
4162,Entity_4162,Biology,2017,54.02
4163,Entity_4163,Physics,2021,44.24
4164,Entity_4164,Engineering,2019,39.52
4165,Entity_4165,ComputerScience,2018,78.52
4166,Entity_4166,Economics,2013,8.7
4167,Entity_4167,Engineering,2019,62.03
4168,Entity_4168,Mathematics,2020,98.65
4169,Entity_4169,Engineering,2021,82.7
4170,Entity_4170,Engineering,2015,2.4
4171,Entity_4171,Biology,2024,15.6
4172,Entity_4172,Mathematics,2011,79.41
4173,Entity_4173,Engineering,2016,27.02
4174,Entity_4174,Engineering,2010,98.84
4175,Entity_4175,Physics,2020,45.48
4176,Entity_4176,Economics,2011,4.61
4177,Entity_4177,Engineering,2013,42.6
4178,Entity_4178,Economics,2022,17.44
4179,Entity_4179,Biology,2013,35.46
4180,Entity_4180,Physics,2020,58.11
4181,Entity_4181,ComputerScience,2015,81.56
4182,Entity_4182,ComputerScience,2014,89.77
4183,Entity_4183,Economics,2023,86.91
4184,Entity_4184,Engineering,2017,65.24
4185,Entity_4185,Biology,2016,41.63
4186,Entity_4186,Mathematics,2023,54.7
4187,Entity_4187,Economics,2022,34.25
4188,Entity_4188,Physics,2017,43.41
4189,Entity_4189,Physics,2018,59.89
4190,Entity_4190,Economics,2016,38.77
4191,Entity_4191,Engineering,2021,68.35
4192,Entity_4192,Engineering,2014,70.51
4193,Entity_4193,ComputerScience,2011,80.79
4194,Entity_4194,ComputerScience,2011,65.31
4195,Entity_4195,Economics,2024,41.72
4196,Entity_4196,Biology,2021,75.42
4197,Entity_4197,Economics,2011,63.72
4198,Entity_4198,Economics,2019,80.78
4199,Entity_4199,Engineering,2014,85.32
4200,Entity_4200,Physics,2013,77.91
4201,Entity_4201,Economics,2016,12.34
4202,Entity_4202,Biology,2011,35.71
4203,Entity_4203,Biology,2016,90.89
4204,Entity_4204,Engineering,2021,78.68
4205,Entity_4205,Biology,2010,94.02
4206,Entity_4206,Physics,2018,29.08
4207,Entity_4207,Engineering,2014,31.43
4208,Entity_4208,Biology,2020,24.91
4209,Entity_4209,Biology,2010,2.54
4210,Entity_4210,Physics,2022,38.07
4211,Entity_4211,Economics,2023,74.38
4212,Entity_4212,Mathematics,2015,17.87
4213,Entity_4213,Economics,2016,24.94
4214,Entity_4214,Biology,2013,62.01
4215,Entity_4215,Biology,2023,6.11
4216,Entity_4216,Economics,2016,13.76
4217,Entity_4217,Engineering,2016,97.76
4218,Entity_4218,Physics,2016,90.51
4219,Entity_4219,Economics,2012,44.3
4220,Entity_4220,ComputerScience,2021,80.32
4221,Entity_4221,Economics,2011,63.51
4222,Entity_4222,Biology,2023,76.46
4223,Entity_4223,Mathematics,2023,55.74
4224,Entity_4224,Mathematics,2013,10.23
4225,Entity_4225,ComputerScience,2016,2.14
4226,Entity_4226,Economics,2012,3.75
4227,Entity_4227,Engineering,2018,92.14
4228,Entity_4228,ComputerScience,2019,38.86
4229,Entity_4229,Engineering,2021,13.92
4230,Entity_4230,Biology,2020,63.52
4231,Entity_4231,Mathematics,2012,24.73
4232,Entity_4232,Physics,2014,20.19
4233,Entity_4233,Physics,2021,78.22
4234,Entity_4234,Biology,2022,26.79
4235,Entity_4235,ComputerScience,2014,9.21
4236,Entity_4236,Physics,2020,3.29
4237,Entity_4237,Economics,2023,11.24
4238,Entity_4238,Biology,2024,59.99
4239,Entity_4239,ComputerScience,2012,28.96
4240,Entity_4240,Physics,2011,8.66
4241,Entity_4241,Mathematics,2024,83.99
4242,Entity_4242,Biology,2011,49.61
4243,Entity_4243,ComputerScience,2016,8.28
4244,Entity_4244,Engineering,2011,21.82
4245,Entity_4245,Biology,2016,89.08
4246,Entity_4246,Engineering,2024,45.64
4247,Entity_4247,Physics,2012,30.58
4248,Entity_4248,Physics,2020,57.16
4249,Entity_4249,Economics,2023,4.11
4250,Entity_4250,Mathematics,2015,48.91
4251,Entity_4251,Economics,2019,55.1
4252,Entity_4252,Physics,2018,74.43
4253,Entity_4253,ComputerScience,2013,61.0
4254,Entity_4254,Economics,2010,52.28
4255,Entity_4255,Physics,2013,86.82
4256,Entity_4256,ComputerScience,2024,22.48
4257,Entity_4257,Mathematics,2012,22.76
4258,Entity_4258,Engineering,2021,94.04
4259,Entity_4259,Mathematics,2014,48.68
4260,Entity_4260,ComputerScience,2015,71.1
4261,Entity_4261,Engineering,2014,47.24
4262,Entity_4262,Biology,2016,51.75
4263,Entity_4263,Biology,2024,20.11
4264,Entity_4264,Physics,2013,69.02
4265,Entity_4265,Engineering,2014,96.23
4266,Entity_4266,ComputerScience,2019,79.52
4267,Entity_4267,Economics,2014,17.4
4268,Entity_4268,Physics,2021,49.3
4269,Entity_4269,Biology,2016,60.04
4270,Entity_4270,Mathematics,2023,32.56
4271,Entity_4271,ComputerScience,2019,38.92
4272,Entity_4272,Physics,2019,35.94
4273,Entity_4273,Engineering,2023,7.36
4274,Entity_4274,Physics,2024,4.34
4275,Entity_4275,Economics,2014,59.1
4276,Entity_4276,Mathematics,2019,82.84
4277,Entity_4277,Engineering,2018,35.87
4278,Entity_4278,ComputerScience,2011,18.81
4279,Entity_4279,Mathematics,2016,79.3
4280,Entity_4280,Mathematics,2013,8.19
4281,Entity_4281,Engineering,2015,37.82
4282,Entity_4282,Mathematics,2011,1.95
4283,Entity_4283,Engineering,2010,71.96
4284,Entity_4284,Physics,2017,57.18
4285,Entity_4285,Mathematics,2024,24.03
4286,Entity_4286,ComputerScience,2016,29.08
4287,Entity_4287,Physics,2018,22.53
4288,Entity_4288,Economics,2014,71.91
4289,Entity_4289,Engineering,2011,57.82
4290,Entity_4290,Engineering,2016,68.53
4291,Entity_4291,Biology,2015,81.53
4292,Entity_4292,Physics,2013,5.92
4293,Entity_4293,Biology,2017,5.63
4294,Entity_4294,Mathematics,2016,12.81
4295,Entity_4295,Biology,2012,60.54
4296,Entity_4296,Economics,2016,24.41
4297,Entity_4297,ComputerScience,2014,2.77
4298,Entity_4298,Economics,2010,91.25
4299,Entity_4299,Mathematics,2012,84.32
4300,Entity_4300,Biology,2010,89.69
4301,Entity_4301,Economics,2010,34.4
4302,Entity_4302,ComputerScience,2011,47.52
4303,Entity_4303,Biology,2021,30.8
4304,Entity_4304,Mathematics,2022,35.24
4305,Entity_4305,ComputerScience,2018,77.69
4306,Entity_4306,Biology,2019,5.66
4307,Entity_4307,Mathematics,2021,98.41
4308,Entity_4308,Biology,2023,64.47
4309,Entity_4309,ComputerScience,2023,38.02
4310,Entity_4310,Economics,2011,3.9
4311,Entity_4311,ComputerScience,2023,2.03
4312,Entity_4312,ComputerScience,2015,86.28
4313,Entity_4313,Engineering,2016,23.41
4314,Entity_4314,ComputerScience,2013,72.69
4315,Entity_4315,Mathematics,2023,90.39
4316,Entity_4316,ComputerScience,2024,69.14
4317,Entity_4317,ComputerScience,2014,88.45
4318,Entity_4318,ComputerScience,2011,5.75
4319,Entity_4319,Mathematics,2011,27.11
4320,Entity_4320,Engineering,2019,79.37
4321,Entity_4321,Biology,2014,70.17
4322,Entity_4322,Physics,2019,46.61
4323,Entity_4323,Physics,2015,86.33
4324,Entity_4324,Economics,2024,85.17
4325,Entity_4325,Biology,2020,45.23
4326,Entity_4326,ComputerScience,2018,53.23
4327,Entity_4327,Economics,2017,66.47
4328,Entity_4328,Mathematics,2015,77.49
4329,Entity_4329,Biology,2013,10.09
4330,Entity_4330,Mathematics,2021,9.2
4331,Entity_4331,Economics,2023,87.41
4332,Entity_4332,Engineering,2020,73.79
4333,Entity_4333,Physics,2021,8.72
4334,Entity_4334,Biology,2010,22.04
4335,Entity_4335,Engineering,2013,47.35
4336,Entity_4336,Biology,2013,49.28
4337,Entity_4337,Mathematics,2013,81.59
4338,Entity_4338,Economics,2018,85.99
4339,Entity_4339,Mathematics,2021,45.95
4340,Entity_4340,Physics,2023,50.95
4341,Entity_4341,Physics,2013,91.75
4342,Entity_4342,Biology,2017,86.92
4343,Entity_4343,Economics,2013,78.22
4344,Entity_4344,Physics,2011,28.51
4345,Entity_4345,Physics,2020,31.41
4346,Entity_4346,Economics,2020,11.1
4347,Entity_4347,Biology,2024,11.61
4348,Entity_4348,ComputerScience,2013,2.64
4349,Entity_4349,Biology,2012,27.41
4350,Entity_4350,Biology,2020,53.56
4351,Entity_4351,Mathematics,2014,12.71
4352,Entity_4352,Economics,2011,36.09
4353,Entity_4353,Physics,2012,40.3
4354,Entity_4354,Biology,2018,34.04
4355,Entity_4355,Biology,2014,37.61
4356,Entity_4356,ComputerScience,2020,38.87
4357,Entity_4357,Biology,2013,30.11
4358,Entity_4358,Biology,2012,59.81
4359,Entity_4359,Economics,2019,49.87
4360,Entity_4360,Biology,2011,68.43
4361,Entity_4361,Engineering,2013,95.94
4362,Entity_4362,Physics,2011,6.26
4363,Entity_4363,ComputerScience,2019,27.35
4364,Entity_4364,ComputerScience,2018,11.0
4365,Entity_4365,Physics,2024,62.4
4366,Entity_4366,Engineering,2016,39.8
4367,Entity_4367,ComputerScience,2013,73.66
4368,Entity_4368,Engineering,2014,50.02
4369,Entity_4369,Physics,2022,21.15
4370,Entity_4370,Engineering,2014,70.88
4371,Entity_4371,Mathematics,2021,1.31
4372,Entity_4372,Physics,2018,90.87
4373,Entity_4373,Economics,2017,74.17
4374,Entity_4374,Engineering,2013,17.85
4375,Entity_4375,Engineering,2011,17.5
4376,Entity_4376,Mathematics,2024,46.07
4377,Entity_4377,ComputerScience,2020,47.99
4378,Entity_4378,Mathematics,2010,18.57
4379,Entity_4379,Mathematics,2024,8.62
4380,Entity_4380,Engineering,2022,85.46
4381,Entity_4381,Economics,2015,96.98
4382,Entity_4382,Economics,2010,49.34
4383,Entity_4383,Physics,2017,11.83
4384,Entity_4384,ComputerScience,2019,68.32
4385,Entity_4385,Mathematics,2023,23.6
4386,Entity_4386,Economics,2012,75.74
4387,Entity_4387,ComputerScience,2011,31.16
4388,Entity_4388,Engineering,2015,45.81
4389,Entity_4389,Engineering,2015,98.99
4390,Entity_4390,Mathematics,2020,49.16
4391,Entity_4391,Mathematics,2017,2.34
4392,Entity_4392,Mathematics,2014,71.31
4393,Entity_4393,Economics,2022,66.73
4394,Entity_4394,Economics,2017,12.16
4395,Entity_4395,Engineering,2018,73.09
4396,Entity_4396,ComputerScience,2012,97.89
4397,Entity_4397,Physics,2020,99.41
4398,Entity_4398,Mathematics,2017,4.06
4399,Entity_4399,Economics,2021,69.88
4400,Entity_4400,Biology,2015,21.42
4401,Entity_4401,ComputerScience,2013,92.14
4402,Entity_4402,Biology,2020,11.69
4403,Entity_4403,Mathematics,2024,63.06
4404,Entity_4404,Economics,2024,91.33
4405,Entity_4405,Economics,2012,27.27
4406,Entity_4406,Engineering,2015,88.91
4407,Entity_4407,Biology,2019,42.31
4408,Entity_4408,Mathematics,2014,19.87
4409,Entity_4409,Economics,2018,70.48
4410,Entity_4410,Economics,2011,43.91
4411,Entity_4411,Biology,2019,96.85
4412,Entity_4412,Mathematics,2014,11.91
4413,Entity_4413,ComputerScience,2017,92.8
4414,Entity_4414,Physics,2017,68.41
4415,Entity_4415,Economics,2014,62.76
4416,Entity_4416,Engineering,2012,31.06
4417,Entity_4417,Mathematics,2011,80.18
4418,Entity_4418,ComputerScience,2017,5.05
4419,Entity_4419,Mathematics,2023,59.71
4420,Entity_4420,ComputerScience,2017,31.28
4421,Entity_4421,Biology,2015,66.37
4422,Entity_4422,ComputerScience,2010,25.89
4423,Entity_4423,Mathematics,2024,29.04
4424,Entity_4424,Economics,2020,95.89
4425,Entity_4425,Economics,2012,95.41
4426,Entity_4426,Engineering,2014,15.12
4427,Entity_4427,Engineering,2013,43.77
4428,Entity_4428,ComputerScience,2014,22.67
4429,Entity_4429,Biology,2024,36.11
4430,Entity_4430,Engineering,2020,39.24
4431,Entity_4431,Biology,2024,10.72
4432,Entity_4432,Mathematics,2024,30.9
4433,Entity_4433,Mathematics,2012,56.83
4434,Entity_4434,Engineering,2024,32.93
4435,Entity_4435,Economics,2012,68.65
4436,Entity_4436,Physics,2014,14.43
4437,Entity_4437,Economics,2013,30.81
4438,Entity_4438,ComputerScience,2014,57.1
4439,Entity_4439,Engineering,2017,55.04
4440,Entity_4440,Biology,2022,87.72
4441,Entity_4441,Biology,2011,14.72
4442,Entity_4442,Biology,2021,32.01
4443,Entity_4443,Engineering,2021,36.4
4444,Entity_4444,Mathematics,2016,47.19
4445,Entity_4445,Biology,2017,3.74
4446,Entity_4446,Economics,2010,95.79
4447,Entity_4447,Biology,2011,75.83
4448,Entity_4448,Economics,2024,30.94
4449,Entity_4449,Physics,2019,51.71
4450,Entity_4450,Physics,2019,54.78
4451,Entity_4451,Economics,2024,30.04
4452,Entity_4452,Biology,2012,40.89
4453,Entity_4453,ComputerScience,2017,80.94
4454,Entity_4454,Economics,2017,84.08
4455,Entity_4455,ComputerScience,2010,27.75
4456,Entity_4456,Engineering,2011,34.01
4457,Entity_4457,ComputerScience,2023,29.77
4458,Entity_4458,Biology,2021,33.8
4459,Entity_4459,ComputerScience,2011,74.31
4460,Entity_4460,Engineering,2018,74.2
4461,Entity_4461,ComputerScience,2021,21.3
4462,Entity_4462,Physics,2018,74.3
4463,Entity_4463,Biology,2012,23.13
4464,Entity_4464,Engineering,2020,85.37
4465,Entity_4465,Mathematics,2020,31.78
4466,Entity_4466,ComputerScience,2022,49.01
4467,Entity_4467,Engineering,2013,12.36
4468,Entity_4468,ComputerScience,2012,60.78
4469,Entity_4469,ComputerScience,2018,10.59
4470,Entity_4470,Physics,2011,47.9
4471,Entity_4471,Economics,2017,39.68
4472,Entity_4472,ComputerScience,2014,41.05
4473,Entity_4473,Physics,2023,24.26
4474,Entity_4474,Economics,2014,82.35
4475,Entity_4475,Engineering,2017,86.07
4476,Entity_4476,Economics,2011,43.8
4477,Entity_4477,Engineering,2010,19.3
4478,Entity_4478,Engineering,2020,24.83
4479,Entity_4479,Economics,2021,70.26
4480,Entity_4480,Physics,2017,48.57
4481,Entity_4481,Mathematics,2020,10.9
4482,Entity_4482,Economics,2017,37.37
4483,Entity_4483,Mathematics,2016,39.2
4484,Entity_4484,ComputerScience,2017,42.27
4485,Entity_4485,Biology,2012,3.77
4486,Entity_4486,Biology,2011,56.86
4487,Entity_4487,ComputerScience,2019,30.97
4488,Entity_4488,Engineering,2020,89.43
4489,Entity_4489,Economics,2017,5.22
4490,Entity_4490,Mathematics,2012,47.32
4491,Entity_4491,Engineering,2017,28.41
4492,Entity_4492,Physics,2015,50.56
4493,Entity_4493,Economics,2013,35.53
4494,Entity_4494,Engineering,2018,39.67
4495,Entity_4495,ComputerScience,2012,65.94
4496,Entity_4496,Mathematics,2020,72.2
4497,Entity_4497,Mathematics,2017,71.8
4498,Entity_4498,Physics,2014,78.71
4499,Entity_4499,Engineering,2014,92.42
4500,Entity_4500,ComputerScience,2024,84.09
4501,Entity_4501,Biology,2016,96.29
4502,Entity_4502,Economics,2020,18.86
4503,Entity_4503,Engineering,2024,51.19
4504,Entity_4504,Engineering,2018,26.66
4505,Entity_4505,Engineering,2015,59.3
4506,Entity_4506,Economics,2015,58.86
4507,Entity_4507,Biology,2011,5.45
4508,Entity_4508,Engineering,2012,23.94
4509,Entity_4509,Engineering,2011,50.44
4510,Entity_4510,Engineering,2017,33.04
4511,Entity_4511,Physics,2022,81.05
4512,Entity_4512,Engineering,2022,24.43
4513,Entity_4513,Physics,2021,89.35
4514,Entity_4514,Biology,2024,7.37
4515,Entity_4515,Economics,2014,12.33
4516,Entity_4516,Engineering,2011,44.71
4517,Entity_4517,Mathematics,2019,63.5
4518,Entity_4518,ComputerScience,2024,18.23
4519,Entity_4519,ComputerScience,2021,45.5
4520,Entity_4520,Physics,2020,57.8
4521,Entity_4521,Physics,2013,26.0
4522,Entity_4522,Biology,2020,29.32
4523,Entity_4523,Physics,2021,17.05
4524,Entity_4524,Economics,2022,79.21
4525,Entity_4525,ComputerScience,2019,3.4
4526,Entity_4526,Engineering,2011,21.15
4527,Entity_4527,Physics,2024,1.52
4528,Entity_4528,Biology,2019,55.11
4529,Entity_4529,ComputerScience,2015,19.35
4530,Entity_4530,Engineering,2024,73.1
4531,Entity_4531,Economics,2017,19.82
4532,Entity_4532,Physics,2019,82.93
4533,Entity_4533,Economics,2015,36.29
4534,Entity_4534,Economics,2023,14.65
4535,Entity_4535,ComputerScience,2017,43.32
4536,Entity_4536,Biology,2023,8.02
4537,Entity_4537,ComputerScience,2012,78.46
4538,Entity_4538,Mathematics,2011,12.67
4539,Entity_4539,Physics,2010,60.55
4540,Entity_4540,Mathematics,2010,23.18
4541,Entity_4541,Mathematics,2024,82.99
4542,Entity_4542,Biology,2021,36.43
4543,Entity_4543,Physics,2014,8.4
4544,Entity_4544,Economics,2013,85.47
4545,Entity_4545,Economics,2018,31.91
4546,Entity_4546,Economics,2010,55.05
4547,Entity_4547,ComputerScience,2019,47.63
4548,Entity_4548,Mathematics,2020,3.97
4549,Entity_4549,Mathematics,2016,26.83
4550,Entity_4550,Mathematics,2024,76.71
4551,Entity_4551,Physics,2013,55.16
4552,Entity_4552,Engineering,2015,92.49
4553,Entity_4553,Engineering,2024,87.95
4554,Entity_4554,Physics,2017,8.22
4555,Entity_4555,Economics,2024,61.39
4556,Entity_4556,ComputerScience,2015,98.12
4557,Entity_4557,Biology,2019,74.19
4558,Entity_4558,ComputerScience,2024,55.59
4559,Entity_4559,Physics,2014,72.61
4560,Entity_4560,ComputerScience,2010,50.16
4561,Entity_4561,Physics,2020,35.68
4562,Entity_4562,Biology,2014,78.37
4563,Entity_4563,Physics,2010,93.19
4564,Entity_4564,ComputerScience,2022,78.4
4565,Entity_4565,Physics,2018,61.21
4566,Entity_4566,Biology,2020,68.68
4567,Entity_4567,ComputerScience,2018,48.74
4568,Entity_4568,Biology,2022,38.35
4569,Entity_4569,Physics,2016,70.43
4570,Entity_4570,Economics,2012,12.44
4571,Entity_4571,ComputerScience,2024,61.95
4572,Entity_4572,Mathematics,2015,20.17
4573,Entity_4573,Biology,2024,6.73
4574,Entity_4574,Physics,2011,59.27
4575,Entity_4575,Physics,2016,75.0
4576,Entity_4576,Economics,2019,5.53
4577,Entity_4577,ComputerScience,2023,72.26
4578,Entity_4578,ComputerScience,2011,6.61
4579,Entity_4579,Biology,2012,28.98
4580,Entity_4580,Mathematics,2015,60.64
4581,Entity_4581,Physics,2014,13.84
4582,Entity_4582,Biology,2017,66.1
4583,Entity_4583,Engineering,2011,8.56
4584,Entity_4584,Economics,2013,50.0
4585,Entity_4585,Engineering,2023,36.34
4586,Entity_4586,Physics,2017,71.6
4587,Entity_4587,Mathematics,2022,55.59
4588,Entity_4588,Engineering,2013,53.16
4589,Entity_4589,Mathematics,2015,70.08
4590,Entity_4590,Economics,2011,6.35
4591,Entity_4591,Biology,2021,95.11
4592,Entity_4592,Biology,2014,8.77
4593,Entity_4593,Physics,2023,97.62
4594,Entity_4594,Physics,2014,74.45
4595,Entity_4595,Physics,2011,37.87
4596,Entity_4596,Physics,2010,97.81
4597,Entity_4597,Engineering,2017,65.34
4598,Entity_4598,Biology,2011,3.11
4599,Entity_4599,ComputerScience,2014,28.52
4600,Entity_4600,Biology,2014,82.89
4601,Entity_4601,ComputerScience,2010,28.63
4602,Entity_4602,Economics,2016,50.04
4603,Entity_4603,Biology,2016,44.96
4604,Entity_4604,Physics,2013,38.55
4605,Entity_4605,Engineering,2016,53.72
4606,Entity_4606,Engineering,2014,4.1
4607,Entity_4607,Mathematics,2024,3.57
4608,Entity_4608,Economics,2022,89.42
4609,Entity_4609,Mathematics,2022,75.58
4610,Entity_4610,Physics,2022,3.71
4611,Entity_4611,Engineering,2023,62.53
4612,Entity_4612,Biology,2022,73.19
4613,Entity_4613,Engineering,2022,6.65
4614,Entity_4614,ComputerScience,2018,39.42
4615,Entity_4615,Engineering,2024,68.12
4616,Entity_4616,Economics,2017,42.96
4617,Entity_4617,Engineering,2019,77.13
4618,Entity_4618,Mathematics,2012,96.07
4619,Entity_4619,Biology,2021,99.27
4620,Entity_4620,Physics,2012,90.86
4621,Entity_4621,Mathematics,2022,68.58
4622,Entity_4622,Mathematics,2011,99.88
4623,Entity_4623,Economics,2014,34.42
4624,Entity_4624,Biology,2010,61.94
4625,Entity_4625,Mathematics,2014,66.26
4626,Entity_4626,Engineering,2022,77.38
4627,Entity_4627,ComputerScience,2011,31.38
4628,Entity_4628,Engineering,2015,83.76
4629,Entity_4629,Physics,2017,46.81
4630,Entity_4630,Biology,2010,47.18
4631,Entity_4631,Mathematics,2017,64.14
4632,Entity_4632,Economics,2013,41.45
4633,Entity_4633,Economics,2011,28.37
4634,Entity_4634,Economics,2018,32.09
4635,Entity_4635,ComputerScience,2017,18.8
4636,Entity_4636,Mathematics,2014,87.04
4637,Entity_4637,Physics,2013,63.4
4638,Entity_4638,Physics,2023,62.18
4639,Entity_4639,ComputerScience,2013,12.33
4640,Entity_4640,ComputerScience,2012,68.76
4641,Entity_4641,Biology,2019,32.42
4642,Entity_4642,Economics,2021,23.57
4643,Entity_4643,Engineering,2014,97.55
4644,Entity_4644,ComputerScience,2020,84.65
4645,Entity_4645,Mathematics,2018,72.11
4646,Entity_4646,Economics,2013,35.62
4647,Entity_4647,ComputerScience,2018,44.94
4648,Entity_4648,Economics,2011,24.46
4649,Entity_4649,Mathematics,2019,37.76
4650,Entity_4650,Engineering,2016,8.07
4651,Entity_4651,Biology,2024,29.03
4652,Entity_4652,ComputerScience,2015,61.09
4653,Entity_4653,Mathematics,2015,97.53
4654,Entity_4654,Engineering,2015,47.6
4655,Entity_4655,Mathematics,2019,4.08
4656,Entity_4656,Mathematics,2010,29.8
4657,Entity_4657,Physics,2024,59.53
4658,Entity_4658,ComputerScience,2019,21.94
4659,Entity_4659,Mathematics,2018,71.86
4660,Entity_4660,Engineering,2018,78.56
4661,Entity_4661,Engineering,2015,94.05
4662,Entity_4662,Biology,2023,58.69
4663,Entity_4663,Engineering,2021,15.86
4664,Entity_4664,Engineering,2011,95.56
4665,Entity_4665,Physics,2019,50.85
4666,Entity_4666,Economics,2020,55.28
4667,Entity_4667,Biology,2018,73.57
4668,Entity_4668,Economics,2022,6.09
4669,Entity_4669,Biology,2020,52.92
4670,Entity_4670,Biology,2015,27.65
4671,Entity_4671,Economics,2014,91.2
4672,Entity_4672,Mathematics,2013,80.1
4673,Entity_4673,Mathematics,2013,46.13
4674,Entity_4674,Engineering,2011,69.61
4675,Entity_4675,Biology,2021,95.8
4676,Entity_4676,Biology,2015,8.89
4677,Entity_4677,Economics,2018,8.57
4678,Entity_4678,Mathematics,2020,48.93
4679,Entity_4679,Physics,2017,78.84
4680,Entity_4680,Physics,2019,82.95
4681,Entity_4681,Physics,2024,54.22
4682,Entity_4682,Biology,2020,58.89
4683,Entity_4683,Physics,2019,26.77
4684,Entity_4684,Mathematics,2015,32.07
4685,Entity_4685,ComputerScience,2016,42.68
4686,Entity_4686,Physics,2019,49.93
4687,Entity_4687,Physics,2024,18.81
4688,Entity_4688,Biology,2010,17.51
4689,Entity_4689,Biology,2014,76.79
4690,Entity_4690,Engineering,2024,47.52
4691,Entity_4691,ComputerScience,2012,87.08
4692,Entity_4692,Biology,2010,69.31
4693,Entity_4693,ComputerScience,2012,51.97
4694,Entity_4694,Economics,2024,39.42
4695,Entity_4695,Biology,2015,13.62
4696,Entity_4696,Engineering,2018,24.9
4697,Entity_4697,Mathematics,2011,34.34
4698,Entity_4698,Mathematics,2019,61.27
4699,Entity_4699,ComputerScience,2021,5.48
4700,Entity_4700,Engineering,2024,36.14
4701,Entity_4701,Biology,2024,41.48
4702,Entity_4702,Biology,2021,83.65
4703,Entity_4703,Mathematics,2022,48.23
4704,Entity_4704,Physics,2021,19.16
4705,Entity_4705,Economics,2024,82.19
4706,Entity_4706,Economics,2011,16.07
4707,Entity_4707,ComputerScience,2019,59.71
4708,Entity_4708,Engineering,2020,45.9
4709,Entity_4709,Mathematics,2017,18.5
4710,Entity_4710,Engineering,2019,28.65
4711,Entity_4711,ComputerScience,2013,30.44
4712,Entity_4712,Mathematics,2010,56.85
4713,Entity_4713,Economics,2019,51.31
4714,Entity_4714,Biology,2014,32.96
4715,Entity_4715,Mathematics,2022,18.66
4716,Entity_4716,Physics,2010,81.58
4717,Entity_4717,Engineering,2024,98.93
4718,Entity_4718,Physics,2016,52.39
4719,Entity_4719,Economics,2024,61.93
4720,Entity_4720,ComputerScience,2015,29.19
4721,Entity_4721,ComputerScience,2014,28.11
4722,Entity_4722,Biology,2013,88.65
4723,Entity_4723,Mathematics,2024,26.68
4724,Entity_4724,Economics,2022,11.51
4725,Entity_4725,Physics,2020,28.58
4726,Entity_4726,ComputerScience,2013,55.66
4727,Entity_4727,Economics,2022,17.72
4728,Entity_4728,Economics,2024,4.93
4729,Entity_4729,Economics,2018,80.1
4730,Entity_4730,ComputerScience,2017,83.42
4731,Entity_4731,ComputerScience,2015,21.11
4732,Entity_4732,Economics,2016,73.48
4733,Entity_4733,Economics,2012,83.27
4734,Entity_4734,Mathematics,2024,11.85
4735,Entity_4735,Engineering,2024,84.63
4736,Entity_4736,Biology,2024,43.79
4737,Entity_4737,Mathematics,2011,86.59
4738,Entity_4738,Mathematics,2021,67.2
4739,Entity_4739,Mathematics,2022,8.83
4740,Entity_4740,Physics,2021,8.36
4741,Entity_4741,Physics,2018,34.2
4742,Entity_4742,Biology,2020,73.82
4743,Entity_4743,Engineering,2022,8.33
4744,Entity_4744,Engineering,2015,89.33
4745,Entity_4745,ComputerScience,2016,10.94
4746,Entity_4746,Engineering,2022,52.61
4747,Entity_4747,Physics,2023,56.26
4748,Entity_4748,Engineering,2010,94.97
4749,Entity_4749,Engineering,2010,25.35
4750,Entity_4750,Economics,2016,87.34
4751,Entity_4751,Physics,2020,20.37
4752,Entity_4752,Biology,2012,48.97
4753,Entity_4753,Physics,2021,50.18
4754,Entity_4754,Physics,2013,63.84
4755,Entity_4755,ComputerScience,2018,85.86
4756,Entity_4756,Engineering,2013,1.32
4757,Entity_4757,ComputerScience,2017,56.22
4758,Entity_4758,Physics,2021,18.63
4759,Entity_4759,Biology,2021,27.04
4760,Entity_4760,Biology,2020,58.81
4761,Entity_4761,Engineering,2015,48.94
4762,Entity_4762,Engineering,2012,87.91
4763,Entity_4763,Physics,2024,29.92
4764,Entity_4764,Biology,2017,79.88
4765,Entity_4765,Biology,2019,36.36
4766,Entity_4766,Biology,2014,10.56
4767,Entity_4767,ComputerScience,2024,89.79
4768,Entity_4768,Mathematics,2016,96.97
4769,Entity_4769,Mathematics,2013,66.58
4770,Entity_4770,ComputerScience,2012,47.01
4771,Entity_4771,Mathematics,2020,12.24
4772,Entity_4772,Engineering,2016,70.78
4773,Entity_4773,Biology,2023,80.67
4774,Entity_4774,Biology,2019,41.79
4775,Entity_4775,Physics,2010,29.8
4776,Entity_4776,Economics,2013,89.09
4777,Entity_4777,Biology,2010,56.66
4778,Entity_4778,Mathematics,2014,67.82
4779,Entity_4779,Biology,2016,81.09
4780,Entity_4780,Biology,2016,26.81
4781,Entity_4781,ComputerScience,2014,49.07
4782,Entity_4782,Physics,2015,63.99
4783,Entity_4783,ComputerScience,2014,45.32
4784,Entity_4784,Physics,2019,87.69
4785,Entity_4785,Economics,2013,78.18
4786,Entity_4786,ComputerScience,2019,61.46
4787,Entity_4787,Physics,2019,54.44
4788,Entity_4788,Engineering,2010,80.44
4789,Entity_4789,ComputerScience,2022,70.77
4790,Entity_4790,Mathematics,2022,76.84
4791,Entity_4791,ComputerScience,2020,5.87
4792,Entity_4792,Physics,2015,54.01
4793,Entity_4793,Physics,2023,54.03
4794,Entity_4794,Engineering,2013,29.73
4795,Entity_4795,Physics,2024,38.01
4796,Entity_4796,Biology,2013,55.74
4797,Entity_4797,Physics,2010,4.57
4798,Entity_4798,ComputerScience,2022,94.1
4799,Entity_4799,ComputerScience,2018,40.4
4800,Entity_4800,Biology,2010,16.54
4801,Entity_4801,Mathematics,2010,23.77
4802,Entity_4802,Engineering,2013,4.34
4803,Entity_4803,Engineering,2011,81.49
4804,Entity_4804,Biology,2020,40.67
4805,Entity_4805,Engineering,2024,27.73
4806,Entity_4806,ComputerScience,2011,8.32
4807,Entity_4807,Engineering,2021,76.48
4808,Entity_4808,Biology,2010,2.46
4809,Entity_4809,Economics,2019,91.98
4810,Entity_4810,ComputerScience,2021,59.23
4811,Entity_4811,Biology,2013,83.32
4812,Entity_4812,Mathematics,2022,33.05
4813,Entity_4813,Economics,2021,3.32
4814,Entity_4814,Mathematics,2017,21.06
4815,Entity_4815,Mathematics,2020,58.04
4816,Entity_4816,Biology,2014,43.52
4817,Entity_4817,Physics,2016,56.54
4818,Entity_4818,Biology,2014,90.86
4819,Entity_4819,Economics,2018,25.22
4820,Entity_4820,ComputerScience,2017,73.03
4821,Entity_4821,Mathematics,2022,55.11
4822,Entity_4822,ComputerScience,2017,23.18
4823,Entity_4823,ComputerScience,2016,77.35
4824,Entity_4824,Biology,2015,48.2
4825,Entity_4825,ComputerScience,2020,31.75
4826,Entity_4826,Physics,2022,63.36
4827,Entity_4827,ComputerScience,2011,56.53
4828,Entity_4828,Physics,2023,94.27
4829,Entity_4829,Economics,2013,9.3
4830,Entity_4830,Biology,2019,83.97
4831,Entity_4831,Economics,2021,84.13
4832,Entity_4832,Physics,2010,76.97
4833,Entity_4833,Mathematics,2016,31.83
4834,Entity_4834,Mathematics,2023,15.91
4835,Entity_4835,Mathematics,2021,56.97
4836,Entity_4836,Biology,2023,1.55
4837,Entity_4837,Engineering,2013,75.75
4838,Entity_4838,Biology,2018,50.48
4839,Entity_4839,Engineering,2013,32.86
4840,Entity_4840,Engineering,2017,51.93
4841,Entity_4841,Engineering,2021,9.06
4842,Entity_4842,ComputerScience,2016,70.23
4843,Entity_4843,Biology,2012,75.93
4844,Entity_4844,Physics,2018,75.07
4845,Entity_4845,Physics,2013,44.32
4846,Entity_4846,ComputerScience,2010,88.66
4847,Entity_4847,Biology,2012,62.99
4848,Entity_4848,Economics,2017,14.85
4849,Entity_4849,Economics,2016,40.54
4850,Entity_4850,Mathematics,2011,44.11
4851,Entity_4851,Mathematics,2021,92.28
4852,Entity_4852,Engineering,2014,52.73
4853,Entity_4853,Economics,2024,37.79
4854,Entity_4854,Engineering,2012,15.01
4855,Entity_4855,Economics,2020,21.24
4856,Entity_4856,Economics,2021,37.75
4857,Entity_4857,Economics,2014,47.74
4858,Entity_4858,Physics,2024,33.69
4859,Entity_4859,Engineering,2021,99.62
4860,Entity_4860,Physics,2012,52.91
4861,Entity_4861,Biology,2010,32.45
4862,Entity_4862,Physics,2012,47.58
4863,Entity_4863,ComputerScience,2014,70.44
4864,Entity_4864,Physics,2021,10.29
4865,Entity_4865,Biology,2015,10.38
4866,Entity_4866,Economics,2017,59.85
4867,Entity_4867,ComputerScience,2015,64.0
4868,Entity_4868,Physics,2015,63.25
4869,Entity_4869,Physics,2014,29.13
4870,Entity_4870,Biology,2019,73.2
4871,Entity_4871,Mathematics,2019,76.93
4872,Entity_4872,Mathematics,2018,54.56
4873,Entity_4873,Engineering,2013,8.67
4874,Entity_4874,Physics,2011,73.34
4875,Entity_4875,Mathematics,2012,27.03
4876,Entity_4876,ComputerScience,2012,79.89
4877,Entity_4877,Economics,2020,76.84
4878,Entity_4878,Mathematics,2019,77.43
4879,Entity_4879,Economics,2019,28.45
4880,Entity_4880,Engineering,2023,61.97
4881,Entity_4881,Biology,2013,17.64
4882,Entity_4882,Physics,2013,10.04
4883,Entity_4883,Economics,2012,15.19
4884,Entity_4884,Biology,2023,1.02
4885,Entity_4885,ComputerScience,2024,97.01
4886,Entity_4886,Physics,2018,80.92
4887,Entity_4887,Biology,2020,47.7
4888,Entity_4888,Mathematics,2018,76.24
4889,Entity_4889,Physics,2018,39.93
4890,Entity_4890,Biology,2021,47.97
4891,Entity_4891,Mathematics,2023,52.68
4892,Entity_4892,Economics,2011,88.45
4893,Entity_4893,Physics,2012,94.6
4894,Entity_4894,Mathematics,2021,15.15
4895,Entity_4895,Biology,2018,44.72
4896,Entity_4896,Engineering,2022,25.8
4897,Entity_4897,ComputerScience,2018,90.08
4898,Entity_4898,Engineering,2015,18.62
4899,Entity_4899,Mathematics,2023,47.14
4900,Entity_4900,Engineering,2015,73.12
4901,Entity_4901,Physics,2019,56.42
4902,Entity_4902,Physics,2016,38.05
4903,Entity_4903,Engineering,2010,20.39
4904,Entity_4904,Mathematics,2018,20.29
4905,Entity_4905,Economics,2014,33.52
4906,Entity_4906,Mathematics,2024,26.12
4907,Entity_4907,ComputerScience,2019,28.03
4908,Entity_4908,Engineering,2014,64.53
4909,Entity_4909,Biology,2010,99.58
4910,Entity_4910,Engineering,2014,28.14
4911,Entity_4911,ComputerScience,2019,82.51
4912,Entity_4912,Engineering,2024,47.61
4913,Entity_4913,Economics,2020,45.99
4914,Entity_4914,Physics,2017,75.24
4915,Entity_4915,Engineering,2022,55.01
4916,Entity_4916,ComputerScience,2010,37.58
4917,Entity_4917,Economics,2024,71.62
4918,Entity_4918,Engineering,2021,18.51
4919,Entity_4919,Physics,2011,42.54
4920,Entity_4920,ComputerScience,2010,44.89
4921,Entity_4921,Engineering,2010,32.11
4922,Entity_4922,Economics,2014,98.36
4923,Entity_4923,Physics,2020,61.79
4924,Entity_4924,ComputerScience,2015,83.89
4925,Entity_4925,Mathematics,2024,71.22
4926,Entity_4926,Economics,2021,94.49
4927,Entity_4927,Economics,2010,94.11
4928,Entity_4928,Biology,2016,83.93
4929,Entity_4929,Engineering,2010,7.43
4930,Entity_4930,Economics,2012,73.17
4931,Entity_4931,ComputerScience,2012,44.9
4932,Entity_4932,Mathematics,2019,20.67
4933,Entity_4933,Economics,2016,18.12
4934,Entity_4934,Engineering,2023,83.95
4935,Entity_4935,ComputerScience,2014,28.1
4936,Entity_4936,Mathematics,2011,34.8
4937,Entity_4937,Economics,2023,69.93
4938,Entity_4938,Economics,2024,46.84
4939,Entity_4939,ComputerScience,2024,9.97
4940,Entity_4940,Engineering,2011,19.38
4941,Entity_4941,Economics,2020,96.61
4942,Entity_4942,Physics,2022,2.03
4943,Entity_4943,Engineering,2015,46.57
4944,Entity_4944,Engineering,2013,31.47
4945,Entity_4945,Engineering,2020,94.32
4946,Entity_4946,Physics,2021,75.83
4947,Entity_4947,Physics,2014,6.28
4948,Entity_4948,Engineering,2014,18.62
4949,Entity_4949,Physics,2019,32.24
4950,Entity_4950,Physics,2023,19.64
4951,Entity_4951,Physics,2012,97.95
4952,Entity_4952,Mathematics,2021,44.52
4953,Entity_4953,ComputerScience,2017,36.16
4954,Entity_4954,Mathematics,2015,77.46
4955,Entity_4955,Economics,2017,83.12
4956,Entity_4956,Engineering,2023,17.88
4957,Entity_4957,Economics,2016,16.41
4958,Entity_4958,Economics,2013,99.38
4959,Entity_4959,Biology,2015,64.95
4960,Entity_4960,Engineering,2022,29.58
4961,Entity_4961,Mathematics,2021,96.88
4962,Entity_4962,Economics,2023,74.57
4963,Entity_4963,Mathematics,2011,51.81
4964,Entity_4964,Physics,2014,22.61
4965,Entity_4965,Mathematics,2010,92.27
4966,Entity_4966,Economics,2020,63.48
4967,Entity_4967,Biology,2012,47.26
4968,Entity_4968,Mathematics,2015,56.81
4969,Entity_4969,Engineering,2019,90.23
4970,Entity_4970,Mathematics,2021,11.36
4971,Entity_4971,Mathematics,2023,90.2
4972,Entity_4972,Physics,2016,48.07
4973,Entity_4973,Mathematics,2020,90.4
4974,Entity_4974,Physics,2024,36.44
4975,Entity_4975,Physics,2017,55.13
4976,Entity_4976,ComputerScience,2017,81.11
4977,Entity_4977,Biology,2019,58.02
4978,Entity_4978,Biology,2021,40.53
4979,Entity_4979,Physics,2014,72.61
4980,Entity_4980,Economics,2015,48.77
4981,Entity_4981,Biology,2014,4.97
4982,Entity_4982,Physics,2022,93.54
4983,Entity_4983,Economics,2011,42.68
4984,Entity_4984,Mathematics,2019,40.67
4985,Entity_4985,ComputerScience,2012,51.71
4986,Entity_4986,Mathematics,2024,60.09
4987,Entity_4987,Engineering,2018,20.65
4988,Entity_4988,Economics,2022,14.82
4989,Entity_4989,Engineering,2015,79.07
4990,Entity_4990,ComputerScience,2011,31.62
4991,Entity_4991,Physics,2022,35.26
4992,Entity_4992,Biology,2012,46.6
4993,Entity_4993,Engineering,2012,20.84
4994,Entity_4994,Physics,2014,31.45
4995,Entity_4995,Physics,2013,85.92
4996,Entity_4996,Biology,2011,72.69
4997,Entity_4997,Physics,2020,55.98
4998,Entity_4998,Mathematics,2010,48.26
4999,Entity_4999,Mathematics,2011,47.61
5000,Entity_5000,Engineering,2016,70.18
5001,Entity_5001,Biology,2020,38.25
5002,Entity_5002,Biology,2021,25.03
5003,Entity_5003,ComputerScience,2016,13.72
5004,Entity_5004,Physics,2016,77.55
5005,Entity_5005,Mathematics,2023,67.8
5006,Entity_5006,Biology,2019,39.99
5007,Entity_5007,ComputerScience,2015,49.34
5008,Entity_5008,Engineering,2019,3.66
5009,Entity_5009,Economics,2012,77.02
5010,Entity_5010,Mathematics,2015,34.65
5011,Entity_5011,ComputerScience,2019,60.32
5012,Entity_5012,Biology,2024,8.65
5013,Entity_5013,Physics,2012,50.5
5014,Entity_5014,ComputerScience,2013,30.89
5015,Entity_5015,ComputerScience,2015,39.02
5016,Entity_5016,Physics,2016,15.92
5017,Entity_5017,Mathematics,2016,67.85
5018,Entity_5018,Biology,2010,26.84
5019,Entity_5019,Biology,2012,17.19
5020,Entity_5020,Engineering,2018,83.59
5021,Entity_5021,Biology,2022,9.18
5022,Entity_5022,Engineering,2021,11.04
5023,Entity_5023,Biology,2022,80.88
5024,Entity_5024,Physics,2015,13.75
5025,Entity_5025,Economics,2016,68.94
5026,Entity_5026,ComputerScience,2017,65.73
5027,Entity_5027,Engineering,2016,42.82
5028,Entity_5028,ComputerScience,2014,43.07
5029,Entity_5029,Engineering,2020,12.48
5030,Entity_5030,Biology,2018,37.91
5031,Entity_5031,Biology,2021,34.17
5032,Entity_5032,Economics,2015,12.06
5033,Entity_5033,Physics,2016,53.64
5034,Entity_5034,Biology,2023,67.8
5035,Entity_5035,Physics,2010,34.37
5036,Entity_5036,Engineering,2019,26.53
5037,Entity_5037,Economics,2023,61.84
5038,Entity_5038,Biology,2016,5.81
5039,Entity_5039,Mathematics,2010,13.03
5040,Entity_5040,Biology,2017,37.34
5041,Entity_5041,Economics,2020,37.56
5042,Entity_5042,Biology,2015,67.82
5043,Entity_5043,ComputerScience,2018,27.46
5044,Entity_5044,Mathematics,2015,42.29
5045,Entity_5045,Biology,2015,30.47
5046,Entity_5046,ComputerScience,2019,12.06
5047,Entity_5047,Engineering,2010,53.6
5048,Entity_5048,Biology,2013,18.35
5049,Entity_5049,Economics,2011,13.48
5050,Entity_5050,Physics,2020,49.85
5051,Entity_5051,Mathematics,2015,97.21
5052,Entity_5052,Engineering,2019,25.17
5053,Entity_5053,Engineering,2023,52.83
5054,Entity_5054,Biology,2010,8.58
5055,Entity_5055,Mathematics,2010,15.53
5056,Entity_5056,Engineering,2020,81.44
5057,Entity_5057,ComputerScience,2016,51.75
5058,Entity_5058,Engineering,2011,34.44
5059,Entity_5059,Engineering,2021,30.9
5060,Entity_5060,Biology,2010,19.21
5061,Entity_5061,Engineering,2014,72.44
5062,Entity_5062,Engineering,2024,8.85
5063,Entity_5063,Biology,2011,79.57
5064,Entity_5064,Economics,2014,99.5
5065,Entity_5065,Economics,2018,54.38
5066,Entity_5066,Physics,2021,80.1
5067,Entity_5067,Mathematics,2019,47.82
5068,Entity_5068,Biology,2014,74.94
5069,Entity_5069,Physics,2014,50.65
5070,Entity_5070,ComputerScience,2019,40.47
5071,Entity_5071,Physics,2020,29.21
5072,Entity_5072,ComputerScience,2016,21.51
5073,Entity_5073,Biology,2020,13.85
5074,Entity_5074,Mathematics,2017,60.31
5075,Entity_5075,Engineering,2015,10.62
5076,Entity_5076,Physics,2010,71.19
5077,Entity_5077,Physics,2011,61.53
5078,Entity_5078,Engineering,2021,61.32
5079,Entity_5079,Biology,2019,42.66
5080,Entity_5080,Economics,2015,54.6
5081,Entity_5081,Biology,2024,56.21
5082,Entity_5082,Mathematics,2015,32.64
5083,Entity_5083,Biology,2012,46.73
5084,Entity_5084,Engineering,2017,21.85
5085,Entity_5085,Engineering,2012,67.63
5086,Entity_5086,Mathematics,2016,4.19
5087,Entity_5087,Economics,2011,63.51
5088,Entity_5088,Economics,2015,9.23
5089,Entity_5089,Engineering,2018,37.55
5090,Entity_5090,Mathematics,2022,32.22
5091,Entity_5091,Engineering,2017,3.93
5092,Entity_5092,Economics,2019,17.51
5093,Entity_5093,Mathematics,2019,43.72
5094,Entity_5094,ComputerScience,2022,97.36
5095,Entity_5095,Economics,2021,49.58
5096,Entity_5096,Physics,2016,92.2
5097,Entity_5097,Physics,2016,61.11
5098,Entity_5098,ComputerScience,2011,40.18
5099,Entity_5099,Physics,2011,57.5
5100,Entity_5100,Physics,2023,16.75
5101,Entity_5101,Engineering,2016,55.46
5102,Entity_5102,Mathematics,2022,22.56
5103,Entity_5103,Economics,2014,32.62
5104,Entity_5104,Mathematics,2020,11.46
5105,Entity_5105,Engineering,2020,76.41
5106,Entity_5106,Mathematics,2018,54.03
5107,Entity_5107,Biology,2013,86.05
5108,Entity_5108,Biology,2022,46.93
5109,Entity_5109,Biology,2012,92.47
5110,Entity_5110,Physics,2016,29.55
5111,Entity_5111,Economics,2023,34.07
5112,Entity_5112,Biology,2020,18.05
5113,Entity_5113,ComputerScience,2016,58.44
5114,Entity_5114,Biology,2016,41.62
5115,Entity_5115,Engineering,2010,62.27
5116,Entity_5116,Physics,2019,62.37
5117,Entity_5117,ComputerScience,2019,57.49
5118,Entity_5118,Biology,2010,33.18
5119,Entity_5119,Physics,2012,57.36
5120,Entity_5120,Biology,2020,10.01
5121,Entity_5121,Mathematics,2010,74.55
5122,Entity_5122,Engineering,2016,55.65
5123,Entity_5123,Physics,2023,91.41
5124,Entity_5124,Biology,2015,72.58
5125,Entity_5125,Physics,2012,47.74
5126,Entity_5126,Engineering,2024,20.78
5127,Entity_5127,Physics,2014,7.42
5128,Entity_5128,ComputerScience,2013,58.18
5129,Entity_5129,Biology,2013,68.68
5130,Entity_5130,Biology,2013,79.88
5131,Entity_5131,Biology,2018,64.5
5132,Entity_5132,Economics,2023,33.79
5133,Entity_5133,Physics,2013,46.76
5134,Entity_5134,ComputerScience,2010,75.11
5135,Entity_5135,Engineering,2020,41.23
5136,Entity_5136,Economics,2017,86.35
5137,Entity_5137,ComputerScience,2022,42.29
5138,Entity_5138,Mathematics,2024,71.88
5139,Entity_5139,ComputerScience,2021,77.88
5140,Entity_5140,Engineering,2018,71.76
5141,Entity_5141,Biology,2017,82.95
5142,Entity_5142,ComputerScience,2014,81.35
5143,Entity_5143,Engineering,2022,4.95
5144,Entity_5144,Biology,2021,92.81
5145,Entity_5145,Engineering,2020,44.56
5146,Entity_5146,ComputerScience,2011,15.45
5147,Entity_5147,Mathematics,2022,82.7
5148,Entity_5148,ComputerScience,2021,17.73
5149,Entity_5149,Biology,2020,34.64
5150,Entity_5150,Physics,2022,48.78
5151,Entity_5151,Mathematics,2011,33.67
5152,Entity_5152,Engineering,2011,46.37
5153,Entity_5153,Engineering,2017,75.5
5154,Entity_5154,Mathematics,2015,30.23
5155,Entity_5155,Biology,2015,78.95
5156,Entity_5156,Engineering,2014,57.25
5157,Entity_5157,Economics,2010,76.37
5158,Entity_5158,Physics,2018,29.55
5159,Entity_5159,Physics,2024,37.71
5160,Entity_5160,Mathematics,2021,29.83
5161,Entity_5161,Engineering,2012,57.2
5162,Entity_5162,Mathematics,2017,71.59
5163,Entity_5163,Engineering,2014,16.29
5164,Entity_5164,Engineering,2012,15.51
5165,Entity_5165,Mathematics,2023,39.04
5166,Entity_5166,Engineering,2013,3.77
5167,Entity_5167,Physics,2019,30.99
5168,Entity_5168,Economics,2010,26.68
5169,Entity_5169,Engineering,2018,74.8
5170,Entity_5170,Economics,2016,48.22
5171,Entity_5171,Physics,2015,64.74
5172,Entity_5172,Economics,2023,50.61
5173,Entity_5173,Economics,2015,38.42
5174,Entity_5174,Biology,2020,17.74
5175,Entity_5175,Economics,2017,18.36
5176,Entity_5176,Biology,2010,67.21
5177,Entity_5177,ComputerScience,2015,23.26
5178,Entity_5178,Physics,2013,15.86
5179,Entity_5179,Economics,2022,73.15
5180,Entity_5180,ComputerScience,2020,20.5
5181,Entity_5181,Biology,2017,57.37
5182,Entity_5182,Engineering,2024,2.21
5183,Entity_5183,Engineering,2023,82.07
5184,Entity_5184,Economics,2024,23.61
5185,Entity_5185,Physics,2015,66.76
5186,Entity_5186,Biology,2020,10.79
5187,Entity_5187,Mathematics,2018,7.65
5188,Entity_5188,Economics,2018,84.81
5189,Entity_5189,Economics,2023,8.87
5190,Entity_5190,ComputerScience,2017,57.1
5191,Entity_5191,Physics,2013,26.35
5192,Entity_5192,Engineering,2012,69.28
5193,Entity_5193,Engineering,2023,25.26
5194,Entity_5194,Engineering,2021,46.15
5195,Entity_5195,ComputerScience,2019,27.31
5196,Entity_5196,Mathematics,2011,74.57
5197,Entity_5197,Engineering,2023,91.83
5198,Entity_5198,Physics,2018,30.97
5199,Entity_5199,Physics,2013,25.15
5200,Entity_5200,Economics,2017,46.96
5201,Entity_5201,Economics,2024,78.36
5202,Entity_5202,Mathematics,2022,63.76
5203,Entity_5203,Physics,2017,12.52
5204,Entity_5204,ComputerScience,2017,20.54
5205,Entity_5205,Economics,2019,22.28
5206,Entity_5206,Biology,2014,57.36
5207,Entity_5207,Economics,2016,86.25
5208,Entity_5208,ComputerScience,2021,88.77
5209,Entity_5209,Engineering,2013,59.3
5210,Entity_5210,Engineering,2019,75.8
5211,Entity_5211,ComputerScience,2014,75.7
5212,Entity_5212,Economics,2014,49.77
5213,Entity_5213,Physics,2015,51.22
5214,Entity_5214,Economics,2014,95.19
5215,Entity_5215,Mathematics,2014,86.86
5216,Entity_5216,Physics,2015,28.25
5217,Entity_5217,Economics,2018,31.57
5218,Entity_5218,Biology,2011,97.75
5219,Entity_5219,Physics,2017,1.65
5220,Entity_5220,Economics,2017,50.08
5221,Entity_5221,Physics,2011,76.28
5222,Entity_5222,Engineering,2014,10.36
5223,Entity_5223,Biology,2015,64.15
5224,Entity_5224,Economics,2023,19.08
5225,Entity_5225,ComputerScience,2022,23.95
5226,Entity_5226,Mathematics,2018,31.23
5227,Entity_5227,Economics,2017,11.19
5228,Entity_5228,Mathematics,2024,61.34
5229,Entity_5229,Economics,2020,16.31
5230,Entity_5230,Physics,2013,76.87
5231,Entity_5231,Physics,2023,16.64
5232,Entity_5232,Engineering,2012,33.24
5233,Entity_5233,Economics,2017,65.7
5234,Entity_5234,Biology,2022,72.92
5235,Entity_5235,Physics,2024,27.02
5236,Entity_5236,Mathematics,2015,15.35
5237,Entity_5237,Mathematics,2021,36.04
5238,Entity_5238,Engineering,2015,45.52
5239,Entity_5239,Biology,2019,39.96
5240,Entity_5240,Biology,2010,76.46
5241,Entity_5241,Biology,2010,96.9
5242,Entity_5242,Mathematics,2020,80.73
5243,Entity_5243,Biology,2022,28.15
5244,Entity_5244,Engineering,2013,21.65
5245,Entity_5245,Engineering,2014,30.18
5246,Entity_5246,Mathematics,2010,32.86
5247,Entity_5247,Biology,2015,56.25
5248,Entity_5248,Engineering,2013,79.95
5249,Entity_5249,Economics,2018,44.57
5250,Entity_5250,Mathematics,2011,8.37
5251,Entity_5251,Physics,2015,72.56
5252,Entity_5252,Engineering,2019,47.52
5253,Entity_5253,ComputerScience,2022,66.28
5254,Entity_5254,Engineering,2024,70.94
5255,Entity_5255,Physics,2014,98.71
5256,Entity_5256,Economics,2016,6.87
5257,Entity_5257,ComputerScience,2020,34.93
5258,Entity_5258,Economics,2015,44.37
5259,Entity_5259,Mathematics,2011,47.71
5260,Entity_5260,Engineering,2011,33.13
5261,Entity_5261,Engineering,2016,82.61
5262,Entity_5262,Physics,2019,30.59
5263,Entity_5263,Physics,2018,9.71
5264,Entity_5264,Physics,2015,57.7
5265,Entity_5265,Engineering,2014,56.11
5266,Entity_5266,Mathematics,2021,3.16
5267,Entity_5267,ComputerScience,2023,78.8
5268,Entity_5268,Engineering,2021,32.08
5269,Entity_5269,Mathematics,2024,77.5
5270,Entity_5270,Engineering,2024,22.27
5271,Entity_5271,Mathematics,2017,23.54
5272,Entity_5272,Mathematics,2015,20.7
5273,Entity_5273,Engineering,2014,26.28
5274,Entity_5274,Engineering,2024,3.29
5275,Entity_5275,ComputerScience,2020,41.67
5276,Entity_5276,Biology,2022,49.15
5277,Entity_5277,ComputerScience,2023,53.31
5278,Entity_5278,Economics,2015,2.6
5279,Entity_5279,Biology,2010,96.02
5280,Entity_5280,Mathematics,2022,54.34
5281,Entity_5281,Mathematics,2019,34.04
5282,Entity_5282,ComputerScience,2021,8.48
5283,Entity_5283,ComputerScience,2018,78.28
5284,Entity_5284,Economics,2012,80.06
5285,Entity_5285,ComputerScience,2019,92.33
5286,Entity_5286,Economics,2020,99.3
5287,Entity_5287,ComputerScience,2022,68.71
5288,Entity_5288,Mathematics,2017,45.68
5289,Entity_5289,Engineering,2012,65.39
5290,Entity_5290,ComputerScience,2012,65.14
5291,Entity_5291,Mathematics,2017,53.24
5292,Entity_5292,Engineering,2021,82.2
5293,Entity_5293,Biology,2024,3.13
5294,Entity_5294,Economics,2014,1.63
5295,Entity_5295,Biology,2010,1.85
5296,Entity_5296,Mathematics,2016,15.9
5297,Entity_5297,Physics,2019,67.78
5298,Entity_5298,Mathematics,2018,46.32
5299,Entity_5299,Engineering,2013,77.22
5300,Entity_5300,Economics,2024,36.11
5301,Entity_5301,Engineering,2023,58.11
5302,Entity_5302,Physics,2022,15.68
5303,Entity_5303,Mathematics,2012,10.99
5304,Entity_5304,Economics,2019,94.5
5305,Entity_5305,ComputerScience,2022,13.61
5306,Entity_5306,Mathematics,2011,33.42
5307,Entity_5307,Mathematics,2024,23.78
5308,Entity_5308,Physics,2013,30.99
5309,Entity_5309,Biology,2014,24.06
5310,Entity_5310,Physics,2022,36.18
5311,Entity_5311,Physics,2024,89.99
5312,Entity_5312,Biology,2011,83.58
5313,Entity_5313,Biology,2010,44.95
5314,Entity_5314,Engineering,2023,74.25
5315,Entity_5315,Biology,2010,45.23
5316,Entity_5316,Biology,2013,21.36
5317,Entity_5317,Biology,2019,81.64
5318,Entity_5318,ComputerScience,2012,51.16
5319,Entity_5319,Economics,2021,52.13
5320,Entity_5320,Physics,2022,21.75
5321,Entity_5321,Biology,2021,60.88
5322,Entity_5322,Engineering,2015,42.1
5323,Entity_5323,Physics,2011,80.18
5324,Entity_5324,Mathematics,2017,26.27
5325,Entity_5325,ComputerScience,2017,2.6
5326,Entity_5326,Biology,2022,42.58
5327,Entity_5327,ComputerScience,2015,36.68
5328,Entity_5328,Mathematics,2023,7.47
5329,Entity_5329,Engineering,2014,23.71
5330,Entity_5330,Engineering,2011,65.39
5331,Entity_5331,Biology,2024,47.66
5332,Entity_5332,Mathematics,2021,65.09
5333,Entity_5333,Mathematics,2010,14.93
5334,Entity_5334,Physics,2012,56.89
5335,Entity_5335,Physics,2018,16.42
5336,Entity_5336,Engineering,2017,76.47
5337,Entity_5337,ComputerScience,2019,80.44
5338,Entity_5338,Engineering,2020,30.02
5339,Entity_5339,Economics,2016,82.5
5340,Entity_5340,Biology,2012,18.29
5341,Entity_5341,Economics,2012,74.45
5342,Entity_5342,Engineering,2012,37.14
5343,Entity_5343,ComputerScience,2022,17.07
5344,Entity_5344,Biology,2013,31.3
5345,Entity_5345,Engineering,2015,90.99
5346,Entity_5346,Mathematics,2019,32.79
5347,Entity_5347,ComputerScience,2015,3.82
5348,Entity_5348,Biology,2010,73.76
5349,Entity_5349,Physics,2024,41.36
5350,Entity_5350,Economics,2016,76.49
5351,Entity_5351,Engineering,2018,17.8
5352,Entity_5352,ComputerScience,2010,35.52
5353,Entity_5353,Physics,2011,42.57
5354,Entity_5354,ComputerScience,2011,96.9
5355,Entity_5355,Biology,2016,85.76
5356,Entity_5356,Economics,2017,14.31
5357,Entity_5357,Economics,2022,64.05
5358,Entity_5358,Mathematics,2017,47.48
5359,Entity_5359,Mathematics,2012,32.96
5360,Entity_5360,Economics,2015,95.73
5361,Entity_5361,Engineering,2021,10.54
5362,Entity_5362,Biology,2021,83.28
5363,Entity_5363,Economics,2013,13.46
5364,Entity_5364,Economics,2012,80.74
5365,Entity_5365,Physics,2013,66.26
5366,Entity_5366,Engineering,2011,72.01
5367,Entity_5367,Mathematics,2024,61.89
5368,Entity_5368,Physics,2013,25.82
5369,Entity_5369,Engineering,2020,30.81
5370,Entity_5370,Engineering,2017,67.17
5371,Entity_5371,Economics,2018,58.14
5372,Entity_5372,Mathematics,2022,90.05
5373,Entity_5373,Mathematics,2016,38.1
5374,Entity_5374,Physics,2019,73.9
5375,Entity_5375,ComputerScience,2021,90.7
5376,Entity_5376,Biology,2020,5.75
5377,Entity_5377,Physics,2012,2.42
5378,Entity_5378,Engineering,2010,83.7
5379,Entity_5379,Physics,2012,40.28
5380,Entity_5380,ComputerScience,2019,48.6
5381,Entity_5381,Mathematics,2013,63.24
5382,Entity_5382,Economics,2016,45.76
5383,Entity_5383,Physics,2017,62.51
5384,Entity_5384,Economics,2017,12.66
5385,Entity_5385,Mathematics,2020,77.08
5386,Entity_5386,Mathematics,2015,99.67
5387,Entity_5387,Physics,2014,34.76
5388,Entity_5388,Biology,2022,55.34
5389,Entity_5389,Engineering,2011,67.13
5390,Entity_5390,Mathematics,2022,52.39
5391,Entity_5391,ComputerScience,2022,37.18
5392,Entity_5392,Engineering,2010,96.51
5393,Entity_5393,Physics,2011,23.49
5394,Entity_5394,Biology,2023,12.0
5395,Entity_5395,Economics,2021,30.28
5396,Entity_5396,Mathematics,2014,45.8
5397,Entity_5397,Economics,2011,96.66
5398,Entity_5398,Economics,2012,40.36
5399,Entity_5399,Economics,2013,15.03
5400,Entity_5400,Engineering,2013,77.82
5401,Entity_5401,Physics,2021,74.71
5402,Entity_5402,Economics,2019,78.21
5403,Entity_5403,Economics,2023,53.53
5404,Entity_5404,ComputerScience,2022,53.78
5405,Entity_5405,Economics,2013,69.68
5406,Entity_5406,Economics,2012,38.07
5407,Entity_5407,ComputerScience,2020,17.4
5408,Entity_5408,Engineering,2023,62.2
5409,Entity_5409,Engineering,2012,54.54
5410,Entity_5410,Economics,2016,85.97
5411,Entity_5411,Mathematics,2010,95.95
5412,Entity_5412,Biology,2014,39.59
5413,Entity_5413,Economics,2016,89.48
5414,Entity_5414,Biology,2015,14.48
5415,Entity_5415,Mathematics,2010,8.41
5416,Entity_5416,Engineering,2018,67.14
5417,Entity_5417,Physics,2024,73.61
5418,Entity_5418,Economics,2011,6.86
5419,Entity_5419,Biology,2012,15.24
5420,Entity_5420,Physics,2022,97.24
5421,Entity_5421,Physics,2016,78.84
5422,Entity_5422,Engineering,2016,39.71
5423,Entity_5423,Physics,2013,83.6
5424,Entity_5424,ComputerScience,2013,96.37
5425,Entity_5425,Mathematics,2012,89.37
5426,Entity_5426,ComputerScience,2021,74.23
5427,Entity_5427,Engineering,2012,21.38
5428,Entity_5428,Physics,2020,28.27
5429,Entity_5429,Mathematics,2010,64.04
5430,Entity_5430,Economics,2014,52.9
5431,Entity_5431,Engineering,2019,47.64
5432,Entity_5432,Engineering,2017,30.58
5433,Entity_5433,ComputerScience,2018,74.55
5434,Entity_5434,Biology,2012,7.97
5435,Entity_5435,Engineering,2015,87.65
5436,Entity_5436,ComputerScience,2016,83.96
5437,Entity_5437,Mathematics,2011,63.06
5438,Entity_5438,Biology,2019,17.68
5439,Entity_5439,Engineering,2021,86.69
5440,Entity_5440,Biology,2022,29.82
5441,Entity_5441,Economics,2011,9.77
5442,Entity_5442,Engineering,2019,96.01
5443,Entity_5443,Mathematics,2013,87.07
5444,Entity_5444,Engineering,2017,83.83
5445,Entity_5445,Biology,2016,6.61
5446,Entity_5446,ComputerScience,2023,77.22
5447,Entity_5447,Engineering,2021,28.31
5448,Entity_5448,Mathematics,2020,51.27
5449,Entity_5449,Biology,2020,83.79
5450,Entity_5450,Mathematics,2011,2.28
5451,Entity_5451,Engineering,2022,49.07
5452,Entity_5452,Economics,2017,22.92
5453,Entity_5453,Biology,2020,27.31
5454,Entity_5454,Engineering,2017,56.51
5455,Entity_5455,Economics,2016,61.06
5456,Entity_5456,Engineering,2016,5.17
5457,Entity_5457,ComputerScience,2019,83.98
5458,Entity_5458,Engineering,2011,57.99
5459,Entity_5459,ComputerScience,2022,24.62
5460,Entity_5460,Economics,2020,71.22
5461,Entity_5461,Economics,2016,81.71
5462,Entity_5462,Engineering,2021,4.95
5463,Entity_5463,Engineering,2022,44.58
5464,Entity_5464,Biology,2019,86.48
5465,Entity_5465,ComputerScience,2016,81.5
5466,Entity_5466,Engineering,2021,77.99
5467,Entity_5467,Engineering,2024,3.54
5468,Entity_5468,Economics,2012,3.39
5469,Entity_5469,Mathematics,2011,29.94
5470,Entity_5470,Biology,2022,3.81
5471,Entity_5471,Biology,2023,89.2
5472,Entity_5472,Mathematics,2023,68.62
5473,Entity_5473,Mathematics,2013,28.39
5474,Entity_5474,ComputerScience,2015,46.36
5475,Entity_5475,Engineering,2014,77.09
5476,Entity_5476,Physics,2013,56.29
5477,Entity_5477,Economics,2020,32.87
5478,Entity_5478,Biology,2022,35.51
5479,Entity_5479,Physics,2023,50.48
5480,Entity_5480,ComputerScience,2015,35.83
5481,Entity_5481,Economics,2021,80.71
5482,Entity_5482,Physics,2015,83.04
5483,Entity_5483,ComputerScience,2024,72.47
5484,Entity_5484,Engineering,2016,31.98
5485,Entity_5485,Biology,2020,19.43
5486,Entity_5486,Biology,2013,27.2
5487,Entity_5487,Engineering,2017,35.71
5488,Entity_5488,Biology,2024,36.78
5489,Entity_5489,Physics,2012,32.95
5490,Entity_5490,ComputerScience,2013,58.6
5491,Entity_5491,Economics,2021,64.59
5492,Entity_5492,Mathematics,2022,56.43
5493,Entity_5493,Physics,2016,62.23
5494,Entity_5494,ComputerScience,2013,10.24
5495,Entity_5495,Engineering,2019,91.56
5496,Entity_5496,Engineering,2016,85.37
5497,Entity_5497,Physics,2021,34.68
5498,Entity_5498,Mathematics,2016,14.17
5499,Entity_5499,Biology,2011,84.66
5500,Entity_5500,Engineering,2023,87.77
5501,Entity_5501,Mathematics,2019,57.44
5502,Entity_5502,ComputerScience,2015,99.94
5503,Entity_5503,Biology,2023,5.04
5504,Entity_5504,Economics,2012,67.08
5505,Entity_5505,Mathematics,2010,49.95
5506,Entity_5506,Engineering,2013,25.29
5507,Entity_5507,Physics,2017,65.14
5508,Entity_5508,Physics,2012,2.23
5509,Entity_5509,Physics,2010,85.9
5510,Entity_5510,Biology,2023,44.46
5511,Entity_5511,Economics,2018,99.84
5512,Entity_5512,Physics,2016,19.42
5513,Entity_5513,Economics,2019,40.56
5514,Entity_5514,Economics,2024,90.33
5515,Entity_5515,Biology,2021,26.89
5516,Entity_5516,Mathematics,2022,80.37
5517,Entity_5517,Biology,2015,37.09
5518,Entity_5518,Physics,2015,54.5
5519,Entity_5519,ComputerScience,2021,14.31
5520,Entity_5520,Engineering,2013,79.76
5521,Entity_5521,Economics,2012,10.57
5522,Entity_5522,Economics,2021,48.1
5523,Entity_5523,Mathematics,2011,80.92
5524,Entity_5524,Economics,2013,72.29
5525,Entity_5525,Engineering,2021,64.85
5526,Entity_5526,Economics,2023,98.52
5527,Entity_5527,Biology,2014,57.85
5528,Entity_5528,ComputerScience,2017,62.26
5529,Entity_5529,Biology,2019,44.18
5530,Entity_5530,Physics,2010,56.44
5531,Entity_5531,Economics,2020,6.7
5532,Entity_5532,Mathematics,2017,86.89
5533,Entity_5533,Physics,2011,68.52
5534,Entity_5534,ComputerScience,2021,28.33
5535,Entity_5535,Mathematics,2024,73.05
5536,Entity_5536,Engineering,2019,49.59
5537,Entity_5537,Engineering,2022,94.33
5538,Entity_5538,Biology,2013,66.52
5539,Entity_5539,Mathematics,2018,70.02
5540,Entity_5540,Mathematics,2015,24.02
5541,Entity_5541,Economics,2016,15.28
5542,Entity_5542,Economics,2020,59.1
5543,Entity_5543,ComputerScience,2019,6.24
5544,Entity_5544,Mathematics,2019,12.85
5545,Entity_5545,ComputerScience,2019,7.3
5546,Entity_5546,Biology,2021,16.96
5547,Entity_5547,Physics,2013,98.0
5548,Entity_5548,Physics,2023,18.94
5549,Entity_5549,Engineering,2024,50.0
5550,Entity_5550,ComputerScience,2015,9.82
5551,Entity_5551,Biology,2019,70.39
5552,Entity_5552,Engineering,2016,80.69
5553,Entity_5553,Biology,2021,47.97
5554,Entity_5554,Mathematics,2012,10.49
5555,Entity_5555,Mathematics,2012,71.02
5556,Entity_5556,Mathematics,2017,9.98
5557,Entity_5557,Mathematics,2016,20.86
5558,Entity_5558,Mathematics,2020,63.67
5559,Entity_5559,Mathematics,2017,75.43
5560,Entity_5560,Economics,2014,3.02
5561,Entity_5561,Economics,2010,98.22
5562,Entity_5562,ComputerScience,2020,37.94
5563,Entity_5563,Physics,2010,96.4
5564,Entity_5564,Economics,2010,1.46
5565,Entity_5565,Biology,2014,3.74
5566,Entity_5566,Economics,2019,38.11
5567,Entity_5567,ComputerScience,2012,19.66
5568,Entity_5568,Economics,2017,19.0
5569,Entity_5569,Physics,2015,10.6
5570,Entity_5570,Engineering,2024,16.31
5571,Entity_5571,Mathematics,2019,18.52
5572,Entity_5572,Biology,2021,84.75
5573,Entity_5573,Physics,2018,15.74
5574,Entity_5574,Biology,2010,62.59
5575,Entity_5575,Economics,2024,95.85
5576,Entity_5576,ComputerScience,2022,93.49
5577,Entity_5577,Mathematics,2011,35.56
5578,Entity_5578,Physics,2019,52.33
5579,Entity_5579,ComputerScience,2017,20.12
5580,Entity_5580,Physics,2019,92.08
5581,Entity_5581,Biology,2024,66.19
5582,Entity_5582,Biology,2022,45.35
5583,Entity_5583,ComputerScience,2020,55.89
5584,Entity_5584,Mathematics,2013,37.2
5585,Entity_5585,Physics,2023,49.59
5586,Entity_5586,Biology,2010,36.47
5587,Entity_5587,Biology,2022,84.52
5588,Entity_5588,Engineering,2021,75.71
5589,Entity_5589,Economics,2011,84.93
5590,Entity_5590,ComputerScience,2020,65.83
5591,Entity_5591,Economics,2019,57.93
5592,Entity_5592,Economics,2018,40.02
5593,Entity_5593,Economics,2020,20.89
5594,Entity_5594,Mathematics,2012,45.34
5595,Entity_5595,Physics,2014,94.48
5596,Entity_5596,Biology,2016,44.08
5597,Entity_5597,ComputerScience,2017,3.36
5598,Entity_5598,ComputerScience,2015,56.56
5599,Entity_5599,Economics,2016,31.28
5600,Entity_5600,Mathematics,2022,68.72
5601,Entity_5601,ComputerScience,2018,83.29
5602,Entity_5602,Physics,2011,31.4
5603,Entity_5603,Economics,2021,90.13
5604,Entity_5604,Economics,2012,64.45
5605,Entity_5605,Engineering,2010,53.89
5606,Entity_5606,ComputerScience,2014,39.11
5607,Entity_5607,Mathematics,2018,6.19
5608,Entity_5608,Engineering,2023,43.95
5609,Entity_5609,Economics,2018,85.07
5610,Entity_5610,Economics,2015,68.43
5611,Entity_5611,ComputerScience,2024,22.23
5612,Entity_5612,Biology,2012,89.34
5613,Entity_5613,Engineering,2015,8.22
5614,Entity_5614,Physics,2017,21.47
5615,Entity_5615,Engineering,2019,2.54
5616,Entity_5616,Biology,2013,90.13
5617,Entity_5617,ComputerScience,2024,29.75
5618,Entity_5618,Physics,2020,81.55
5619,Entity_5619,Mathematics,2012,98.72
5620,Entity_5620,Physics,2015,91.84
5621,Entity_5621,Biology,2010,16.44
5622,Entity_5622,Economics,2013,62.55
5623,Entity_5623,Mathematics,2024,92.3
5624,Entity_5624,Engineering,2019,71.31
5625,Entity_5625,Engineering,2014,21.28
5626,Entity_5626,Engineering,2021,91.46
5627,Entity_5627,Biology,2021,2.01
5628,Entity_5628,Biology,2016,28.53
5629,Entity_5629,Physics,2023,78.14
5630,Entity_5630,Mathematics,2019,2.03
5631,Entity_5631,Engineering,2016,5.14
5632,Entity_5632,Biology,2012,66.63
5633,Entity_5633,Physics,2011,64.12
5634,Entity_5634,ComputerScience,2012,90.32
5635,Entity_5635,Biology,2011,19.15
5636,Entity_5636,Mathematics,2012,94.41
5637,Entity_5637,Mathematics,2020,71.79
5638,Entity_5638,Engineering,2016,29.2
5639,Entity_5639,Mathematics,2014,85.7
5640,Entity_5640,Mathematics,2011,76.34
5641,Entity_5641,Biology,2023,88.67
5642,Entity_5642,Physics,2011,55.92
5643,Entity_5643,Biology,2013,13.58
5644,Entity_5644,ComputerScience,2017,48.4
5645,Entity_5645,ComputerScience,2013,4.77
5646,Entity_5646,Biology,2012,9.28
5647,Entity_5647,Engineering,2022,7.67
5648,Entity_5648,Biology,2019,37.72
5649,Entity_5649,Engineering,2012,44.76
5650,Entity_5650,ComputerScience,2020,93.43
5651,Entity_5651,Physics,2022,21.83
5652,Entity_5652,Mathematics,2010,57.31
5653,Entity_5653,Physics,2015,86.09
5654,Entity_5654,Mathematics,2024,18.38
5655,Entity_5655,Biology,2013,90.25
5656,Entity_5656,ComputerScience,2016,38.62
5657,Entity_5657,Mathematics,2018,7.3
5658,Entity_5658,Physics,2020,20.24
5659,Entity_5659,Engineering,2021,44.45
5660,Entity_5660,Biology,2011,84.5
5661,Entity_5661,Economics,2018,29.49
5662,Entity_5662,Physics,2012,55.17
5663,Entity_5663,Mathematics,2010,12.03
5664,Entity_5664,ComputerScience,2016,52.29
5665,Entity_5665,ComputerScience,2019,72.33
5666,Entity_5666,Engineering,2024,32.84
5667,Entity_5667,ComputerScience,2012,90.25
5668,Entity_5668,Engineering,2013,1.58
5669,Entity_5669,ComputerScience,2019,6.78
5670,Entity_5670,Biology,2022,57.13
5671,Entity_5671,Physics,2022,63.2
5672,Entity_5672,Economics,2018,8.32
5673,Entity_5673,Engineering,2023,91.17
5674,Entity_5674,Economics,2020,39.22
5675,Entity_5675,Engineering,2019,39.29
5676,Entity_5676,Engineering,2013,68.61
5677,Entity_5677,Economics,2014,35.17
5678,Entity_5678,Engineering,2017,48.43
5679,Entity_5679,Physics,2017,54.11
5680,Entity_5680,Mathematics,2013,15.3
5681,Entity_5681,Engineering,2021,18.26
5682,Entity_5682,Biology,2014,88.31
5683,Entity_5683,Mathematics,2021,3.07
5684,Entity_5684,Mathematics,2012,5.21
5685,Entity_5685,Biology,2021,88.1
5686,Entity_5686,Physics,2016,13.38
5687,Entity_5687,Engineering,2015,21.6
5688,Entity_5688,Biology,2016,88.48
5689,Entity_5689,Biology,2021,45.78
5690,Entity_5690,Biology,2017,36.99
5691,Entity_5691,Mathematics,2020,40.49
5692,Entity_5692,Engineering,2018,21.39
5693,Entity_5693,Physics,2021,19.91
5694,Entity_5694,Physics,2023,73.2
5695,Entity_5695,Economics,2015,90.14
5696,Entity_5696,Economics,2023,76.63
5697,Entity_5697,Biology,2015,64.76
5698,Entity_5698,Physics,2016,14.99
5699,Entity_5699,ComputerScience,2018,65.57
5700,Entity_5700,Mathematics,2024,83.46
5701,Entity_5701,Economics,2016,6.04
5702,Entity_5702,Physics,2015,55.62
5703,Entity_5703,Physics,2020,39.04
5704,Entity_5704,Economics,2016,18.85
5705,Entity_5705,Biology,2010,69.7
5706,Entity_5706,Biology,2019,67.03
5707,Entity_5707,Mathematics,2021,68.38
5708,Entity_5708,Physics,2020,40.79
5709,Entity_5709,Physics,2012,41.72
5710,Entity_5710,Biology,2013,86.93
5711,Entity_5711,Physics,2022,93.19
5712,Entity_5712,Mathematics,2019,93.37
5713,Entity_5713,Economics,2018,73.8
5714,Entity_5714,ComputerScience,2020,10.61
5715,Entity_5715,ComputerScience,2011,3.13
5716,Entity_5716,ComputerScience,2015,85.41
5717,Entity_5717,Mathematics,2024,90.28
5718,Entity_5718,Physics,2021,15.91
5719,Entity_5719,Physics,2014,84.23
5720,Entity_5720,Mathematics,2019,91.02
5721,Entity_5721,Economics,2024,83.0
5722,Entity_5722,Biology,2015,70.66
5723,Entity_5723,Mathematics,2014,11.05
5724,Entity_5724,Economics,2012,90.18
5725,Entity_5725,Physics,2012,42.1
5726,Entity_5726,Economics,2024,62.21
5727,Entity_5727,Physics,2018,55.68
5728,Entity_5728,Biology,2021,98.35
5729,Entity_5729,Engineering,2023,90.46
5730,Entity_5730,ComputerScience,2020,94.59
5731,Entity_5731,Biology,2011,75.81
5732,Entity_5732,Physics,2024,38.71
5733,Entity_5733,Biology,2017,17.88
5734,Entity_5734,ComputerScience,2019,69.12
5735,Entity_5735,Mathematics,2024,44.65
5736,Entity_5736,Economics,2012,45.29
5737,Entity_5737,ComputerScience,2017,94.71
5738,Entity_5738,Economics,2015,88.67
5739,Entity_5739,ComputerScience,2024,37.63
5740,Entity_5740,Physics,2012,62.78
5741,Entity_5741,Engineering,2016,91.76
5742,Entity_5742,ComputerScience,2024,79.31
5743,Entity_5743,Engineering,2013,96.2
5744,Entity_5744,Mathematics,2014,71.43
5745,Entity_5745,ComputerScience,2015,60.68
5746,Entity_5746,Biology,2010,62.56
5747,Entity_5747,Economics,2016,99.18
5748,Entity_5748,Mathematics,2023,26.02
5749,Entity_5749,Economics,2014,98.22
5750,Entity_5750,ComputerScience,2017,32.54
5751,Entity_5751,Physics,2010,65.29
5752,Entity_5752,Engineering,2014,27.05
5753,Entity_5753,Biology,2015,5.01
5754,Entity_5754,Engineering,2022,66.01
5755,Entity_5755,Engineering,2011,33.96
5756,Entity_5756,ComputerScience,2012,87.33
5757,Entity_5757,Economics,2010,73.73
5758,Entity_5758,ComputerScience,2014,38.69
5759,Entity_5759,Biology,2016,39.45
5760,Entity_5760,Engineering,2020,27.76
5761,Entity_5761,Biology,2015,37.31
5762,Entity_5762,Economics,2023,99.37
5763,Entity_5763,Biology,2016,71.02
5764,Entity_5764,Physics,2015,72.19
5765,Entity_5765,Economics,2013,49.39
5766,Entity_5766,Mathematics,2011,91.42
5767,Entity_5767,Engineering,2011,80.74
5768,Entity_5768,Mathematics,2023,51.37
5769,Entity_5769,ComputerScience,2010,81.26
5770,Entity_5770,ComputerScience,2013,8.37
5771,Entity_5771,Mathematics,2011,16.25
5772,Entity_5772,Physics,2022,9.65
5773,Entity_5773,ComputerScience,2010,72.59
5774,Entity_5774,Engineering,2022,34.77
5775,Entity_5775,Economics,2011,16.47
5776,Entity_5776,Engineering,2023,96.94
5777,Entity_5777,Engineering,2023,33.76
5778,Entity_5778,Engineering,2011,61.64
5779,Entity_5779,ComputerScience,2021,14.73
5780,Entity_5780,Engineering,2024,9.03
5781,Entity_5781,ComputerScience,2021,95.19
5782,Entity_5782,ComputerScience,2016,79.37
5783,Entity_5783,Physics,2013,5.95
5784,Entity_5784,ComputerScience,2016,32.72
5785,Entity_5785,Economics,2013,48.13
5786,Entity_5786,Physics,2021,98.81
5787,Entity_5787,Economics,2021,19.42
5788,Entity_5788,Mathematics,2021,67.94
5789,Entity_5789,ComputerScience,2017,19.31
5790,Entity_5790,ComputerScience,2011,18.41
5791,Entity_5791,Physics,2014,15.25
5792,Entity_5792,Economics,2019,97.3
5793,Entity_5793,Engineering,2011,70.58
5794,Entity_5794,ComputerScience,2013,19.52
5795,Entity_5795,Mathematics,2022,99.21
5796,Entity_5796,Physics,2016,63.89
5797,Entity_5797,Economics,2014,60.55
5798,Entity_5798,Economics,2020,29.25
5799,Entity_5799,Biology,2014,82.62
5800,Entity_5800,Engineering,2013,53.52
5801,Entity_5801,Engineering,2024,96.85
5802,Entity_5802,Mathematics,2014,75.68
5803,Entity_5803,ComputerScience,2010,7.22
5804,Entity_5804,Mathematics,2024,73.56
5805,Entity_5805,Economics,2022,81.95
5806,Entity_5806,ComputerScience,2020,76.68
5807,Entity_5807,Engineering,2017,2.19
5808,Entity_5808,Engineering,2020,9.73
5809,Entity_5809,Economics,2022,91.72
5810,Entity_5810,Mathematics,2021,68.43
5811,Entity_5811,Engineering,2011,57.35
5812,Entity_5812,Engineering,2023,32.59
5813,Entity_5813,Mathematics,2021,81.29
5814,Entity_5814,Mathematics,2017,30.72
5815,Entity_5815,Biology,2015,55.05
5816,Entity_5816,Engineering,2013,23.58
5817,Entity_5817,Physics,2010,69.4
5818,Entity_5818,Biology,2017,88.12
5819,Entity_5819,Mathematics,2024,79.83
5820,Entity_5820,Biology,2017,87.0
5821,Entity_5821,Biology,2017,16.12
5822,Entity_5822,Engineering,2022,39.17
5823,Entity_5823,ComputerScience,2023,14.8
5824,Entity_5824,Mathematics,2016,98.99
5825,Entity_5825,Engineering,2012,40.54
5826,Entity_5826,ComputerScience,2016,79.35
5827,Entity_5827,Engineering,2024,18.11
5828,Entity_5828,Economics,2012,22.48
5829,Entity_5829,ComputerScience,2016,47.76
5830,Entity_5830,Mathematics,2015,20.58
5831,Entity_5831,Biology,2016,16.67
5832,Entity_5832,Economics,2014,23.55
5833,Entity_5833,Biology,2019,72.65
5834,Entity_5834,Biology,2016,94.79
5835,Entity_5835,Physics,2017,96.94
5836,Entity_5836,ComputerScience,2015,96.18
5837,Entity_5837,ComputerScience,2015,70.9
5838,Entity_5838,Economics,2014,15.01
5839,Entity_5839,Economics,2017,80.56
5840,Entity_5840,Biology,2017,2.28
5841,Entity_5841,Mathematics,2020,16.7
5842,Entity_5842,Engineering,2014,68.72
5843,Entity_5843,Biology,2019,13.06
5844,Entity_5844,Physics,2018,28.91
5845,Entity_5845,Engineering,2015,80.91
5846,Entity_5846,Physics,2015,56.97
5847,Entity_5847,Biology,2011,2.75
5848,Entity_5848,Mathematics,2016,25.36
5849,Entity_5849,Mathematics,2021,24.11
5850,Entity_5850,Mathematics,2020,91.66
5851,Entity_5851,Biology,2022,28.77
5852,Entity_5852,Mathematics,2019,79.59
5853,Entity_5853,Engineering,2013,90.28
5854,Entity_5854,Mathematics,2022,63.64
5855,Entity_5855,Physics,2021,59.69
5856,Entity_5856,Physics,2023,82.15
5857,Entity_5857,Biology,2019,47.51
5858,Entity_5858,ComputerScience,2015,51.59
5859,Entity_5859,ComputerScience,2016,75.27
5860,Entity_5860,Economics,2015,9.05
5861,Entity_5861,Biology,2017,60.66
5862,Entity_5862,Engineering,2014,7.63
5863,Entity_5863,Biology,2022,20.12
5864,Entity_5864,Mathematics,2021,15.17
5865,Entity_5865,ComputerScience,2017,25.41
5866,Entity_5866,Engineering,2010,33.39
5867,Entity_5867,Economics,2017,56.63
5868,Entity_5868,Mathematics,2015,48.99
5869,Entity_5869,Mathematics,2019,88.44
5870,Entity_5870,Physics,2023,81.26
5871,Entity_5871,Physics,2024,60.16
5872,Entity_5872,ComputerScience,2014,73.61
5873,Entity_5873,Engineering,2024,20.3
5874,Entity_5874,Economics,2014,25.57
5875,Entity_5875,Biology,2016,70.36
5876,Entity_5876,ComputerScience,2014,26.84
5877,Entity_5877,Physics,2014,3.5
5878,Entity_5878,Engineering,2020,76.47
5879,Entity_5879,ComputerScience,2015,47.03
5880,Entity_5880,Physics,2017,62.96
5881,Entity_5881,Economics,2012,59.79
5882,Entity_5882,Mathematics,2011,93.75
5883,Entity_5883,Biology,2014,20.58
5884,Entity_5884,Economics,2017,29.19
5885,Entity_5885,Economics,2012,32.96
5886,Entity_5886,ComputerScience,2011,6.19
5887,Entity_5887,Mathematics,2018,48.23
5888,Entity_5888,Physics,2015,83.35
5889,Entity_5889,Biology,2018,3.52
5890,Entity_5890,Biology,2020,33.06
5891,Entity_5891,Physics,2015,61.7
5892,Entity_5892,ComputerScience,2020,29.01
5893,Entity_5893,Economics,2022,57.28
5894,Entity_5894,Economics,2010,72.55
5895,Entity_5895,Engineering,2012,50.17
5896,Entity_5896,ComputerScience,2012,16.01
5897,Entity_5897,Economics,2012,94.07
5898,Entity_5898,Physics,2011,75.71
5899,Entity_5899,Mathematics,2015,9.03
5900,Entity_5900,Mathematics,2022,7.89
5901,Entity_5901,Biology,2018,7.15
5902,Entity_5902,Biology,2020,79.18
5903,Entity_5903,Engineering,2012,55.26
5904,Entity_5904,ComputerScience,2023,21.52
5905,Entity_5905,Physics,2011,76.51
5906,Entity_5906,Mathematics,2013,24.69
5907,Entity_5907,Engineering,2020,56.21
5908,Entity_5908,ComputerScience,2020,84.45
5909,Entity_5909,Physics,2017,5.2
5910,Entity_5910,Physics,2022,24.03
5911,Entity_5911,Physics,2023,14.63
5912,Entity_5912,Mathematics,2015,39.37
5913,Entity_5913,Engineering,2020,40.19
5914,Entity_5914,Economics,2022,29.67
5915,Entity_5915,ComputerScience,2020,71.76
5916,Entity_5916,Biology,2018,7.73
5917,Entity_5917,Physics,2019,4.56
5918,Entity_5918,Physics,2019,49.66
5919,Entity_5919,Mathematics,2021,8.98
5920,Entity_5920,Mathematics,2018,89.96
5921,Entity_5921,Physics,2016,22.07
5922,Entity_5922,Economics,2010,91.6
5923,Entity_5923,Engineering,2019,28.86
5924,Entity_5924,Economics,2015,51.58
5925,Entity_5925,Physics,2023,20.96
5926,Entity_5926,Economics,2014,34.11
5927,Entity_5927,Mathematics,2024,26.77
5928,Entity_5928,ComputerScience,2020,29.25
5929,Entity_5929,ComputerScience,2017,60.73
5930,Entity_5930,Engineering,2020,51.67
5931,Entity_5931,Biology,2013,19.3
5932,Entity_5932,ComputerScience,2016,80.66
5933,Entity_5933,Engineering,2024,87.55
5934,Entity_5934,Physics,2022,57.45
5935,Entity_5935,Engineering,2014,83.46
5936,Entity_5936,Engineering,2013,88.78
5937,Entity_5937,Mathematics,2015,46.91
5938,Entity_5938,Engineering,2020,23.75
5939,Entity_5939,Mathematics,2013,51.6
5940,Entity_5940,Mathematics,2010,22.43
5941,Entity_5941,Physics,2023,34.06
5942,Entity_5942,Biology,2021,39.47
5943,Entity_5943,Mathematics,2017,98.44
5944,Entity_5944,Economics,2022,17.36
5945,Entity_5945,Biology,2017,56.52
5946,Entity_5946,Mathematics,2022,98.69
5947,Entity_5947,Physics,2011,62.02
5948,Entity_5948,ComputerScience,2023,4.09
5949,Entity_5949,ComputerScience,2023,2.11
5950,Entity_5950,Mathematics,2024,1.0
5951,Entity_5951,Biology,2016,73.15
5952,Entity_5952,Physics,2011,6.3
5953,Entity_5953,Physics,2020,19.89
5954,Entity_5954,Biology,2021,87.77
5955,Entity_5955,ComputerScience,2014,42.33
5956,Entity_5956,ComputerScience,2014,77.27
5957,Entity_5957,ComputerScience,2014,15.04
5958,Entity_5958,Biology,2024,93.29
5959,Entity_5959,Physics,2011,92.02
5960,Entity_5960,Engineering,2020,79.48
5961,Entity_5961,Biology,2012,2.42
5962,Entity_5962,ComputerScience,2021,24.25
5963,Entity_5963,Economics,2021,56.19
5964,Entity_5964,Mathematics,2010,70.58
5965,Entity_5965,Biology,2011,73.41
5966,Entity_5966,Physics,2013,7.45
5967,Entity_5967,Engineering,2016,3.96
5968,Entity_5968,Biology,2016,83.21
5969,Entity_5969,Biology,2012,97.32
5970,Entity_5970,Economics,2024,5.36
5971,Entity_5971,ComputerScience,2022,87.76
5972,Entity_5972,Engineering,2014,72.17
5973,Entity_5973,Physics,2022,27.46
5974,Entity_5974,Engineering,2014,96.36
5975,Entity_5975,Physics,2013,69.28
5976,Entity_5976,ComputerScience,2020,5.37
5977,Entity_5977,Economics,2023,85.84
5978,Entity_5978,Economics,2021,49.36
5979,Entity_5979,Physics,2021,85.0
5980,Entity_5980,ComputerScience,2014,37.04
5981,Entity_5981,Economics,2015,46.17
5982,Entity_5982,Biology,2018,17.23
5983,Entity_5983,Engineering,2024,37.76
5984,Entity_5984,Economics,2018,15.42
5985,Entity_5985,Engineering,2020,35.33
5986,Entity_5986,Physics,2019,40.78
5987,Entity_5987,Biology,2015,76.96
5988,Entity_5988,Physics,2023,67.59
5989,Entity_5989,Biology,2020,54.68
5990,Entity_5990,Mathematics,2016,9.56
5991,Entity_5991,Mathematics,2024,14.63
5992,Entity_5992,Mathematics,2020,47.19
5993,Entity_5993,Economics,2023,68.35
5994,Entity_5994,ComputerScience,2015,51.13
5995,Entity_5995,Engineering,2012,60.28
5996,Entity_5996,Economics,2020,83.37
5997,Entity_5997,Physics,2023,80.07
5998,Entity_5998,Physics,2023,79.44
5999,Entity_5999,Engineering,2016,9.09
6000,Entity_6000,Biology,2024,12.08
6001,Entity_6001,Economics,2018,5.16
6002,Entity_6002,ComputerScience,2019,1.4
6003,Entity_6003,Economics,2020,94.29
6004,Entity_6004,Engineering,2013,68.72
6005,Entity_6005,Mathematics,2017,12.58
6006,Entity_6006,Engineering,2023,79.89
6007,Entity_6007,Economics,2024,40.1
6008,Entity_6008,Engineering,2023,39.89
6009,Entity_6009,Economics,2015,75.23
6010,Entity_6010,Engineering,2022,98.81
6011,Entity_6011,Physics,2020,64.75
6012,Entity_6012,Physics,2023,69.7
6013,Entity_6013,Physics,2021,1.06
6014,Entity_6014,Economics,2022,11.67
6015,Entity_6015,Physics,2024,8.15
6016,Entity_6016,Mathematics,2013,75.82
6017,Entity_6017,Mathematics,2023,21.72
6018,Entity_6018,Engineering,2011,95.2
6019,Entity_6019,Physics,2010,2.61
6020,Entity_6020,Mathematics,2011,21.5
6021,Entity_6021,Engineering,2011,7.64
6022,Entity_6022,Biology,2011,42.77
6023,Entity_6023,Mathematics,2020,40.9
6024,Entity_6024,Engineering,2019,30.72
6025,Entity_6025,Biology,2015,21.64
6026,Entity_6026,Biology,2019,59.38
6027,Entity_6027,Biology,2020,61.87
6028,Entity_6028,ComputerScience,2020,49.64
6029,Entity_6029,ComputerScience,2017,32.64
6030,Entity_6030,ComputerScience,2014,70.36
6031,Entity_6031,Biology,2022,54.36
6032,Entity_6032,ComputerScience,2016,69.17
6033,Entity_6033,Economics,2024,35.75
6034,Entity_6034,Engineering,2017,99.47
6035,Entity_6035,Biology,2010,96.31
6036,Entity_6036,ComputerScience,2017,25.96
6037,Entity_6037,ComputerScience,2011,25.29
6038,Entity_6038,Engineering,2020,92.31
6039,Entity_6039,Biology,2016,75.16
6040,Entity_6040,Physics,2019,98.42
6041,Entity_6041,ComputerScience,2015,31.67
6042,Entity_6042,Engineering,2023,45.67
6043,Entity_6043,Economics,2016,10.4
6044,Entity_6044,Engineering,2012,59.75
6045,Entity_6045,Engineering,2022,3.8
6046,Entity_6046,Economics,2017,7.84
6047,Entity_6047,Physics,2017,28.2
6048,Entity_6048,Economics,2016,80.33
6049,Entity_6049,Economics,2020,72.71
6050,Entity_6050,Mathematics,2019,12.65
6051,Entity_6051,Economics,2017,18.22
6052,Entity_6052,Biology,2014,85.5
6053,Entity_6053,ComputerScience,2014,60.51
6054,Entity_6054,Biology,2011,68.99
6055,Entity_6055,ComputerScience,2013,48.73
6056,Entity_6056,Physics,2010,39.34
6057,Entity_6057,Engineering,2022,65.73
6058,Entity_6058,Physics,2022,38.3
6059,Entity_6059,Mathematics,2012,23.12
6060,Entity_6060,Engineering,2019,84.71
6061,Entity_6061,Physics,2021,45.02
6062,Entity_6062,Engineering,2024,12.49
6063,Entity_6063,Physics,2012,14.07
6064,Entity_6064,Economics,2019,3.34
6065,Entity_6065,Biology,2015,79.64
6066,Entity_6066,Biology,2010,71.13
6067,Entity_6067,Engineering,2015,63.85
6068,Entity_6068,ComputerScience,2016,47.89
6069,Entity_6069,Mathematics,2016,56.17
6070,Entity_6070,Biology,2011,7.45
6071,Entity_6071,Mathematics,2024,94.92
6072,Entity_6072,Mathematics,2017,40.73
6073,Entity_6073,Physics,2024,92.86
6074,Entity_6074,Physics,2011,3.39
6075,Entity_6075,ComputerScience,2019,19.49
6076,Entity_6076,Physics,2017,66.33
6077,Entity_6077,Economics,2015,56.18
6078,Entity_6078,Biology,2011,97.12
6079,Entity_6079,Engineering,2012,58.63
6080,Entity_6080,ComputerScience,2018,4.94
6081,Entity_6081,Physics,2012,30.73
6082,Entity_6082,Engineering,2021,39.68
6083,Entity_6083,Mathematics,2010,51.51
6084,Entity_6084,ComputerScience,2011,52.93
6085,Entity_6085,Mathematics,2019,53.52
6086,Entity_6086,Mathematics,2024,81.33
6087,Entity_6087,Mathematics,2024,25.12
6088,Entity_6088,Biology,2022,22.14
6089,Entity_6089,Engineering,2017,48.35
6090,Entity_6090,Physics,2011,18.07
6091,Entity_6091,Economics,2020,63.08
6092,Entity_6092,ComputerScience,2012,67.04
6093,Entity_6093,Economics,2012,86.26
6094,Entity_6094,ComputerScience,2017,51.83
6095,Entity_6095,ComputerScience,2019,17.31
6096,Entity_6096,Engineering,2022,41.94
6097,Entity_6097,Engineering,2015,93.82
6098,Entity_6098,Mathematics,2016,6.91
6099,Entity_6099,Biology,2010,87.2
6100,Entity_6100,Biology,2010,20.07
6101,Entity_6101,Engineering,2024,37.99
6102,Entity_6102,Biology,2019,83.8
6103,Entity_6103,Physics,2021,90.84
6104,Entity_6104,Biology,2019,94.99
6105,Entity_6105,Economics,2024,41.25
6106,Entity_6106,Engineering,2012,24.89
6107,Entity_6107,Economics,2014,50.22
6108,Entity_6108,ComputerScience,2016,60.38
6109,Entity_6109,Biology,2011,56.61
6110,Entity_6110,Engineering,2024,77.93
6111,Entity_6111,Engineering,2010,37.58
6112,Entity_6112,Biology,2014,46.99
6113,Entity_6113,Mathematics,2014,83.8
6114,Entity_6114,Economics,2015,92.01
6115,Entity_6115,Biology,2018,49.29
6116,Entity_6116,Engineering,2019,69.83
6117,Entity_6117,Engineering,2019,60.33
6118,Entity_6118,Economics,2012,47.46
6119,Entity_6119,ComputerScience,2021,49.48
6120,Entity_6120,Mathematics,2018,52.18
6121,Entity_6121,Engineering,2011,25.91
6122,Entity_6122,Mathematics,2024,27.85
6123,Entity_6123,Mathematics,2019,51.84
6124,Entity_6124,Mathematics,2024,90.68
6125,Entity_6125,Physics,2019,19.94
6126,Entity_6126,Mathematics,2013,82.75
6127,Entity_6127,Economics,2020,41.74
6128,Entity_6128,Mathematics,2019,42.96
6129,Entity_6129,Engineering,2013,77.06
6130,Entity_6130,Physics,2022,77.22
6131,Entity_6131,Mathematics,2013,69.02
6132,Entity_6132,Mathematics,2021,54.73
6133,Entity_6133,Mathematics,2013,80.01
6134,Entity_6134,Economics,2018,18.17
6135,Entity_6135,Engineering,2021,87.74
6136,Entity_6136,Engineering,2013,21.37
6137,Entity_6137,Engineering,2023,34.4
6138,Entity_6138,Engineering,2022,50.2
6139,Entity_6139,Physics,2016,48.95
6140,Entity_6140,Mathematics,2024,57.25
6141,Entity_6141,Economics,2015,15.49
6142,Entity_6142,Economics,2011,26.0
6143,Entity_6143,Biology,2023,55.52
6144,Entity_6144,Biology,2010,7.59
6145,Entity_6145,Mathematics,2024,50.01
6146,Entity_6146,Economics,2019,82.29
6147,Entity_6147,Economics,2019,42.63
6148,Entity_6148,Mathematics,2010,98.18
6149,Entity_6149,Engineering,2017,59.93
6150,Entity_6150,Biology,2016,39.3
6151,Entity_6151,ComputerScience,2012,18.93
6152,Entity_6152,Mathematics,2022,80.33
6153,Entity_6153,ComputerScience,2010,84.87
6154,Entity_6154,Mathematics,2011,55.3
6155,Entity_6155,Mathematics,2012,78.6
6156,Entity_6156,Engineering,2020,42.9
6157,Entity_6157,ComputerScience,2024,66.37
6158,Entity_6158,ComputerScience,2010,12.03
6159,Entity_6159,Economics,2021,28.44
6160,Entity_6160,Biology,2013,23.82
6161,Entity_6161,Economics,2019,57.49
6162,Entity_6162,Mathematics,2024,55.71
6163,Entity_6163,Physics,2012,3.27
6164,Entity_6164,Economics,2015,76.47
6165,Entity_6165,Physics,2022,96.67
6166,Entity_6166,Biology,2013,54.63
6167,Entity_6167,ComputerScience,2012,10.03
6168,Entity_6168,Engineering,2019,97.89
6169,Entity_6169,Mathematics,2022,49.14
6170,Entity_6170,ComputerScience,2013,84.69
6171,Entity_6171,Physics,2013,46.49
6172,Entity_6172,Physics,2024,18.18
6173,Entity_6173,Physics,2014,11.63
6174,Entity_6174,Physics,2020,31.54
6175,Entity_6175,Economics,2023,60.37
6176,Entity_6176,Biology,2017,22.13
6177,Entity_6177,ComputerScience,2023,9.12
6178,Entity_6178,Engineering,2017,44.81
6179,Entity_6179,Engineering,2024,39.06
6180,Entity_6180,Economics,2022,38.64
6181,Entity_6181,Economics,2022,27.9
6182,Entity_6182,Engineering,2017,44.23
6183,Entity_6183,Economics,2015,32.89
6184,Entity_6184,Biology,2018,61.95
6185,Entity_6185,Biology,2019,21.34
6186,Entity_6186,Physics,2021,8.66
6187,Entity_6187,Engineering,2020,38.39
6188,Entity_6188,Biology,2013,22.57
6189,Entity_6189,Mathematics,2016,28.14
6190,Entity_6190,Engineering,2014,89.95
6191,Entity_6191,Biology,2019,87.9
6192,Entity_6192,ComputerScience,2020,93.59
6193,Entity_6193,Physics,2020,70.06
6194,Entity_6194,Biology,2021,80.21
6195,Entity_6195,Biology,2019,35.17
6196,Entity_6196,Biology,2010,49.6
6197,Entity_6197,Engineering,2017,91.01
6198,Entity_6198,ComputerScience,2016,26.24
6199,Entity_6199,Physics,2014,37.29
6200,Entity_6200,Mathematics,2017,16.65
6201,Entity_6201,Physics,2023,58.96
6202,Entity_6202,Economics,2019,53.56
6203,Entity_6203,Physics,2023,4.59
6204,Entity_6204,Biology,2015,5.75
6205,Entity_6205,Physics,2011,71.0
6206,Entity_6206,Physics,2011,61.93
6207,Entity_6207,Economics,2010,25.79
6208,Entity_6208,Economics,2024,26.26
6209,Entity_6209,Physics,2014,15.02
6210,Entity_6210,Biology,2014,87.23
6211,Entity_6211,Physics,2013,41.54
6212,Entity_6212,Physics,2018,7.61
6213,Entity_6213,ComputerScience,2019,6.16
6214,Entity_6214,Engineering,2022,78.64
6215,Entity_6215,Engineering,2012,29.54
6216,Entity_6216,Biology,2016,89.6
6217,Entity_6217,Physics,2010,80.97
6218,Entity_6218,Physics,2019,71.54
6219,Entity_6219,ComputerScience,2022,11.05
6220,Entity_6220,Physics,2018,13.29
6221,Entity_6221,Biology,2018,76.33
6222,Entity_6222,Engineering,2012,16.12
6223,Entity_6223,Physics,2013,78.9
6224,Entity_6224,Mathematics,2023,18.01
6225,Entity_6225,Mathematics,2018,81.52
6226,Entity_6226,Economics,2018,89.59
6227,Entity_6227,Biology,2012,17.53
6228,Entity_6228,Biology,2012,84.81
6229,Entity_6229,Physics,2023,61.29
6230,Entity_6230,Mathematics,2019,78.53
6231,Entity_6231,Biology,2013,46.04
6232,Entity_6232,Engineering,2011,71.63
6233,Entity_6233,Physics,2020,61.0
6234,Entity_6234,ComputerScience,2011,98.3
6235,Entity_6235,Physics,2010,29.43
6236,Entity_6236,Economics,2022,49.51
6237,Entity_6237,Biology,2018,54.61
6238,Entity_6238,Biology,2024,52.98
6239,Entity_6239,Engineering,2018,36.04
6240,Entity_6240,Economics,2019,72.12
6241,Entity_6241,Engineering,2016,75.41
6242,Entity_6242,Economics,2024,41.36
6243,Entity_6243,Economics,2023,50.47
6244,Entity_6244,ComputerScience,2013,8.27
6245,Entity_6245,Mathematics,2023,30.55
6246,Entity_6246,Economics,2024,41.83
6247,Entity_6247,Biology,2014,37.99
6248,Entity_6248,Mathematics,2017,20.67
6249,Entity_6249,ComputerScience,2013,44.12
6250,Entity_6250,Engineering,2022,15.57
6251,Entity_6251,Economics,2022,76.12
6252,Entity_6252,Physics,2020,79.58
6253,Entity_6253,Biology,2013,15.09
6254,Entity_6254,Physics,2024,44.46
6255,Entity_6255,Biology,2016,47.17
6256,Entity_6256,Biology,2015,88.36
6257,Entity_6257,Biology,2012,42.16
6258,Entity_6258,ComputerScience,2013,94.82
6259,Entity_6259,Engineering,2024,11.03
6260,Entity_6260,Mathematics,2010,35.7
6261,Entity_6261,Biology,2024,65.69
6262,Entity_6262,Biology,2011,60.23
6263,Entity_6263,Mathematics,2023,51.74
6264,Entity_6264,Biology,2010,93.46
6265,Entity_6265,Biology,2011,35.9
6266,Entity_6266,Physics,2014,92.28
6267,Entity_6267,Physics,2010,99.22
6268,Entity_6268,Physics,2021,71.4
6269,Entity_6269,Mathematics,2010,3.44
6270,Entity_6270,Physics,2020,52.59
6271,Entity_6271,ComputerScience,2017,40.94
6272,Entity_6272,Economics,2017,35.35
6273,Entity_6273,Mathematics,2014,37.43
6274,Entity_6274,Economics,2019,13.21
6275,Entity_6275,Biology,2022,49.26
6276,Entity_6276,Economics,2010,66.97
6277,Entity_6277,Economics,2021,75.14
6278,Entity_6278,Economics,2011,99.87
6279,Entity_6279,Physics,2024,82.65
6280,Entity_6280,Mathematics,2020,71.71
6281,Entity_6281,Engineering,2021,63.89
6282,Entity_6282,Physics,2012,76.45
6283,Entity_6283,Physics,2011,62.07
6284,Entity_6284,Mathematics,2016,22.8
6285,Entity_6285,ComputerScience,2014,2.2
6286,Entity_6286,Physics,2013,42.42
6287,Entity_6287,Physics,2016,80.15
6288,Entity_6288,Physics,2016,55.16
6289,Entity_6289,Mathematics,2024,21.85
6290,Entity_6290,ComputerScience,2012,86.03
6291,Entity_6291,Mathematics,2021,48.78
6292,Entity_6292,ComputerScience,2013,47.36
6293,Entity_6293,Physics,2024,67.59
6294,Entity_6294,ComputerScience,2011,67.27
6295,Entity_6295,Mathematics,2019,73.06
6296,Entity_6296,Mathematics,2023,47.42
6297,Entity_6297,Mathematics,2019,56.3
6298,Entity_6298,Engineering,2015,63.52
6299,Entity_6299,Mathematics,2018,16.4
6300,Entity_6300,Engineering,2023,71.94
6301,Entity_6301,Economics,2020,28.62
6302,Entity_6302,Economics,2022,89.76
6303,Entity_6303,Physics,2023,3.2
6304,Entity_6304,Biology,2014,33.49
6305,Entity_6305,Economics,2014,50.39
6306,Entity_6306,Engineering,2016,6.08
6307,Entity_6307,Economics,2014,80.37
6308,Entity_6308,Mathematics,2011,82.58
6309,Entity_6309,Economics,2013,84.6
6310,Entity_6310,Physics,2024,95.66
6311,Entity_6311,Biology,2024,16.17
6312,Entity_6312,ComputerScience,2021,54.68
6313,Entity_6313,Mathematics,2016,74.51
6314,Entity_6314,Biology,2019,33.79
6315,Entity_6315,ComputerScience,2013,17.08
6316,Entity_6316,Biology,2024,66.63
6317,Entity_6317,Mathematics,2024,89.04
6318,Entity_6318,Biology,2016,81.69
6319,Entity_6319,Physics,2016,47.84
6320,Entity_6320,ComputerScience,2015,93.82
6321,Entity_6321,ComputerScience,2014,24.33
6322,Entity_6322,Biology,2024,95.87
6323,Entity_6323,Economics,2013,41.13
6324,Entity_6324,Physics,2014,25.08
6325,Entity_6325,Physics,2015,16.76
6326,Entity_6326,Mathematics,2019,38.31
6327,Entity_6327,ComputerScience,2011,9.13
6328,Entity_6328,Engineering,2010,15.85
6329,Entity_6329,Biology,2017,89.76
6330,Entity_6330,Engineering,2020,16.04
6331,Entity_6331,ComputerScience,2010,47.65
6332,Entity_6332,ComputerScience,2012,29.85
6333,Entity_6333,Mathematics,2020,68.88
6334,Entity_6334,Engineering,2015,66.94
6335,Entity_6335,ComputerScience,2010,17.36
6336,Entity_6336,Mathematics,2015,10.9
6337,Entity_6337,Economics,2011,98.83
6338,Entity_6338,Economics,2010,82.32
6339,Entity_6339,Physics,2022,17.82
6340,Entity_6340,Biology,2023,99.35
6341,Entity_6341,ComputerScience,2014,59.74
6342,Entity_6342,Economics,2023,53.08
6343,Entity_6343,Economics,2014,14.72
6344,Entity_6344,Biology,2019,85.39
6345,Entity_6345,Physics,2020,77.83
6346,Entity_6346,Economics,2011,50.15
6347,Entity_6347,Physics,2021,29.09
6348,Entity_6348,Biology,2023,34.53
6349,Entity_6349,Physics,2021,47.79
6350,Entity_6350,Biology,2015,95.22
6351,Entity_6351,Mathematics,2014,65.7
6352,Entity_6352,Biology,2016,80.89
6353,Entity_6353,Physics,2022,98.48
6354,Entity_6354,Mathematics,2020,33.33
6355,Entity_6355,Physics,2017,15.72
6356,Entity_6356,Physics,2010,8.87
6357,Entity_6357,Economics,2024,12.65
6358,Entity_6358,ComputerScience,2017,13.48
6359,Entity_6359,Engineering,2011,28.97
6360,Entity_6360,Mathematics,2021,32.68
6361,Entity_6361,Physics,2021,48.68
6362,Entity_6362,Biology,2011,93.06
6363,Entity_6363,Engineering,2020,55.66
6364,Entity_6364,Economics,2014,93.81
6365,Entity_6365,Physics,2024,47.85
6366,Entity_6366,ComputerScience,2015,16.5
6367,Entity_6367,Physics,2015,7.54
6368,Entity_6368,ComputerScience,2023,85.45
6369,Entity_6369,Mathematics,2016,19.47
6370,Entity_6370,Biology,2017,66.17
6371,Entity_6371,Biology,2022,71.21
6372,Entity_6372,Mathematics,2017,14.16
6373,Entity_6373,Mathematics,2021,96.7
6374,Entity_6374,Biology,2020,32.16
6375,Entity_6375,Economics,2023,70.29
6376,Entity_6376,ComputerScience,2023,78.54
6377,Entity_6377,Mathematics,2016,10.23
6378,Entity_6378,Mathematics,2012,5.16
6379,Entity_6379,Physics,2013,51.77
6380,Entity_6380,Biology,2014,90.82
6381,Entity_6381,Engineering,2012,42.37
6382,Entity_6382,ComputerScience,2020,36.71
6383,Entity_6383,Mathematics,2022,61.87
6384,Entity_6384,Mathematics,2010,11.36
6385,Entity_6385,Economics,2013,21.9
6386,Entity_6386,Mathematics,2020,66.21
6387,Entity_6387,Engineering,2021,50.99
6388,Entity_6388,Economics,2016,89.07
6389,Entity_6389,Economics,2019,92.73
6390,Entity_6390,Physics,2016,77.2
6391,Entity_6391,Engineering,2022,4.9
6392,Entity_6392,Engineering,2019,55.17
6393,Entity_6393,Economics,2022,46.19
6394,Entity_6394,Mathematics,2015,2.77
6395,Entity_6395,Economics,2020,96.54
6396,Entity_6396,ComputerScience,2017,83.13
6397,Entity_6397,Biology,2024,46.89
6398,Entity_6398,Economics,2019,23.86
6399,Entity_6399,Mathematics,2023,59.5
6400,Entity_6400,Biology,2014,30.73
6401,Entity_6401,Engineering,2023,4.83
6402,Entity_6402,Physics,2020,90.53
6403,Entity_6403,Mathematics,2016,27.27
6404,Entity_6404,Economics,2013,5.01
6405,Entity_6405,Biology,2013,40.3
6406,Entity_6406,Biology,2010,95.91
6407,Entity_6407,Mathematics,2018,81.63
6408,Entity_6408,Economics,2016,2.62
6409,Entity_6409,Engineering,2022,76.91
6410,Entity_6410,Mathematics,2022,60.42
6411,Entity_6411,ComputerScience,2017,98.9
6412,Entity_6412,Physics,2018,66.47
6413,Entity_6413,Mathematics,2022,12.47
6414,Entity_6414,Physics,2024,98.94
6415,Entity_6415,Economics,2021,33.53
6416,Entity_6416,Economics,2020,20.83
6417,Entity_6417,Engineering,2016,8.89
6418,Entity_6418,Engineering,2013,94.71
6419,Entity_6419,ComputerScience,2011,13.86
6420,Entity_6420,Engineering,2021,26.56
6421,Entity_6421,Engineering,2014,67.51
6422,Entity_6422,Biology,2012,90.69
6423,Entity_6423,Physics,2021,17.23
6424,Entity_6424,ComputerScience,2022,93.24
6425,Entity_6425,Mathematics,2018,69.46
6426,Entity_6426,Engineering,2011,8.55
6427,Entity_6427,Physics,2023,13.02
6428,Entity_6428,ComputerScience,2013,7.53
6429,Entity_6429,Mathematics,2012,12.22
6430,Entity_6430,Biology,2015,13.02
6431,Entity_6431,Economics,2017,51.57
6432,Entity_6432,Biology,2020,61.82
6433,Entity_6433,ComputerScience,2015,79.11
6434,Entity_6434,Mathematics,2012,39.4
6435,Entity_6435,Physics,2018,94.55
6436,Entity_6436,Engineering,2010,91.18
6437,Entity_6437,Economics,2022,96.97
6438,Entity_6438,ComputerScience,2011,17.07
6439,Entity_6439,Mathematics,2012,52.69
6440,Entity_6440,Engineering,2018,20.22
6441,Entity_6441,Engineering,2015,3.95
6442,Entity_6442,Biology,2022,75.92
6443,Entity_6443,ComputerScience,2022,51.73
6444,Entity_6444,Biology,2013,17.58
6445,Entity_6445,Economics,2020,48.86
6446,Entity_6446,Economics,2021,70.04
6447,Entity_6447,Engineering,2013,83.62
6448,Entity_6448,Biology,2018,77.31
6449,Entity_6449,Biology,2015,64.61
6450,Entity_6450,Physics,2024,5.15
6451,Entity_6451,Biology,2013,1.37
6452,Entity_6452,Mathematics,2010,98.78
6453,Entity_6453,Mathematics,2020,34.53
6454,Entity_6454,Engineering,2023,1.74
6455,Entity_6455,Mathematics,2023,46.88
6456,Entity_6456,Physics,2023,10.5
6457,Entity_6457,Economics,2018,76.85
6458,Entity_6458,Economics,2012,47.87
6459,Entity_6459,Economics,2018,72.86
6460,Entity_6460,Mathematics,2011,62.87
6461,Entity_6461,ComputerScience,2022,83.69
6462,Entity_6462,Mathematics,2013,31.89
6463,Entity_6463,Biology,2014,4.85
6464,Entity_6464,ComputerScience,2010,93.97
6465,Entity_6465,Engineering,2012,69.89
6466,Entity_6466,Biology,2012,28.79
6467,Entity_6467,Biology,2011,97.54
6468,Entity_6468,Mathematics,2011,50.33
6469,Entity_6469,Engineering,2014,41.28
6470,Entity_6470,ComputerScience,2014,33.45
6471,Entity_6471,Engineering,2011,87.08
6472,Entity_6472,Economics,2019,60.36
6473,Entity_6473,ComputerScience,2015,12.22
6474,Entity_6474,Mathematics,2022,34.04
6475,Entity_6475,ComputerScience,2012,58.06
6476,Entity_6476,Economics,2022,8.81
6477,Entity_6477,ComputerScience,2014,31.84
6478,Entity_6478,Economics,2022,54.59
6479,Entity_6479,ComputerScience,2022,71.57
6480,Entity_6480,Economics,2023,69.36
6481,Entity_6481,Mathematics,2024,55.68
6482,Entity_6482,Mathematics,2011,89.64
6483,Entity_6483,ComputerScience,2014,91.96
6484,Entity_6484,Biology,2011,66.13
6485,Entity_6485,Mathematics,2021,6.15
6486,Entity_6486,ComputerScience,2011,94.95
6487,Entity_6487,Economics,2010,11.58
6488,Entity_6488,Biology,2010,47.45
6489,Entity_6489,Mathematics,2016,54.65
6490,Entity_6490,Mathematics,2012,59.49
6491,Entity_6491,Economics,2024,79.62
6492,Entity_6492,ComputerScience,2015,17.67
6493,Entity_6493,Engineering,2024,57.33
6494,Entity_6494,ComputerScience,2020,81.41
6495,Entity_6495,Biology,2013,73.15
6496,Entity_6496,Physics,2012,74.05
6497,Entity_6497,Engineering,2018,24.62
6498,Entity_6498,Biology,2010,68.46
6499,Entity_6499,Mathematics,2019,79.67
6500,Entity_6500,Physics,2017,55.21
6501,Entity_6501,ComputerScience,2016,21.89
6502,Entity_6502,Engineering,2016,20.05
6503,Entity_6503,Economics,2014,35.08
6504,Entity_6504,Biology,2019,41.74
6505,Entity_6505,Economics,2014,27.67
6506,Entity_6506,Economics,2023,89.07
6507,Entity_6507,Engineering,2016,26.24
6508,Entity_6508,Economics,2017,1.14
6509,Entity_6509,ComputerScience,2016,59.48
6510,Entity_6510,Engineering,2014,69.44
6511,Entity_6511,Economics,2012,81.63
6512,Entity_6512,Economics,2011,96.75
6513,Entity_6513,Physics,2012,71.4
6514,Entity_6514,Physics,2013,74.74
6515,Entity_6515,Engineering,2011,68.72
6516,Entity_6516,Physics,2013,28.38
6517,Entity_6517,ComputerScience,2019,1.28
6518,Entity_6518,Physics,2021,11.97
6519,Entity_6519,Engineering,2010,41.92
6520,Entity_6520,Mathematics,2013,45.26
6521,Entity_6521,Physics,2021,65.15
6522,Entity_6522,ComputerScience,2023,37.51
6523,Entity_6523,Biology,2016,66.29
6524,Entity_6524,Engineering,2014,44.9
6525,Entity_6525,Physics,2023,63.87
6526,Entity_6526,Physics,2016,35.96
6527,Entity_6527,Engineering,2023,94.73
6528,Entity_6528,Physics,2017,49.4
6529,Entity_6529,Mathematics,2016,5.84
6530,Entity_6530,ComputerScience,2016,46.89
6531,Entity_6531,ComputerScience,2022,89.0
6532,Entity_6532,ComputerScience,2021,46.42
6533,Entity_6533,Mathematics,2013,41.93
6534,Entity_6534,Mathematics,2012,29.06
6535,Entity_6535,Physics,2016,77.14
6536,Entity_6536,Biology,2022,76.5
6537,Entity_6537,ComputerScience,2019,45.99
6538,Entity_6538,Mathematics,2020,23.21
6539,Entity_6539,Physics,2021,86.52
6540,Entity_6540,Biology,2016,27.69
6541,Entity_6541,Biology,2013,44.37
6542,Entity_6542,Physics,2010,78.32
6543,Entity_6543,Engineering,2017,39.07
6544,Entity_6544,Economics,2018,64.55
6545,Entity_6545,Physics,2011,27.5
6546,Entity_6546,Mathematics,2018,26.23
6547,Entity_6547,ComputerScience,2014,86.34
6548,Entity_6548,Economics,2022,31.71
6549,Entity_6549,Biology,2010,7.23
6550,Entity_6550,ComputerScience,2013,89.98
6551,Entity_6551,Mathematics,2022,25.19
6552,Entity_6552,Engineering,2024,56.04
6553,Entity_6553,Economics,2019,80.1
6554,Entity_6554,Economics,2024,19.11
6555,Entity_6555,Biology,2018,1.33
6556,Entity_6556,ComputerScience,2015,77.08
6557,Entity_6557,Economics,2016,57.23
6558,Entity_6558,ComputerScience,2017,20.15
6559,Entity_6559,ComputerScience,2021,31.33
6560,Entity_6560,Biology,2014,69.91
6561,Entity_6561,Mathematics,2019,20.75
6562,Entity_6562,Biology,2020,84.35
6563,Entity_6563,Economics,2019,56.84
6564,Entity_6564,ComputerScience,2016,47.71
6565,Entity_6565,Physics,2024,25.24
6566,Entity_6566,ComputerScience,2023,34.28
6567,Entity_6567,Biology,2022,24.88
6568,Entity_6568,Mathematics,2017,23.53
6569,Entity_6569,Economics,2010,69.28
6570,Entity_6570,ComputerScience,2019,89.7
6571,Entity_6571,Physics,2016,86.79
6572,Entity_6572,Physics,2017,41.82
6573,Entity_6573,Engineering,2011,11.16
6574,Entity_6574,Economics,2017,72.12
6575,Entity_6575,Physics,2021,22.24
6576,Entity_6576,Mathematics,2011,4.62
6577,Entity_6577,ComputerScience,2024,59.16
6578,Entity_6578,ComputerScience,2014,64.66
6579,Entity_6579,Biology,2024,21.7
6580,Entity_6580,Mathematics,2024,24.43
6581,Entity_6581,ComputerScience,2011,80.74
6582,Entity_6582,Economics,2018,74.9
6583,Entity_6583,Physics,2010,48.13
6584,Entity_6584,Mathematics,2018,17.54
6585,Entity_6585,Engineering,2021,1.63
6586,Entity_6586,Biology,2023,99.23
6587,Entity_6587,Biology,2024,33.74
6588,Entity_6588,ComputerScience,2018,58.71
6589,Entity_6589,Economics,2014,1.01
6590,Entity_6590,Engineering,2015,93.53
6591,Entity_6591,Biology,2018,69.9
6592,Entity_6592,ComputerScience,2021,10.65
6593,Entity_6593,Engineering,2019,3.11
6594,Entity_6594,Mathematics,2013,18.03
6595,Entity_6595,Physics,2013,74.01
6596,Entity_6596,Engineering,2012,20.39
6597,Entity_6597,Physics,2013,14.13
6598,Entity_6598,Biology,2010,66.5
6599,Entity_6599,Physics,2019,14.32
6600,Entity_6600,ComputerScience,2021,91.31
6601,Entity_6601,Physics,2015,63.09
6602,Entity_6602,Mathematics,2023,68.99
6603,Entity_6603,Physics,2021,7.26
6604,Entity_6604,Physics,2017,38.43
6605,Entity_6605,Physics,2015,4.48
6606,Entity_6606,Physics,2020,84.45
6607,Entity_6607,Biology,2011,9.4
6608,Entity_6608,Physics,2013,8.25
6609,Entity_6609,Biology,2011,44.03
6610,Entity_6610,Engineering,2023,17.45
6611,Entity_6611,Engineering,2018,71.66
6612,Entity_6612,Engineering,2018,95.05
6613,Entity_6613,Economics,2024,96.23
6614,Entity_6614,Economics,2015,88.75
6615,Entity_6615,Physics,2023,99.72
6616,Entity_6616,Economics,2020,57.16
6617,Entity_6617,Biology,2016,18.04
6618,Entity_6618,Biology,2014,32.26
6619,Entity_6619,Economics,2013,92.7
6620,Entity_6620,ComputerScience,2013,41.18
6621,Entity_6621,Biology,2022,54.01
6622,Entity_6622,ComputerScience,2023,58.56
6623,Entity_6623,Engineering,2012,90.18
6624,Entity_6624,Physics,2021,70.33
6625,Entity_6625,ComputerScience,2018,48.45
6626,Entity_6626,Engineering,2019,71.53
6627,Entity_6627,Physics,2010,52.28
6628,Entity_6628,Economics,2024,23.95
6629,Entity_6629,Physics,2013,90.89
6630,Entity_6630,Economics,2023,61.08
6631,Entity_6631,ComputerScience,2013,54.36
6632,Entity_6632,ComputerScience,2015,52.98
6633,Entity_6633,ComputerScience,2014,26.85
6634,Entity_6634,Economics,2012,82.98
6635,Entity_6635,ComputerScience,2016,49.56
6636,Entity_6636,Physics,2012,80.48
6637,Entity_6637,Physics,2021,63.99
6638,Entity_6638,Economics,2012,62.86
6639,Entity_6639,ComputerScience,2016,72.37
6640,Entity_6640,Economics,2011,74.04
6641,Entity_6641,Mathematics,2017,17.3
6642,Entity_6642,Mathematics,2023,34.43
6643,Entity_6643,ComputerScience,2022,2.14
6644,Entity_6644,ComputerScience,2022,66.82
6645,Entity_6645,ComputerScience,2023,81.15
6646,Entity_6646,ComputerScience,2011,32.93
6647,Entity_6647,Engineering,2022,64.07
6648,Entity_6648,ComputerScience,2011,69.11
6649,Entity_6649,Biology,2022,10.73
6650,Entity_6650,Economics,2020,37.78
6651,Entity_6651,Engineering,2021,96.9
6652,Entity_6652,ComputerScience,2021,15.83
6653,Entity_6653,Mathematics,2015,38.53
6654,Entity_6654,ComputerScience,2022,91.51
6655,Entity_6655,Engineering,2014,75.5
6656,Entity_6656,Mathematics,2012,9.42
6657,Entity_6657,Physics,2019,67.15
6658,Entity_6658,Economics,2017,29.43
6659,Entity_6659,Economics,2024,77.03
6660,Entity_6660,Physics,2012,82.61
6661,Entity_6661,Mathematics,2018,62.54
6662,Entity_6662,ComputerScience,2015,38.57
6663,Entity_6663,ComputerScience,2018,44.03
6664,Entity_6664,ComputerScience,2010,60.32
6665,Entity_6665,ComputerScience,2020,26.87
6666,Entity_6666,Physics,2016,35.19
6667,Entity_6667,Mathematics,2011,36.79
6668,Entity_6668,Economics,2014,53.47
6669,Entity_6669,Biology,2016,56.74
6670,Entity_6670,Physics,2016,15.78
6671,Entity_6671,Mathematics,2018,23.56
6672,Entity_6672,Mathematics,2015,66.47
6673,Entity_6673,Mathematics,2014,82.34
6674,Entity_6674,Economics,2016,73.23
6675,Entity_6675,Economics,2021,4.9
6676,Entity_6676,Biology,2010,41.27
6677,Entity_6677,Physics,2016,60.61
6678,Entity_6678,Economics,2018,46.54
6679,Entity_6679,Mathematics,2022,99.88
6680,Entity_6680,Economics,2022,63.99
6681,Entity_6681,Economics,2012,13.45
6682,Entity_6682,ComputerScience,2014,80.4
6683,Entity_6683,ComputerScience,2023,39.78
6684,Entity_6684,Economics,2011,89.13
6685,Entity_6685,Economics,2021,1.49
6686,Entity_6686,Engineering,2021,26.61
6687,Entity_6687,Engineering,2012,55.2
6688,Entity_6688,Biology,2017,88.16
6689,Entity_6689,Physics,2018,20.19
6690,Entity_6690,Engineering,2022,19.58
6691,Entity_6691,Engineering,2011,40.57
6692,Entity_6692,Physics,2012,67.63
6693,Entity_6693,Physics,2021,40.61
6694,Entity_6694,Engineering,2014,72.87
6695,Entity_6695,Economics,2019,64.87
6696,Entity_6696,Engineering,2021,31.44
6697,Entity_6697,Mathematics,2012,3.05
6698,Entity_6698,Biology,2022,71.98
6699,Entity_6699,Mathematics,2021,72.8
6700,Entity_6700,Economics,2016,22.17
6701,Entity_6701,Mathematics,2022,25.93
6702,Entity_6702,Biology,2023,5.04
6703,Entity_6703,Biology,2014,94.6
6704,Entity_6704,Engineering,2016,16.51
6705,Entity_6705,Mathematics,2022,29.77
6706,Entity_6706,ComputerScience,2012,40.92
6707,Entity_6707,Physics,2021,67.9
6708,Entity_6708,Mathematics,2018,68.64
6709,Entity_6709,Mathematics,2013,95.96
6710,Entity_6710,Engineering,2010,67.2
6711,Entity_6711,Biology,2016,31.47
6712,Entity_6712,Mathematics,2023,29.77
6713,Entity_6713,Economics,2023,53.51
6714,Entity_6714,ComputerScience,2022,23.36
6715,Entity_6715,ComputerScience,2015,24.9
6716,Entity_6716,Engineering,2018,52.36
6717,Entity_6717,Mathematics,2015,72.82
6718,Entity_6718,Physics,2017,61.4
6719,Entity_6719,Engineering,2010,67.69
6720,Entity_6720,Mathematics,2010,29.68
6721,Entity_6721,Engineering,2010,99.32
6722,Entity_6722,Mathematics,2013,21.26
6723,Entity_6723,Physics,2013,97.0
6724,Entity_6724,Mathematics,2013,83.02
6725,Entity_6725,Mathematics,2019,32.19
6726,Entity_6726,Engineering,2011,40.08
6727,Entity_6727,Physics,2022,15.0
6728,Entity_6728,ComputerScience,2011,10.36
6729,Entity_6729,Economics,2017,53.09
6730,Entity_6730,Engineering,2024,78.95
6731,Entity_6731,Economics,2010,61.04
6732,Entity_6732,Physics,2013,59.74
6733,Entity_6733,Engineering,2020,20.6
6734,Entity_6734,Physics,2012,41.09
6735,Entity_6735,Mathematics,2013,4.88
6736,Entity_6736,Biology,2023,4.44
6737,Entity_6737,ComputerScience,2011,91.89
6738,Entity_6738,Economics,2022,50.98
6739,Entity_6739,Mathematics,2016,10.44
6740,Entity_6740,Economics,2023,41.31
6741,Entity_6741,Economics,2021,86.54
6742,Entity_6742,ComputerScience,2010,91.24
6743,Entity_6743,Physics,2023,3.63
6744,Entity_6744,ComputerScience,2019,11.57
6745,Entity_6745,Biology,2011,55.42
6746,Entity_6746,Economics,2018,92.51
6747,Entity_6747,Physics,2021,38.35
6748,Entity_6748,Biology,2020,70.58
6749,Entity_6749,Mathematics,2021,29.08
6750,Entity_6750,Economics,2011,96.08
6751,Entity_6751,Biology,2024,1.3
6752,Entity_6752,Economics,2020,22.16
6753,Entity_6753,Mathematics,2019,79.42
6754,Entity_6754,Physics,2024,6.74
6755,Entity_6755,Mathematics,2019,8.02
6756,Entity_6756,ComputerScience,2023,53.07
6757,Entity_6757,Economics,2014,11.78
6758,Entity_6758,Mathematics,2013,23.9
6759,Entity_6759,Economics,2017,34.95
6760,Entity_6760,ComputerScience,2019,14.79
6761,Entity_6761,Biology,2013,17.89
6762,Entity_6762,Engineering,2012,94.22
6763,Entity_6763,Economics,2019,51.08
6764,Entity_6764,ComputerScience,2013,45.68
6765,Entity_6765,Mathematics,2015,42.41
6766,Entity_6766,ComputerScience,2014,93.44
6767,Entity_6767,Engineering,2021,85.87
6768,Entity_6768,Mathematics,2012,52.45
6769,Entity_6769,Biology,2021,5.24
6770,Entity_6770,Mathematics,2020,3.1
6771,Entity_6771,Mathematics,2013,49.75
6772,Entity_6772,Biology,2016,44.1
6773,Entity_6773,Engineering,2010,52.41
6774,Entity_6774,ComputerScience,2011,74.89
6775,Entity_6775,Biology,2022,84.81
6776,Entity_6776,ComputerScience,2013,87.61
6777,Entity_6777,ComputerScience,2018,88.61
6778,Entity_6778,Mathematics,2016,40.39
6779,Entity_6779,Economics,2011,82.0
6780,Entity_6780,ComputerScience,2016,16.25
6781,Entity_6781,Biology,2011,32.72
6782,Entity_6782,Engineering,2013,10.89
6783,Entity_6783,Physics,2022,22.64
6784,Entity_6784,Mathematics,2015,6.15
6785,Entity_6785,Biology,2018,55.48
6786,Entity_6786,Biology,2019,11.77
6787,Entity_6787,Engineering,2023,49.04
6788,Entity_6788,Economics,2020,90.34
6789,Entity_6789,Economics,2013,98.41
6790,Entity_6790,Mathematics,2014,75.22
6791,Entity_6791,ComputerScience,2011,24.97
6792,Entity_6792,Economics,2010,79.59
6793,Entity_6793,Biology,2022,20.21
6794,Entity_6794,Mathematics,2013,48.21
6795,Entity_6795,Engineering,2024,55.48
6796,Entity_6796,Economics,2012,41.34
6797,Entity_6797,Physics,2013,64.87
6798,Entity_6798,Economics,2021,13.29
6799,Entity_6799,ComputerScience,2020,37.69
6800,Entity_6800,Engineering,2021,2.79
6801,Entity_6801,ComputerScience,2018,37.46
6802,Entity_6802,Economics,2019,71.05
6803,Entity_6803,Mathematics,2014,57.83
6804,Entity_6804,ComputerScience,2021,99.54
6805,Entity_6805,Mathematics,2019,80.93
6806,Entity_6806,Biology,2022,60.19
6807,Entity_6807,Economics,2019,94.32
6808,Entity_6808,Biology,2022,62.82
6809,Entity_6809,Biology,2023,78.27
6810,Entity_6810,Mathematics,2023,55.72
6811,Entity_6811,Economics,2022,60.43
6812,Entity_6812,Engineering,2020,68.15
6813,Entity_6813,Biology,2011,89.03
6814,Entity_6814,Mathematics,2012,53.99
6815,Entity_6815,Mathematics,2019,39.03
6816,Entity_6816,Economics,2013,15.55
6817,Entity_6817,Economics,2011,30.15
6818,Entity_6818,Economics,2024,31.65
6819,Entity_6819,Economics,2022,97.51
6820,Entity_6820,Physics,2012,89.16
6821,Entity_6821,ComputerScience,2012,84.08
6822,Entity_6822,Physics,2014,78.27
6823,Entity_6823,Biology,2016,56.83
6824,Entity_6824,ComputerScience,2016,62.6
6825,Entity_6825,ComputerScience,2018,47.82
6826,Entity_6826,Biology,2020,12.65
6827,Entity_6827,Biology,2024,4.02
6828,Entity_6828,Biology,2012,75.18
6829,Entity_6829,Mathematics,2018,94.36
6830,Entity_6830,Engineering,2013,52.48
6831,Entity_6831,Physics,2015,67.34
6832,Entity_6832,Economics,2024,36.82
6833,Entity_6833,Physics,2024,95.06
6834,Entity_6834,Physics,2020,89.81
6835,Entity_6835,ComputerScience,2023,82.06
6836,Entity_6836,Mathematics,2023,1.3
6837,Entity_6837,Mathematics,2016,88.84
6838,Entity_6838,ComputerScience,2012,90.32
6839,Entity_6839,Economics,2019,43.98
6840,Entity_6840,ComputerScience,2018,80.65
6841,Entity_6841,Physics,2016,59.46
6842,Entity_6842,Mathematics,2018,67.98
6843,Entity_6843,Biology,2020,27.34
6844,Entity_6844,Economics,2016,57.72
6845,Entity_6845,Mathematics,2016,63.4
6846,Entity_6846,Physics,2010,56.62
6847,Entity_6847,Biology,2011,67.53
6848,Entity_6848,Engineering,2024,15.43
6849,Entity_6849,Physics,2022,53.32
6850,Entity_6850,Economics,2015,98.07
6851,Entity_6851,ComputerScience,2014,84.49
6852,Entity_6852,Mathematics,2016,54.61
6853,Entity_6853,Physics,2019,79.83
6854,Entity_6854,Mathematics,2023,51.39
6855,Entity_6855,Engineering,2024,5.02
6856,Entity_6856,ComputerScience,2023,95.96
6857,Entity_6857,Biology,2022,23.15
6858,Entity_6858,ComputerScience,2020,85.37
6859,Entity_6859,Biology,2019,39.68
6860,Entity_6860,Biology,2011,99.85
6861,Entity_6861,ComputerScience,2023,97.99
6862,Entity_6862,Biology,2018,21.0
6863,Entity_6863,ComputerScience,2020,20.14
6864,Entity_6864,Economics,2015,82.53
6865,Entity_6865,ComputerScience,2010,94.59
6866,Entity_6866,Biology,2018,6.54
6867,Entity_6867,Engineering,2014,8.93
6868,Entity_6868,Engineering,2019,8.24
6869,Entity_6869,Engineering,2015,6.38
6870,Entity_6870,Biology,2022,18.54
6871,Entity_6871,Engineering,2018,20.39
6872,Entity_6872,Economics,2017,64.57
6873,Entity_6873,Engineering,2012,5.98
6874,Entity_6874,Mathematics,2013,64.11
6875,Entity_6875,Mathematics,2010,89.68
6876,Entity_6876,Biology,2017,60.28
6877,Entity_6877,Biology,2012,6.76
6878,Entity_6878,Biology,2024,14.83
6879,Entity_6879,Biology,2022,86.44
6880,Entity_6880,Engineering,2012,60.03
6881,Entity_6881,Mathematics,2010,55.99
6882,Entity_6882,ComputerScience,2021,87.37
6883,Entity_6883,Engineering,2020,82.77
6884,Entity_6884,Biology,2024,5.72
6885,Entity_6885,Physics,2019,70.23
6886,Entity_6886,Economics,2011,77.14
6887,Entity_6887,Mathematics,2010,40.33
6888,Entity_6888,Economics,2020,53.82
6889,Entity_6889,ComputerScience,2013,20.65
6890,Entity_6890,Biology,2013,9.83
6891,Entity_6891,Physics,2024,32.11
6892,Entity_6892,Engineering,2024,17.95
6893,Entity_6893,Mathematics,2024,96.14
6894,Entity_6894,ComputerScience,2017,54.92
6895,Entity_6895,ComputerScience,2017,2.05
6896,Entity_6896,Physics,2020,11.06
6897,Entity_6897,Economics,2012,1.05
6898,Entity_6898,ComputerScience,2013,75.28
6899,Entity_6899,Physics,2023,51.82
6900,Entity_6900,Engineering,2015,14.1
6901,Entity_6901,Biology,2018,57.77
6902,Entity_6902,Mathematics,2016,13.01
6903,Entity_6903,Physics,2017,8.36
6904,Entity_6904,Engineering,2018,30.38
6905,Entity_6905,Mathematics,2019,5.87
6906,Entity_6906,Physics,2023,58.3
6907,Entity_6907,ComputerScience,2012,86.55
6908,Entity_6908,Mathematics,2018,5.26
6909,Entity_6909,ComputerScience,2016,28.26
6910,Entity_6910,ComputerScience,2013,45.72
6911,Entity_6911,Engineering,2014,83.37
6912,Entity_6912,Biology,2017,53.88
6913,Entity_6913,Physics,2024,46.86
6914,Entity_6914,Biology,2020,51.83
6915,Entity_6915,Physics,2011,2.39
6916,Entity_6916,Physics,2020,10.13
6917,Entity_6917,Biology,2024,82.24
6918,Entity_6918,Economics,2023,19.06
6919,Entity_6919,Engineering,2013,26.85
6920,Entity_6920,Biology,2012,57.68
6921,Entity_6921,Mathematics,2021,83.14
6922,Entity_6922,Engineering,2020,61.04
6923,Entity_6923,Physics,2022,43.18
6924,Entity_6924,Physics,2023,82.43
6925,Entity_6925,Physics,2024,12.38
6926,Entity_6926,Economics,2012,54.81
6927,Entity_6927,Mathematics,2016,3.89
6928,Entity_6928,Physics,2019,75.28
6929,Entity_6929,Engineering,2010,49.79
6930,Entity_6930,Engineering,2019,54.92
6931,Entity_6931,Engineering,2016,40.88
6932,Entity_6932,ComputerScience,2017,48.35
6933,Entity_6933,ComputerScience,2016,86.23
6934,Entity_6934,Biology,2013,90.13
6935,Entity_6935,Economics,2022,80.95
6936,Entity_6936,ComputerScience,2015,76.69
6937,Entity_6937,Biology,2018,15.22
6938,Entity_6938,Engineering,2023,17.92
6939,Entity_6939,Physics,2020,35.58
6940,Entity_6940,Engineering,2012,9.53
6941,Entity_6941,Biology,2020,87.47
6942,Entity_6942,Mathematics,2010,77.95
6943,Entity_6943,Economics,2017,93.77
6944,Entity_6944,Engineering,2014,41.09
6945,Entity_6945,Physics,2021,8.21
6946,Entity_6946,Engineering,2022,93.77
6947,Entity_6947,ComputerScience,2019,14.74
6948,Entity_6948,Economics,2016,96.92
6949,Entity_6949,Economics,2010,56.2
6950,Entity_6950,Economics,2022,68.5
6951,Entity_6951,Physics,2016,62.72
6952,Entity_6952,Economics,2014,78.55
6953,Entity_6953,ComputerScience,2012,13.56
6954,Entity_6954,ComputerScience,2023,33.76
6955,Entity_6955,ComputerScience,2019,69.49
6956,Entity_6956,Physics,2020,84.33
6957,Entity_6957,Biology,2021,60.22
6958,Entity_6958,Engineering,2014,51.23
6959,Entity_6959,Mathematics,2020,13.87
6960,Entity_6960,Economics,2015,84.77
6961,Entity_6961,Economics,2018,55.8
6962,Entity_6962,ComputerScience,2020,9.32
6963,Entity_6963,Mathematics,2017,62.98
6964,Entity_6964,Economics,2017,96.28
6965,Entity_6965,ComputerScience,2021,65.83
6966,Entity_6966,ComputerScience,2015,92.44
6967,Entity_6967,Physics,2024,54.85
6968,Entity_6968,Biology,2016,48.28
6969,Entity_6969,Economics,2022,97.24
6970,Entity_6970,Physics,2010,93.46
6971,Entity_6971,Biology,2014,38.66
6972,Entity_6972,ComputerScience,2019,7.28
6973,Entity_6973,Engineering,2020,97.36
6974,Entity_6974,Biology,2019,53.69
6975,Entity_6975,Biology,2018,15.84
6976,Entity_6976,Economics,2019,91.62
6977,Entity_6977,Economics,2017,72.14
6978,Entity_6978,Physics,2023,83.57
6979,Entity_6979,Mathematics,2018,58.1
6980,Entity_6980,Biology,2021,4.78
6981,Entity_6981,Engineering,2018,32.51
6982,Entity_6982,Economics,2010,40.46
6983,Entity_6983,Physics,2020,62.89
6984,Entity_6984,Physics,2015,6.14
6985,Entity_6985,Mathematics,2024,3.96
6986,Entity_6986,Mathematics,2022,99.45
6987,Entity_6987,Biology,2021,62.33
6988,Entity_6988,Engineering,2017,57.35
6989,Entity_6989,ComputerScience,2020,13.36
6990,Entity_6990,Mathematics,2024,54.64
6991,Entity_6991,Engineering,2015,85.4
6992,Entity_6992,Mathematics,2014,19.07
6993,Entity_6993,Economics,2016,46.61
6994,Entity_6994,Biology,2013,14.9
6995,Entity_6995,Economics,2014,19.38
6996,Entity_6996,Physics,2020,95.21
6997,Entity_6997,Engineering,2018,74.2
6998,Entity_6998,Mathematics,2022,39.75
6999,Entity_6999,Physics,2023,94.12
7000,Entity_7000,Economics,2024,92.45
7001,Entity_7001,ComputerScience,2015,41.09
7002,Entity_7002,Mathematics,2011,68.76
7003,Entity_7003,Mathematics,2012,53.77
7004,Entity_7004,Mathematics,2021,98.95
7005,Entity_7005,Biology,2012,91.48
7006,Entity_7006,Mathematics,2016,17.6
7007,Entity_7007,Economics,2012,40.96
7008,Entity_7008,Economics,2013,86.97
7009,Entity_7009,Physics,2015,53.44
7010,Entity_7010,Engineering,2015,11.12
7011,Entity_7011,Economics,2011,56.43
7012,Entity_7012,Biology,2015,37.21
7013,Entity_7013,Engineering,2017,52.37
7014,Entity_7014,Biology,2023,56.31
7015,Entity_7015,ComputerScience,2019,32.72
7016,Entity_7016,Biology,2022,68.33
7017,Entity_7017,Mathematics,2013,1.75
7018,Entity_7018,Mathematics,2020,62.69
7019,Entity_7019,Engineering,2024,51.72
7020,Entity_7020,Economics,2011,92.71
7021,Entity_7021,ComputerScience,2024,48.64
7022,Entity_7022,Biology,2012,5.64
7023,Entity_7023,Economics,2023,70.76
7024,Entity_7024,Economics,2013,27.64
7025,Entity_7025,ComputerScience,2011,84.02
7026,Entity_7026,Physics,2016,31.45
7027,Entity_7027,Mathematics,2014,45.91
7028,Entity_7028,Mathematics,2023,33.45
7029,Entity_7029,ComputerScience,2013,73.16
7030,Entity_7030,Mathematics,2019,88.72
7031,Entity_7031,Biology,2017,73.06
7032,Entity_7032,Economics,2011,24.58
7033,Entity_7033,Biology,2017,85.3
7034,Entity_7034,ComputerScience,2010,96.02
7035,Entity_7035,Mathematics,2023,15.82
7036,Entity_7036,Engineering,2022,11.8
7037,Entity_7037,ComputerScience,2010,77.86
7038,Entity_7038,Physics,2017,38.91
7039,Entity_7039,Economics,2011,69.91
7040,Entity_7040,Economics,2017,56.59
7041,Entity_7041,Economics,2021,83.66
7042,Entity_7042,Biology,2010,27.9
7043,Entity_7043,Physics,2013,84.63
7044,Entity_7044,Economics,2018,85.79
7045,Entity_7045,Mathematics,2016,17.12
7046,Entity_7046,Physics,2024,33.76
7047,Entity_7047,Biology,2016,6.78
7048,Entity_7048,Mathematics,2023,77.52
7049,Entity_7049,Economics,2016,79.44
7050,Entity_7050,Biology,2018,44.78
7051,Entity_7051,Mathematics,2023,17.59
7052,Entity_7052,Biology,2021,34.45
7053,Entity_7053,Mathematics,2021,89.42
7054,Entity_7054,Mathematics,2018,63.59
7055,Entity_7055,Engineering,2019,42.77
7056,Entity_7056,Mathematics,2022,86.81
7057,Entity_7057,Engineering,2023,61.75
7058,Entity_7058,Physics,2018,13.76
7059,Entity_7059,Economics,2024,12.75
7060,Entity_7060,ComputerScience,2022,69.62
7061,Entity_7061,Mathematics,2010,14.48
7062,Entity_7062,ComputerScience,2024,4.9
7063,Entity_7063,Physics,2022,31.38
7064,Entity_7064,Engineering,2013,59.05
7065,Entity_7065,Physics,2011,95.89
7066,Entity_7066,Physics,2020,87.86
7067,Entity_7067,ComputerScience,2022,33.27
7068,Entity_7068,Mathematics,2011,21.63
7069,Entity_7069,Mathematics,2015,48.57
7070,Entity_7070,Economics,2013,63.71
7071,Entity_7071,Biology,2018,74.08
7072,Entity_7072,Engineering,2011,29.11
7073,Entity_7073,Mathematics,2023,52.46
7074,Entity_7074,Economics,2016,39.2
7075,Entity_7075,Economics,2021,49.57
7076,Entity_7076,Biology,2023,69.35
7077,Entity_7077,Physics,2016,45.45
7078,Entity_7078,Engineering,2022,44.67
7079,Entity_7079,Mathematics,2020,41.91
7080,Entity_7080,Engineering,2010,13.84
7081,Entity_7081,Economics,2021,70.66
7082,Entity_7082,Mathematics,2014,21.71
7083,Entity_7083,ComputerScience,2018,22.63
7084,Entity_7084,Physics,2021,54.79
7085,Entity_7085,ComputerScience,2021,14.24
7086,Entity_7086,ComputerScience,2012,20.82
7087,Entity_7087,Physics,2024,84.28
7088,Entity_7088,ComputerScience,2020,31.18
7089,Entity_7089,ComputerScience,2010,38.34
7090,Entity_7090,ComputerScience,2024,9.9
7091,Entity_7091,Physics,2016,26.98
7092,Entity_7092,Physics,2013,72.04
7093,Entity_7093,Biology,2015,3.4
7094,Entity_7094,Physics,2022,47.69
7095,Entity_7095,Economics,2021,9.62
7096,Entity_7096,Biology,2012,78.91
7097,Entity_7097,Mathematics,2017,46.96
7098,Entity_7098,Mathematics,2021,97.36
7099,Entity_7099,Economics,2020,27.3
7100,Entity_7100,Physics,2016,16.32
7101,Entity_7101,Economics,2010,33.22
7102,Entity_7102,Economics,2011,51.58
7103,Entity_7103,Engineering,2021,45.9
7104,Entity_7104,Engineering,2018,24.87
7105,Entity_7105,ComputerScience,2016,6.26
7106,Entity_7106,Physics,2021,44.51
7107,Entity_7107,ComputerScience,2020,47.41
7108,Entity_7108,ComputerScience,2017,69.06
7109,Entity_7109,Physics,2017,78.93
7110,Entity_7110,Engineering,2013,92.65
7111,Entity_7111,Engineering,2019,96.7
7112,Entity_7112,ComputerScience,2015,19.0
7113,Entity_7113,Physics,2019,95.56
7114,Entity_7114,Economics,2013,74.36
7115,Entity_7115,Physics,2011,73.55
7116,Entity_7116,Mathematics,2020,85.53
7117,Entity_7117,ComputerScience,2020,31.02
7118,Entity_7118,Economics,2018,15.24
7119,Entity_7119,Physics,2015,65.68
7120,Entity_7120,Engineering,2013,79.15
7121,Entity_7121,Economics,2013,32.7
7122,Entity_7122,Mathematics,2014,42.37
7123,Entity_7123,Biology,2021,64.82
7124,Entity_7124,Engineering,2021,88.37
7125,Entity_7125,Physics,2012,81.02
7126,Entity_7126,Mathematics,2013,94.25
7127,Entity_7127,Economics,2015,26.84
7128,Entity_7128,Mathematics,2019,81.27
7129,Entity_7129,Biology,2019,71.83
7130,Entity_7130,ComputerScience,2012,89.43
7131,Entity_7131,Economics,2023,84.95
7132,Entity_7132,Economics,2017,1.27
7133,Entity_7133,Economics,2012,44.57
7134,Entity_7134,Physics,2010,33.78
7135,Entity_7135,Engineering,2024,59.99
7136,Entity_7136,Economics,2024,50.27
7137,Entity_7137,ComputerScience,2013,49.54
7138,Entity_7138,Mathematics,2012,58.38
7139,Entity_7139,Economics,2024,52.38
7140,Entity_7140,Physics,2012,3.78
7141,Entity_7141,Engineering,2022,97.24
7142,Entity_7142,Physics,2022,37.07
7143,Entity_7143,Engineering,2022,72.88
7144,Entity_7144,ComputerScience,2018,19.66
7145,Entity_7145,ComputerScience,2024,5.4
7146,Entity_7146,Economics,2017,61.05
7147,Entity_7147,Engineering,2024,47.09
7148,Entity_7148,Economics,2018,86.5
7149,Entity_7149,Biology,2015,68.68
7150,Entity_7150,Engineering,2021,72.48
7151,Entity_7151,Mathematics,2020,51.92
7152,Entity_7152,Physics,2013,64.11
7153,Entity_7153,Biology,2024,7.03
7154,Entity_7154,ComputerScience,2013,2.72
7155,Entity_7155,Mathematics,2013,92.33
7156,Entity_7156,Engineering,2011,81.65
7157,Entity_7157,Economics,2015,11.84
7158,Entity_7158,ComputerScience,2015,83.68
7159,Entity_7159,Physics,2013,87.33
7160,Entity_7160,Economics,2024,92.93
7161,Entity_7161,ComputerScience,2010,78.12
7162,Entity_7162,Engineering,2019,17.58
7163,Entity_7163,Engineering,2019,75.18
7164,Entity_7164,Engineering,2010,10.16
7165,Entity_7165,Physics,2017,28.44
7166,Entity_7166,Engineering,2018,20.09
7167,Entity_7167,Economics,2023,20.44
7168,Entity_7168,ComputerScience,2019,42.14
7169,Entity_7169,Biology,2011,21.83
7170,Entity_7170,Economics,2017,10.2
7171,Entity_7171,ComputerScience,2012,40.38
7172,Entity_7172,Engineering,2012,73.44
7173,Entity_7173,ComputerScience,2013,16.58
7174,Entity_7174,Engineering,2024,70.34
7175,Entity_7175,Biology,2016,47.19
7176,Entity_7176,Engineering,2012,6.3
7177,Entity_7177,Economics,2022,74.86
7178,Entity_7178,ComputerScience,2011,12.16
7179,Entity_7179,Biology,2011,13.82
7180,Entity_7180,Physics,2010,12.97
7181,Entity_7181,Engineering,2010,45.2
7182,Entity_7182,Engineering,2015,66.51
7183,Entity_7183,Economics,2022,44.33
7184,Entity_7184,Physics,2013,92.62
7185,Entity_7185,Engineering,2021,22.19
7186,Entity_7186,Mathematics,2019,20.05
7187,Entity_7187,Biology,2015,21.63
7188,Entity_7188,ComputerScience,2020,18.7
7189,Entity_7189,Engineering,2024,66.85
7190,Entity_7190,Mathematics,2022,52.58
7191,Entity_7191,Physics,2022,78.72
7192,Entity_7192,Physics,2011,9.92
7193,Entity_7193,ComputerScience,2022,56.28
7194,Entity_7194,Biology,2020,52.96
7195,Entity_7195,Mathematics,2023,1.87
7196,Entity_7196,Engineering,2015,98.22
7197,Entity_7197,Physics,2019,29.38
7198,Entity_7198,Physics,2010,84.16
7199,Entity_7199,Economics,2013,70.36
7200,Entity_7200,Mathematics,2015,72.44
7201,Entity_7201,ComputerScience,2022,74.47
7202,Entity_7202,Engineering,2010,80.73
7203,Entity_7203,Physics,2021,67.03
7204,Entity_7204,Economics,2015,13.69
7205,Entity_7205,Engineering,2019,50.16
7206,Entity_7206,ComputerScience,2022,10.62
7207,Entity_7207,Biology,2011,15.05
7208,Entity_7208,Physics,2016,93.58
7209,Entity_7209,Economics,2015,54.42
7210,Entity_7210,Biology,2014,76.49
7211,Entity_7211,Physics,2013,84.79
7212,Entity_7212,Mathematics,2011,88.92
7213,Entity_7213,Physics,2010,14.94
7214,Entity_7214,Biology,2024,6.33
7215,Entity_7215,ComputerScience,2015,61.81
7216,Entity_7216,Biology,2013,56.2
7217,Entity_7217,Mathematics,2010,17.47
7218,Entity_7218,Economics,2010,44.87
7219,Entity_7219,Engineering,2011,43.69
7220,Entity_7220,Economics,2010,41.82
7221,Entity_7221,Physics,2012,86.14
7222,Entity_7222,Economics,2020,94.57
7223,Entity_7223,ComputerScience,2015,32.62
7224,Entity_7224,Physics,2023,87.98
7225,Entity_7225,Engineering,2020,1.75
7226,Entity_7226,Engineering,2021,86.78
7227,Entity_7227,ComputerScience,2013,6.81
7228,Entity_7228,ComputerScience,2019,36.96
7229,Entity_7229,Biology,2017,56.88
7230,Entity_7230,Engineering,2017,37.49
7231,Entity_7231,Mathematics,2019,7.42
7232,Entity_7232,Biology,2019,68.03
7233,Entity_7233,Mathematics,2015,29.22
7234,Entity_7234,Physics,2013,25.88
7235,Entity_7235,ComputerScience,2012,83.84
7236,Entity_7236,Mathematics,2017,43.98
7237,Entity_7237,ComputerScience,2010,55.94
7238,Entity_7238,ComputerScience,2022,78.58
7239,Entity_7239,ComputerScience,2010,21.51
7240,Entity_7240,Engineering,2022,41.84
7241,Entity_7241,Physics,2011,45.48
7242,Entity_7242,Mathematics,2022,94.38
7243,Entity_7243,Biology,2012,42.96
7244,Entity_7244,ComputerScience,2018,2.3
7245,Entity_7245,ComputerScience,2022,72.95
7246,Entity_7246,Mathematics,2017,11.63
7247,Entity_7247,Economics,2010,86.97
7248,Entity_7248,ComputerScience,2015,70.73
7249,Entity_7249,Biology,2011,20.35
7250,Entity_7250,ComputerScience,2016,45.84
7251,Entity_7251,Physics,2010,46.73
7252,Entity_7252,Physics,2015,8.89
7253,Entity_7253,ComputerScience,2023,87.15
7254,Entity_7254,Mathematics,2018,95.43
7255,Entity_7255,Biology,2014,20.75
7256,Entity_7256,Biology,2012,12.31
7257,Entity_7257,Physics,2010,2.73
7258,Entity_7258,Biology,2012,35.54
7259,Entity_7259,Economics,2020,36.18
7260,Entity_7260,Biology,2021,43.52
7261,Entity_7261,Mathematics,2017,3.94
7262,Entity_7262,ComputerScience,2018,1.54
7263,Entity_7263,Physics,2020,80.56
7264,Entity_7264,Physics,2019,40.86
7265,Entity_7265,Biology,2024,26.17
7266,Entity_7266,Biology,2024,39.97
7267,Entity_7267,Physics,2011,35.97
7268,Entity_7268,ComputerScience,2018,24.81
7269,Entity_7269,Physics,2021,85.52
7270,Entity_7270,ComputerScience,2010,6.7
7271,Entity_7271,Mathematics,2016,42.07
7272,Entity_7272,ComputerScience,2014,96.54
7273,Entity_7273,Engineering,2019,3.47
7274,Entity_7274,ComputerScience,2022,12.53
7275,Entity_7275,Biology,2019,49.08
7276,Entity_7276,Biology,2011,91.48
7277,Entity_7277,ComputerScience,2010,75.15
7278,Entity_7278,Mathematics,2019,24.36
7279,Entity_7279,Economics,2011,82.23
7280,Entity_7280,Economics,2022,70.29
7281,Entity_7281,Engineering,2020,69.95
7282,Entity_7282,Economics,2010,32.19
7283,Entity_7283,Engineering,2021,7.51
7284,Entity_7284,Physics,2010,26.3
7285,Entity_7285,Economics,2018,4.75
7286,Entity_7286,Economics,2014,65.01
7287,Entity_7287,Economics,2023,50.19
7288,Entity_7288,Biology,2022,61.0
7289,Entity_7289,Biology,2020,23.14
7290,Entity_7290,ComputerScience,2013,46.86
7291,Entity_7291,Biology,2020,12.91
7292,Entity_7292,Biology,2016,60.7
7293,Entity_7293,Engineering,2014,11.1
7294,Entity_7294,Biology,2011,15.7
7295,Entity_7295,Biology,2014,95.3
7296,Entity_7296,Biology,2017,57.53
7297,Entity_7297,Physics,2013,83.26
7298,Entity_7298,Mathematics,2016,19.12
7299,Entity_7299,Engineering,2021,96.74
7300,Entity_7300,Engineering,2019,59.92
7301,Entity_7301,Economics,2019,91.28
7302,Entity_7302,Economics,2017,80.89
7303,Entity_7303,ComputerScience,2021,82.43
7304,Entity_7304,Mathematics,2012,88.46
7305,Entity_7305,Engineering,2012,3.6
7306,Entity_7306,Biology,2010,52.04
7307,Entity_7307,Economics,2023,17.98
7308,Entity_7308,ComputerScience,2016,6.44
7309,Entity_7309,Physics,2020,66.87
7310,Entity_7310,ComputerScience,2020,80.52
7311,Entity_7311,Engineering,2014,10.41
7312,Entity_7312,Economics,2022,9.29
7313,Entity_7313,Mathematics,2020,70.48
7314,Entity_7314,Economics,2019,51.78
7315,Entity_7315,Economics,2024,99.31
7316,Entity_7316,Economics,2017,90.18
7317,Entity_7317,ComputerScience,2011,97.63
7318,Entity_7318,ComputerScience,2021,83.79
7319,Entity_7319,Economics,2020,59.18
7320,Entity_7320,Mathematics,2024,66.49
7321,Entity_7321,ComputerScience,2023,82.21
7322,Entity_7322,ComputerScience,2018,92.88
7323,Entity_7323,Mathematics,2014,53.98
7324,Entity_7324,Physics,2022,12.9
7325,Entity_7325,Mathematics,2018,51.8
7326,Entity_7326,Physics,2019,98.3
7327,Entity_7327,Economics,2015,44.33
7328,Entity_7328,ComputerScience,2018,18.08
7329,Entity_7329,ComputerScience,2014,54.47
7330,Entity_7330,Biology,2017,32.7
7331,Entity_7331,Engineering,2011,83.05
7332,Entity_7332,Physics,2023,19.7
7333,Entity_7333,Economics,2011,30.66
7334,Entity_7334,Biology,2011,76.7
7335,Entity_7335,Engineering,2011,93.48
7336,Entity_7336,Economics,2024,50.47
7337,Entity_7337,Economics,2014,79.35
7338,Entity_7338,Economics,2020,42.92
7339,Entity_7339,Economics,2012,46.87
7340,Entity_7340,Biology,2019,94.38
7341,Entity_7341,Engineering,2024,84.95
7342,Entity_7342,Engineering,2020,5.95
7343,Entity_7343,ComputerScience,2019,36.11
7344,Entity_7344,Engineering,2011,26.61
7345,Entity_7345,ComputerScience,2022,58.52
7346,Entity_7346,ComputerScience,2015,43.29
7347,Entity_7347,Biology,2024,55.63
7348,Entity_7348,Physics,2012,49.26
7349,Entity_7349,Engineering,2024,81.04
7350,Entity_7350,Economics,2018,23.19
7351,Entity_7351,Engineering,2016,36.05
7352,Entity_7352,Biology,2019,79.99
7353,Entity_7353,Engineering,2020,64.48
7354,Entity_7354,Physics,2014,64.36
7355,Entity_7355,Economics,2024,42.74
7356,Entity_7356,Engineering,2014,83.67
7357,Entity_7357,Biology,2016,55.13
7358,Entity_7358,Engineering,2014,93.62
7359,Entity_7359,Biology,2010,27.3
7360,Entity_7360,Economics,2014,16.02
7361,Entity_7361,Biology,2010,16.14
7362,Entity_7362,Mathematics,2011,39.21
7363,Entity_7363,Physics,2024,36.2
7364,Entity_7364,Physics,2023,63.4
7365,Entity_7365,Mathematics,2018,55.12
7366,Entity_7366,ComputerScience,2018,96.8
7367,Entity_7367,Physics,2014,53.93
7368,Entity_7368,Economics,2021,50.68
7369,Entity_7369,Economics,2010,88.15
7370,Entity_7370,Physics,2014,40.12
7371,Entity_7371,Physics,2022,53.19
7372,Entity_7372,Economics,2019,7.75
7373,Entity_7373,ComputerScience,2019,83.47
7374,Entity_7374,ComputerScience,2014,8.31
7375,Entity_7375,ComputerScience,2019,89.71
7376,Entity_7376,Engineering,2013,36.42
7377,Entity_7377,Economics,2020,81.67
7378,Entity_7378,Physics,2021,41.33
7379,Entity_7379,Physics,2013,48.04
7380,Entity_7380,Biology,2024,1.04
7381,Entity_7381,Physics,2013,5.34
7382,Entity_7382,Mathematics,2015,56.07
7383,Entity_7383,ComputerScience,2016,33.91
7384,Entity_7384,Engineering,2010,91.09
7385,Entity_7385,Mathematics,2024,95.66
7386,Entity_7386,Mathematics,2017,15.32
7387,Entity_7387,ComputerScience,2019,10.64
7388,Entity_7388,Mathematics,2020,4.13
7389,Entity_7389,Physics,2021,29.63
7390,Entity_7390,ComputerScience,2022,57.15
7391,Entity_7391,Biology,2023,7.25
7392,Entity_7392,Engineering,2017,89.76
7393,Entity_7393,Engineering,2011,77.47
7394,Entity_7394,Physics,2021,26.61
7395,Entity_7395,Economics,2019,75.55
7396,Entity_7396,Engineering,2010,55.12
7397,Entity_7397,Engineering,2010,86.76
7398,Entity_7398,Biology,2023,55.56
7399,Entity_7399,ComputerScience,2014,8.88
7400,Entity_7400,Mathematics,2016,52.18
7401,Entity_7401,ComputerScience,2022,23.42
7402,Entity_7402,Mathematics,2019,19.29
7403,Entity_7403,Biology,2020,38.28
7404,Entity_7404,Mathematics,2018,42.8
7405,Entity_7405,Engineering,2018,62.12
7406,Entity_7406,Physics,2021,97.55
7407,Entity_7407,Biology,2021,62.24
7408,Entity_7408,Biology,2014,93.1
7409,Entity_7409,Biology,2019,31.92
7410,Entity_7410,ComputerScience,2015,34.69
7411,Entity_7411,Mathematics,2015,80.55
7412,Entity_7412,ComputerScience,2011,13.29
7413,Entity_7413,Physics,2021,60.31
7414,Entity_7414,Physics,2010,84.64
7415,Entity_7415,Biology,2015,25.39
7416,Entity_7416,Biology,2024,69.78
7417,Entity_7417,Mathematics,2011,7.97
7418,Entity_7418,ComputerScience,2016,68.59
7419,Entity_7419,ComputerScience,2013,83.42
7420,Entity_7420,Economics,2022,77.36
7421,Entity_7421,Biology,2013,42.7
7422,Entity_7422,Physics,2016,97.61
7423,Entity_7423,Engineering,2012,10.9
7424,Entity_7424,Economics,2014,33.44
7425,Entity_7425,Economics,2010,38.52
7426,Entity_7426,ComputerScience,2010,3.45
7427,Entity_7427,Engineering,2020,57.67
7428,Entity_7428,Physics,2014,53.5
7429,Entity_7429,Economics,2014,18.71
7430,Entity_7430,Mathematics,2024,38.26
7431,Entity_7431,Biology,2020,86.65
7432,Entity_7432,Engineering,2023,56.12
7433,Entity_7433,Biology,2016,50.25
7434,Entity_7434,ComputerScience,2015,79.13
7435,Entity_7435,Mathematics,2012,2.42
7436,Entity_7436,Mathematics,2015,42.94
7437,Entity_7437,Mathematics,2017,75.87
7438,Entity_7438,Mathematics,2018,89.35
7439,Entity_7439,Economics,2017,78.47
7440,Entity_7440,Mathematics,2022,32.57
7441,Entity_7441,Physics,2013,78.34
7442,Entity_7442,Economics,2010,43.09
7443,Entity_7443,Physics,2023,78.44
7444,Entity_7444,Mathematics,2022,41.04
7445,Entity_7445,Biology,2022,13.95
7446,Entity_7446,Engineering,2012,77.27
7447,Entity_7447,Mathematics,2021,29.63
7448,Entity_7448,ComputerScience,2016,63.63
7449,Entity_7449,Economics,2019,35.36
7450,Entity_7450,ComputerScience,2010,69.78
7451,Entity_7451,Engineering,2016,16.87
7452,Entity_7452,Physics,2011,18.32
7453,Entity_7453,Mathematics,2012,96.36
7454,Entity_7454,Biology,2016,96.47
7455,Entity_7455,Biology,2021,66.01
7456,Entity_7456,Mathematics,2016,14.3
7457,Entity_7457,Mathematics,2019,7.67
7458,Entity_7458,ComputerScience,2011,8.83
7459,Entity_7459,Mathematics,2021,98.37
7460,Entity_7460,ComputerScience,2015,91.16
7461,Entity_7461,Economics,2023,95.7
7462,Entity_7462,Economics,2022,52.19
7463,Entity_7463,Biology,2010,1.61
7464,Entity_7464,Economics,2010,11.73
7465,Entity_7465,Economics,2018,98.22
7466,Entity_7466,Biology,2021,49.96
7467,Entity_7467,Economics,2012,20.39
7468,Entity_7468,ComputerScience,2012,58.21
7469,Entity_7469,Mathematics,2017,93.14
7470,Entity_7470,ComputerScience,2024,80.39
7471,Entity_7471,Biology,2012,99.43
7472,Entity_7472,Biology,2022,27.05
7473,Entity_7473,Physics,2020,81.39
7474,Entity_7474,ComputerScience,2012,73.31
7475,Entity_7475,Physics,2010,21.19
7476,Entity_7476,Mathematics,2013,73.81
7477,Entity_7477,Biology,2015,23.57
7478,Entity_7478,Mathematics,2021,59.29
7479,Entity_7479,Biology,2023,75.5
7480,Entity_7480,ComputerScience,2017,55.86
7481,Entity_7481,Engineering,2012,37.48
7482,Entity_7482,Mathematics,2018,18.31
7483,Entity_7483,Physics,2011,67.5
7484,Entity_7484,Engineering,2022,24.02
7485,Entity_7485,Mathematics,2024,26.07
7486,Entity_7486,Mathematics,2010,4.11
7487,Entity_7487,Biology,2014,31.24
7488,Entity_7488,Mathematics,2014,65.57
7489,Entity_7489,Mathematics,2021,15.42
7490,Entity_7490,Physics,2023,88.13
7491,Entity_7491,ComputerScience,2012,94.5
7492,Entity_7492,Physics,2024,71.58
7493,Entity_7493,Biology,2014,77.21
7494,Entity_7494,Economics,2022,73.91
7495,Entity_7495,Biology,2020,94.07
7496,Entity_7496,Engineering,2023,98.35
7497,Entity_7497,Biology,2017,90.22
7498,Entity_7498,Biology,2022,21.42
7499,Entity_7499,Engineering,2014,64.86
7500,Entity_7500,Engineering,2021,17.47
7501,Entity_7501,Physics,2010,19.97
7502,Entity_7502,Economics,2018,38.57
7503,Entity_7503,Physics,2023,8.2
7504,Entity_7504,Biology,2015,71.71
7505,Entity_7505,Engineering,2018,7.02
7506,Entity_7506,ComputerScience,2019,78.62
7507,Entity_7507,Physics,2023,5.13
7508,Entity_7508,Mathematics,2021,63.9
7509,Entity_7509,ComputerScience,2016,61.28
7510,Entity_7510,Physics,2015,72.2
7511,Entity_7511,Economics,2023,15.34
7512,Entity_7512,Economics,2024,23.71
7513,Entity_7513,Physics,2024,31.25
7514,Entity_7514,ComputerScience,2023,92.16
7515,Entity_7515,Engineering,2022,63.8
7516,Entity_7516,ComputerScience,2018,7.84
7517,Entity_7517,Biology,2017,47.94
7518,Entity_7518,Mathematics,2018,90.6
7519,Entity_7519,Biology,2015,98.9
7520,Entity_7520,Mathematics,2014,26.18
7521,Entity_7521,Engineering,2015,26.9
7522,Entity_7522,Biology,2010,82.76
7523,Entity_7523,Physics,2023,53.97
7524,Entity_7524,Mathematics,2021,7.53
7525,Entity_7525,Economics,2019,22.53
7526,Entity_7526,Engineering,2022,55.69
7527,Entity_7527,ComputerScience,2020,68.94
7528,Entity_7528,Engineering,2020,32.73
7529,Entity_7529,Engineering,2019,13.21
7530,Entity_7530,Economics,2017,96.07
7531,Entity_7531,Economics,2020,26.29
7532,Entity_7532,Economics,2021,39.21
7533,Entity_7533,Economics,2019,58.35
7534,Entity_7534,Economics,2018,51.93
7535,Entity_7535,Physics,2024,88.79
7536,Entity_7536,Engineering,2019,7.03
7537,Entity_7537,Mathematics,2017,58.3
7538,Entity_7538,Physics,2023,48.45
7539,Entity_7539,Mathematics,2023,45.49
7540,Entity_7540,Physics,2014,38.31
7541,Entity_7541,ComputerScience,2022,9.86
7542,Entity_7542,Engineering,2019,54.5
7543,Entity_7543,Biology,2021,26.01
7544,Entity_7544,Mathematics,2012,90.55
7545,Entity_7545,Economics,2020,23.41
7546,Entity_7546,Biology,2012,52.62
7547,Entity_7547,Physics,2019,79.44
7548,Entity_7548,Physics,2011,98.55
7549,Entity_7549,Engineering,2018,50.5
7550,Entity_7550,Biology,2024,81.87
7551,Entity_7551,Economics,2013,98.36
7552,Entity_7552,Economics,2023,51.95
7553,Entity_7553,ComputerScience,2021,58.23
7554,Entity_7554,Physics,2012,15.42
7555,Entity_7555,ComputerScience,2023,12.58
7556,Entity_7556,Physics,2013,18.4
7557,Entity_7557,ComputerScience,2010,7.24
7558,Entity_7558,Economics,2016,46.67
7559,Entity_7559,Biology,2011,5.49
7560,Entity_7560,ComputerScience,2018,84.29
7561,Entity_7561,Economics,2020,86.92
7562,Entity_7562,Engineering,2017,71.77
7563,Entity_7563,ComputerScience,2010,55.23
7564,Entity_7564,Mathematics,2013,37.89
7565,Entity_7565,ComputerScience,2014,7.11
7566,Entity_7566,Engineering,2013,89.88
7567,Entity_7567,Mathematics,2024,32.61
7568,Entity_7568,Physics,2020,94.4
7569,Entity_7569,Economics,2018,75.76
7570,Entity_7570,Biology,2014,42.69
7571,Entity_7571,Economics,2020,14.69
7572,Entity_7572,Mathematics,2014,41.46
7573,Entity_7573,Economics,2015,83.37
7574,Entity_7574,ComputerScience,2010,1.36
7575,Entity_7575,Engineering,2022,99.46
7576,Entity_7576,Biology,2023,75.41
7577,Entity_7577,Physics,2010,37.64
7578,Entity_7578,Mathematics,2015,95.3
7579,Entity_7579,Economics,2016,44.32
7580,Entity_7580,ComputerScience,2015,2.93
7581,Entity_7581,Engineering,2010,44.16
7582,Entity_7582,Engineering,2016,42.79
7583,Entity_7583,ComputerScience,2011,2.29
7584,Entity_7584,Engineering,2016,91.7
7585,Entity_7585,Mathematics,2023,9.57
7586,Entity_7586,ComputerScience,2021,84.23
7587,Entity_7587,Physics,2014,1.16
7588,Entity_7588,Biology,2018,33.07
7589,Entity_7589,Biology,2019,81.98
7590,Entity_7590,Economics,2014,77.47
7591,Entity_7591,Biology,2010,52.76
7592,Entity_7592,ComputerScience,2015,77.53
7593,Entity_7593,Physics,2016,42.55
7594,Entity_7594,Physics,2014,55.84
7595,Entity_7595,Biology,2018,72.84
7596,Entity_7596,Economics,2019,41.12
7597,Entity_7597,Biology,2019,46.45
7598,Entity_7598,ComputerScience,2018,24.17
7599,Entity_7599,Biology,2018,55.99
7600,Entity_7600,Engineering,2019,12.71
7601,Entity_7601,Economics,2020,66.38
7602,Entity_7602,Biology,2022,61.82
7603,Entity_7603,Mathematics,2010,37.73
7604,Entity_7604,Economics,2016,18.88
7605,Entity_7605,Biology,2023,8.68
7606,Entity_7606,Biology,2024,38.33
7607,Entity_7607,Engineering,2019,24.44
7608,Entity_7608,ComputerScience,2011,14.14
7609,Entity_7609,Engineering,2022,98.84
7610,Entity_7610,Biology,2023,96.38
7611,Entity_7611,Economics,2019,56.35
7612,Entity_7612,Physics,2016,2.45
7613,Entity_7613,ComputerScience,2018,85.62
7614,Entity_7614,Economics,2015,93.52
7615,Entity_7615,ComputerScience,2022,46.64
7616,Entity_7616,Mathematics,2018,32.12
7617,Entity_7617,ComputerScience,2017,49.18
7618,Entity_7618,Mathematics,2021,9.93
7619,Entity_7619,Engineering,2012,49.34
7620,Entity_7620,Biology,2019,19.3
7621,Entity_7621,ComputerScience,2011,54.64
7622,Entity_7622,Engineering,2018,15.32
7623,Entity_7623,ComputerScience,2019,71.56
7624,Entity_7624,Biology,2012,44.14
7625,Entity_7625,Physics,2012,14.95
7626,Entity_7626,Biology,2015,51.71
7627,Entity_7627,ComputerScience,2017,6.29
7628,Entity_7628,Engineering,2024,99.57
7629,Entity_7629,Mathematics,2021,73.41
7630,Entity_7630,Mathematics,2024,14.06
7631,Entity_7631,Economics,2015,68.42
7632,Entity_7632,Mathematics,2017,83.51
7633,Entity_7633,ComputerScience,2015,44.08
7634,Entity_7634,Economics,2012,1.29
7635,Entity_7635,Economics,2012,13.51
7636,Entity_7636,Mathematics,2017,83.22
7637,Entity_7637,Engineering,2019,2.79
7638,Entity_7638,Engineering,2010,7.27
7639,Entity_7639,Biology,2013,92.61
7640,Entity_7640,Mathematics,2016,28.24
7641,Entity_7641,ComputerScience,2017,18.0
7642,Entity_7642,Physics,2014,84.91
7643,Entity_7643,Biology,2012,50.81
7644,Entity_7644,Economics,2019,33.48
7645,Entity_7645,Engineering,2024,78.97
7646,Entity_7646,ComputerScience,2010,9.81
7647,Entity_7647,Economics,2020,94.59
7648,Entity_7648,Economics,2012,16.93
7649,Entity_7649,Mathematics,2021,45.81
7650,Entity_7650,ComputerScience,2012,99.37
7651,Entity_7651,ComputerScience,2016,94.22
7652,Entity_7652,Economics,2024,93.19
7653,Entity_7653,Mathematics,2010,48.67
7654,Entity_7654,ComputerScience,2022,35.79
7655,Entity_7655,Economics,2020,70.1
7656,Entity_7656,ComputerScience,2011,12.5
7657,Entity_7657,Mathematics,2010,61.43
7658,Entity_7658,Biology,2024,80.92
7659,Entity_7659,Engineering,2011,32.18
7660,Entity_7660,Biology,2011,75.01
7661,Entity_7661,ComputerScience,2021,36.91
7662,Entity_7662,Biology,2010,82.26
7663,Entity_7663,Physics,2013,5.34
7664,Entity_7664,Biology,2011,81.16
7665,Entity_7665,Economics,2015,68.37
7666,Entity_7666,ComputerScience,2017,26.39
7667,Entity_7667,Engineering,2023,98.81
7668,Entity_7668,ComputerScience,2024,50.91
7669,Entity_7669,Mathematics,2018,71.43
7670,Entity_7670,Engineering,2014,23.47
7671,Entity_7671,Engineering,2012,79.95
7672,Entity_7672,Economics,2017,41.91
7673,Entity_7673,Economics,2019,22.12
7674,Entity_7674,Biology,2015,14.02
7675,Entity_7675,Mathematics,2014,95.7
7676,Entity_7676,ComputerScience,2016,83.8
7677,Entity_7677,ComputerScience,2019,79.51
7678,Entity_7678,Economics,2024,14.98
7679,Entity_7679,Biology,2013,80.67
7680,Entity_7680,Economics,2011,22.11
7681,Entity_7681,Engineering,2022,8.0
7682,Entity_7682,Mathematics,2015,5.49
7683,Entity_7683,Mathematics,2022,56.59
7684,Entity_7684,Economics,2016,22.96
7685,Entity_7685,Physics,2011,47.36
7686,Entity_7686,Mathematics,2013,97.11
7687,Entity_7687,Engineering,2015,44.35
7688,Entity_7688,Economics,2022,88.25
7689,Entity_7689,Physics,2015,87.26
7690,Entity_7690,Physics,2016,53.46
7691,Entity_7691,Biology,2023,28.03
7692,Entity_7692,Economics,2016,4.85
7693,Entity_7693,Biology,2017,20.18
7694,Entity_7694,Economics,2013,98.98
7695,Entity_7695,Mathematics,2024,30.66
7696,Entity_7696,Economics,2018,20.33
7697,Entity_7697,Mathematics,2012,32.47
7698,Entity_7698,Physics,2016,92.19
7699,Entity_7699,Engineering,2023,30.49
7700,Entity_7700,Physics,2018,5.7
7701,Entity_7701,Mathematics,2010,45.11
7702,Entity_7702,Biology,2024,28.39
7703,Entity_7703,ComputerScience,2016,36.65
7704,Entity_7704,Economics,2015,35.89
7705,Entity_7705,Mathematics,2016,16.79
7706,Entity_7706,Economics,2012,73.19
7707,Entity_7707,ComputerScience,2019,4.37
7708,Entity_7708,Mathematics,2024,76.8
7709,Entity_7709,ComputerScience,2010,49.85
7710,Entity_7710,Engineering,2014,73.33
7711,Entity_7711,Engineering,2019,11.07
7712,Entity_7712,Physics,2011,95.15
7713,Entity_7713,ComputerScience,2017,78.11
7714,Entity_7714,Biology,2011,60.5
7715,Entity_7715,Engineering,2010,15.09
7716,Entity_7716,Mathematics,2021,94.3
7717,Entity_7717,Engineering,2016,6.34
7718,Entity_7718,Engineering,2012,17.65
7719,Entity_7719,ComputerScience,2016,71.99
7720,Entity_7720,Mathematics,2024,24.15
7721,Entity_7721,Mathematics,2021,94.11
7722,Entity_7722,Engineering,2012,99.82
7723,Entity_7723,ComputerScience,2020,14.39
7724,Entity_7724,Biology,2024,32.06
7725,Entity_7725,Economics,2015,87.32
7726,Entity_7726,ComputerScience,2010,16.63
7727,Entity_7727,Biology,2022,81.43
7728,Entity_7728,ComputerScience,2011,32.63
7729,Entity_7729,Mathematics,2013,86.42
7730,Entity_7730,Physics,2024,87.97
7731,Entity_7731,Engineering,2020,68.95
7732,Entity_7732,Mathematics,2017,63.74
7733,Entity_7733,Economics,2015,4.17
7734,Entity_7734,Mathematics,2010,95.63
7735,Entity_7735,Biology,2011,76.73
7736,Entity_7736,Engineering,2013,84.61
7737,Entity_7737,Biology,2019,55.52
7738,Entity_7738,Mathematics,2021,74.57
7739,Entity_7739,Engineering,2015,64.75
7740,Entity_7740,Physics,2020,75.35
7741,Entity_7741,ComputerScience,2010,1.96
7742,Entity_7742,Biology,2014,95.78
7743,Entity_7743,Economics,2013,97.01
7744,Entity_7744,Engineering,2010,21.12
7745,Entity_7745,Economics,2011,1.3
7746,Entity_7746,Mathematics,2012,93.83
7747,Entity_7747,Physics,2016,5.52
7748,Entity_7748,Economics,2021,97.26
7749,Entity_7749,Mathematics,2011,8.13
7750,Entity_7750,Mathematics,2020,61.73
7751,Entity_7751,ComputerScience,2013,99.06
7752,Entity_7752,Mathematics,2024,61.92
7753,Entity_7753,Physics,2018,36.56
7754,Entity_7754,Physics,2024,38.01
7755,Entity_7755,Economics,2015,15.5
7756,Entity_7756,Mathematics,2016,8.0
7757,Entity_7757,ComputerScience,2016,96.41
7758,Entity_7758,Economics,2019,2.29
7759,Entity_7759,ComputerScience,2016,57.55
7760,Entity_7760,Economics,2010,8.3
7761,Entity_7761,Biology,2021,44.48
7762,Entity_7762,Mathematics,2010,78.05
7763,Entity_7763,Physics,2017,50.59
7764,Entity_7764,Engineering,2020,13.41
7765,Entity_7765,Physics,2020,20.19
7766,Entity_7766,Mathematics,2014,58.52
7767,Entity_7767,Mathematics,2023,23.28
7768,Entity_7768,ComputerScience,2016,49.59
7769,Entity_7769,Biology,2022,84.96
7770,Entity_7770,Physics,2015,33.48
7771,Entity_7771,Physics,2012,63.66
7772,Entity_7772,ComputerScience,2011,49.83
7773,Entity_7773,Biology,2015,26.26
7774,Entity_7774,Biology,2012,29.3
7775,Entity_7775,Biology,2018,26.22
7776,Entity_7776,Economics,2010,63.15
7777,Entity_7777,Engineering,2019,70.54
7778,Entity_7778,Physics,2013,79.14
7779,Entity_7779,Mathematics,2015,85.75
7780,Entity_7780,ComputerScience,2010,73.99
7781,Entity_7781,ComputerScience,2019,4.94
7782,Entity_7782,Biology,2023,68.0
7783,Entity_7783,Mathematics,2013,1.56
7784,Entity_7784,Economics,2018,91.44
7785,Entity_7785,Economics,2014,25.05
7786,Entity_7786,Physics,2024,90.38
7787,Entity_7787,ComputerScience,2016,39.87
7788,Entity_7788,Physics,2022,14.47
7789,Entity_7789,ComputerScience,2014,89.74
7790,Entity_7790,Mathematics,2024,91.3
7791,Entity_7791,Mathematics,2022,87.77
7792,Entity_7792,Economics,2018,79.21
7793,Entity_7793,Economics,2017,33.0
7794,Entity_7794,Economics,2023,19.42
7795,Entity_7795,Physics,2019,73.96
7796,Entity_7796,Biology,2014,17.58
7797,Entity_7797,ComputerScience,2013,95.37
7798,Entity_7798,Physics,2016,67.43
7799,Entity_7799,Physics,2022,1.84
7800,Entity_7800,Engineering,2012,46.3
7801,Entity_7801,Mathematics,2018,19.47
7802,Entity_7802,Mathematics,2017,98.35
7803,Entity_7803,ComputerScience,2021,59.99
7804,Entity_7804,ComputerScience,2024,45.05
7805,Entity_7805,ComputerScience,2022,35.08
7806,Entity_7806,Physics,2013,71.66
7807,Entity_7807,Economics,2010,18.91
7808,Entity_7808,Biology,2021,95.79
7809,Entity_7809,ComputerScience,2020,79.73
7810,Entity_7810,Engineering,2020,17.92
7811,Entity_7811,Mathematics,2024,91.13
7812,Entity_7812,ComputerScience,2018,57.71
7813,Entity_7813,Biology,2021,1.42
7814,Entity_7814,Mathematics,2019,10.35
7815,Entity_7815,ComputerScience,2022,12.09
7816,Entity_7816,Biology,2013,54.02
7817,Entity_7817,Mathematics,2018,55.51
7818,Entity_7818,Engineering,2019,88.19
7819,Entity_7819,Economics,2021,46.91
7820,Entity_7820,Biology,2012,70.69
7821,Entity_7821,ComputerScience,2016,56.05
7822,Entity_7822,ComputerScience,2021,5.98
7823,Entity_7823,Mathematics,2024,24.4
7824,Entity_7824,Economics,2022,81.02
7825,Entity_7825,Economics,2023,22.38
7826,Entity_7826,Economics,2016,61.26
7827,Entity_7827,Physics,2018,90.95
7828,Entity_7828,Biology,2024,18.07
7829,Entity_7829,Economics,2014,33.84
7830,Entity_7830,Mathematics,2023,6.29
7831,Entity_7831,ComputerScience,2018,14.67
7832,Entity_7832,Engineering,2022,48.2
7833,Entity_7833,ComputerScience,2010,18.59
7834,Entity_7834,Physics,2019,30.16
7835,Entity_7835,Physics,2020,92.74
7836,Entity_7836,Physics,2012,66.59
7837,Entity_7837,Physics,2010,25.94
7838,Entity_7838,Mathematics,2014,49.24
7839,Entity_7839,Mathematics,2020,21.93
7840,Entity_7840,Physics,2024,75.18
7841,Entity_7841,Economics,2021,11.86
7842,Entity_7842,Biology,2015,58.15
7843,Entity_7843,Engineering,2013,70.41
7844,Entity_7844,Engineering,2012,73.84
7845,Entity_7845,Engineering,2010,13.63
7846,Entity_7846,Engineering,2013,97.89
7847,Entity_7847,Mathematics,2024,71.73
7848,Entity_7848,Physics,2013,85.39
7849,Entity_7849,Physics,2021,44.45
7850,Entity_7850,Mathematics,2023,93.11
7851,Entity_7851,Engineering,2024,11.22
7852,Entity_7852,Mathematics,2021,20.2
7853,Entity_7853,Physics,2018,10.26
7854,Entity_7854,Mathematics,2024,5.66
7855,Entity_7855,Mathematics,2016,20.51
7856,Entity_7856,Engineering,2023,6.69
7857,Entity_7857,Engineering,2022,59.89
7858,Entity_7858,Biology,2017,46.5
7859,Entity_7859,Biology,2024,58.87
7860,Entity_7860,Economics,2018,23.2
7861,Entity_7861,ComputerScience,2020,3.27
7862,Entity_7862,Physics,2019,9.88
7863,Entity_7863,Engineering,2024,81.48
7864,Entity_7864,Engineering,2011,47.5
7865,Entity_7865,Biology,2023,61.2
7866,Entity_7866,Physics,2019,75.16
7867,Entity_7867,Economics,2013,12.81
7868,Entity_7868,ComputerScience,2014,25.55
7869,Entity_7869,Engineering,2018,82.3
7870,Entity_7870,ComputerScience,2019,39.32
7871,Entity_7871,Physics,2012,57.18
7872,Entity_7872,Physics,2011,42.56
7873,Entity_7873,ComputerScience,2018,6.53
7874,Entity_7874,Biology,2018,88.6
7875,Entity_7875,Biology,2023,97.0
7876,Entity_7876,Biology,2017,95.45
7877,Entity_7877,ComputerScience,2016,24.15
7878,Entity_7878,Biology,2024,16.14
7879,Entity_7879,Economics,2018,80.61
7880,Entity_7880,Mathematics,2015,6.98
7881,Entity_7881,Economics,2014,78.1
7882,Entity_7882,Mathematics,2014,65.95
7883,Entity_7883,Biology,2016,39.76
7884,Entity_7884,Physics,2020,31.31
7885,Entity_7885,Physics,2021,23.25
7886,Entity_7886,Biology,2015,1.85
7887,Entity_7887,Engineering,2019,38.32
7888,Entity_7888,Biology,2013,13.82
7889,Entity_7889,Physics,2016,14.33
7890,Entity_7890,ComputerScience,2011,30.26
7891,Entity_7891,Physics,2014,22.43
7892,Entity_7892,Biology,2020,14.61
7893,Entity_7893,Engineering,2015,94.14
7894,Entity_7894,Economics,2021,32.74
7895,Entity_7895,Engineering,2012,11.04
7896,Entity_7896,Economics,2023,51.81
7897,Entity_7897,ComputerScience,2018,73.76
7898,Entity_7898,Economics,2020,62.15
7899,Entity_7899,Engineering,2019,93.1
7900,Entity_7900,Physics,2020,24.77
7901,Entity_7901,Mathematics,2024,82.25
7902,Entity_7902,ComputerScience,2020,60.48
7903,Entity_7903,Engineering,2016,27.1
7904,Entity_7904,Physics,2018,34.54
7905,Entity_7905,Physics,2024,14.26
7906,Entity_7906,Mathematics,2017,97.44
7907,Entity_7907,Physics,2024,37.2
7908,Entity_7908,ComputerScience,2015,53.63
7909,Entity_7909,Physics,2013,26.81
7910,Entity_7910,Physics,2023,4.44
7911,Entity_7911,Engineering,2013,8.68
7912,Entity_7912,Engineering,2023,37.22
7913,Entity_7913,Engineering,2018,50.45
7914,Entity_7914,ComputerScience,2015,98.03
7915,Entity_7915,Mathematics,2015,86.49
7916,Entity_7916,Engineering,2016,91.7
7917,Entity_7917,Economics,2020,27.59
7918,Entity_7918,Mathematics,2022,45.9
7919,Entity_7919,Economics,2021,89.6
7920,Entity_7920,Mathematics,2021,77.44
7921,Entity_7921,Engineering,2015,94.75
7922,Entity_7922,Mathematics,2013,44.22
7923,Entity_7923,Economics,2017,99.12
7924,Entity_7924,Mathematics,2016,39.28
7925,Entity_7925,Engineering,2019,77.92
7926,Entity_7926,Biology,2022,7.29
7927,Entity_7927,Physics,2024,28.76
7928,Entity_7928,ComputerScience,2012,34.98
7929,Entity_7929,Mathematics,2010,54.01
7930,Entity_7930,ComputerScience,2019,33.87
7931,Entity_7931,Economics,2024,94.05
7932,Entity_7932,Economics,2011,81.66
7933,Entity_7933,Physics,2022,40.51
7934,Entity_7934,Physics,2015,78.87
7935,Entity_7935,Mathematics,2019,38.75
7936,Entity_7936,Mathematics,2023,45.22
7937,Entity_7937,ComputerScience,2023,92.34
7938,Entity_7938,ComputerScience,2017,87.14
7939,Entity_7939,Mathematics,2012,24.72
7940,Entity_7940,Engineering,2019,98.74
7941,Entity_7941,Mathematics,2012,39.1
7942,Entity_7942,Mathematics,2010,99.77
7943,Entity_7943,Mathematics,2020,54.9
7944,Entity_7944,Physics,2013,79.47
7945,Entity_7945,Physics,2016,81.84
7946,Entity_7946,Mathematics,2022,32.36
7947,Entity_7947,Mathematics,2013,72.12
7948,Entity_7948,ComputerScience,2017,57.09
7949,Entity_7949,Physics,2020,77.26
7950,Entity_7950,Physics,2011,96.14
7951,Entity_7951,Engineering,2024,2.79
7952,Entity_7952,Economics,2020,68.94
7953,Entity_7953,ComputerScience,2017,94.07
7954,Entity_7954,Mathematics,2024,17.53
7955,Entity_7955,ComputerScience,2011,37.47
7956,Entity_7956,Economics,2017,10.15
7957,Entity_7957,Economics,2014,32.52
7958,Entity_7958,Physics,2015,81.75
7959,Entity_7959,Engineering,2014,74.17
7960,Entity_7960,Physics,2016,89.03
7961,Entity_7961,Economics,2022,46.6
7962,Entity_7962,Mathematics,2023,68.35
7963,Entity_7963,Engineering,2017,5.81
7964,Entity_7964,Biology,2013,64.64
7965,Entity_7965,Physics,2023,65.16
7966,Entity_7966,Engineering,2010,69.46
7967,Entity_7967,Biology,2022,34.8
7968,Entity_7968,Engineering,2023,15.61
7969,Entity_7969,Biology,2017,45.84
7970,Entity_7970,Economics,2016,40.63
7971,Entity_7971,Mathematics,2016,19.64
7972,Entity_7972,Biology,2010,12.04
7973,Entity_7973,ComputerScience,2020,82.91
7974,Entity_7974,Engineering,2021,36.35
7975,Entity_7975,Physics,2023,44.49
7976,Entity_7976,Economics,2011,3.43
7977,Entity_7977,Mathematics,2015,65.26
7978,Entity_7978,Engineering,2010,4.6
7979,Entity_7979,Physics,2017,85.78
7980,Entity_7980,Physics,2021,13.67
7981,Entity_7981,Mathematics,2012,32.66
7982,Entity_7982,Engineering,2023,94.59
7983,Entity_7983,ComputerScience,2016,3.62
7984,Entity_7984,Mathematics,2013,96.8
7985,Entity_7985,Engineering,2022,13.22
7986,Entity_7986,Physics,2022,40.4
7987,Entity_7987,Engineering,2021,9.6
7988,Entity_7988,Physics,2024,4.47
7989,Entity_7989,ComputerScience,2013,38.43
7990,Entity_7990,Mathematics,2015,71.21
7991,Entity_7991,Economics,2022,39.69
7992,Entity_7992,Engineering,2010,60.49
7993,Entity_7993,Physics,2019,72.9
7994,Entity_7994,Biology,2022,25.37
7995,Entity_7995,Physics,2021,37.98
7996,Entity_7996,Economics,2015,82.9
7997,Entity_7997,Engineering,2020,22.11
7998,Entity_7998,Physics,2012,17.73
7999,Entity_7999,Engineering,2021,77.31
8000,Entity_8000,Biology,2013,70.23
8001,Entity_8001,Physics,2024,52.7
8002,Entity_8002,Economics,2012,1.14
8003,Entity_8003,Mathematics,2023,47.89
8004,Entity_8004,Engineering,2023,89.55
8005,Entity_8005,Physics,2022,36.05
8006,Entity_8006,Physics,2013,42.9
8007,Entity_8007,ComputerScience,2018,35.65
8008,Entity_8008,ComputerScience,2017,40.31
8009,Entity_8009,ComputerScience,2018,97.64
8010,Entity_8010,ComputerScience,2018,19.56
8011,Entity_8011,Economics,2017,79.0
8012,Entity_8012,ComputerScience,2022,51.06
8013,Entity_8013,Physics,2023,85.5
8014,Entity_8014,Biology,2010,10.77
8015,Entity_8015,Biology,2011,16.44
8016,Entity_8016,ComputerScience,2015,64.84
8017,Entity_8017,Economics,2013,89.4
8018,Entity_8018,Economics,2020,56.46
8019,Entity_8019,Physics,2021,9.87
8020,Entity_8020,Biology,2020,79.58
8021,Entity_8021,Engineering,2016,92.38
8022,Entity_8022,Mathematics,2018,86.09
8023,Entity_8023,Biology,2017,20.83
8024,Entity_8024,Biology,2022,27.0
8025,Entity_8025,Physics,2013,97.99
8026,Entity_8026,Physics,2021,98.26
8027,Entity_8027,Physics,2012,92.04
8028,Entity_8028,Economics,2010,63.84
8029,Entity_8029,Economics,2014,26.12
8030,Entity_8030,Physics,2015,56.46
8031,Entity_8031,Engineering,2023,74.32
8032,Entity_8032,Physics,2021,81.75
8033,Entity_8033,Engineering,2020,86.16
8034,Entity_8034,Physics,2021,95.88
8035,Entity_8035,Biology,2010,38.33
8036,Entity_8036,Economics,2015,21.9
8037,Entity_8037,Engineering,2010,90.12
8038,Entity_8038,Physics,2023,89.81
8039,Entity_8039,Engineering,2017,86.58
8040,Entity_8040,Physics,2011,85.65
8041,Entity_8041,ComputerScience,2018,6.49
8042,Entity_8042,Biology,2020,79.51
8043,Entity_8043,Mathematics,2011,82.94
8044,Entity_8044,ComputerScience,2017,67.23
8045,Entity_8045,Physics,2023,56.33
8046,Entity_8046,Mathematics,2022,13.08
8047,Entity_8047,Economics,2015,15.7
8048,Entity_8048,Engineering,2011,22.76
8049,Entity_8049,Biology,2012,40.73
8050,Entity_8050,ComputerScience,2018,78.67
8051,Entity_8051,Engineering,2016,23.69
8052,Entity_8052,Engineering,2017,66.03
8053,Entity_8053,Biology,2011,32.07
8054,Entity_8054,Mathematics,2022,48.14
8055,Entity_8055,Mathematics,2015,25.89
8056,Entity_8056,ComputerScience,2022,18.25
8057,Entity_8057,Engineering,2020,7.66
8058,Entity_8058,ComputerScience,2016,97.76
8059,Entity_8059,Mathematics,2011,8.67
8060,Entity_8060,Engineering,2015,33.66
8061,Entity_8061,Mathematics,2010,57.39
8062,Entity_8062,Engineering,2011,58.05
8063,Entity_8063,Biology,2019,98.49
8064,Entity_8064,Economics,2015,45.64
8065,Entity_8065,Biology,2015,80.68
8066,Entity_8066,ComputerScience,2017,80.54
8067,Entity_8067,Physics,2010,26.11
8068,Entity_8068,Biology,2012,67.0
8069,Entity_8069,ComputerScience,2019,86.82
8070,Entity_8070,Biology,2011,14.46
8071,Entity_8071,Engineering,2011,15.82
8072,Entity_8072,ComputerScience,2013,57.59
8073,Entity_8073,Engineering,2016,90.69
8074,Entity_8074,Economics,2016,46.81
8075,Entity_8075,Economics,2020,45.94
8076,Entity_8076,ComputerScience,2019,95.53
8077,Entity_8077,Biology,2013,8.35
8078,Entity_8078,Biology,2017,89.43
8079,Entity_8079,Physics,2011,79.99
8080,Entity_8080,Physics,2012,44.35
8081,Entity_8081,Biology,2020,76.7
8082,Entity_8082,Biology,2015,69.85
8083,Entity_8083,Economics,2018,62.54
8084,Entity_8084,Engineering,2018,42.62
8085,Entity_8085,Physics,2023,64.1
8086,Entity_8086,Physics,2020,68.81
8087,Entity_8087,Engineering,2021,31.57
8088,Entity_8088,ComputerScience,2019,10.08
8089,Entity_8089,Biology,2015,31.57
8090,Entity_8090,ComputerScience,2018,67.54
8091,Entity_8091,Economics,2020,34.15
8092,Entity_8092,Physics,2011,15.33
8093,Entity_8093,Physics,2011,59.02
8094,Entity_8094,Mathematics,2023,3.33
8095,Entity_8095,Mathematics,2017,80.95
8096,Entity_8096,Mathematics,2014,56.74
8097,Entity_8097,Biology,2022,92.24
8098,Entity_8098,Biology,2010,71.39
8099,Entity_8099,ComputerScience,2012,42.67
8100,Entity_8100,Economics,2017,40.17
8101,Entity_8101,Mathematics,2018,66.87
8102,Entity_8102,Biology,2017,40.69
8103,Entity_8103,Economics,2017,59.72
8104,Entity_8104,Mathematics,2024,94.16
8105,Entity_8105,Biology,2023,20.93
8106,Entity_8106,Mathematics,2016,69.37
8107,Entity_8107,ComputerScience,2014,85.93
8108,Entity_8108,ComputerScience,2010,41.26
8109,Entity_8109,Mathematics,2015,70.2
8110,Entity_8110,Biology,2013,4.73
8111,Entity_8111,Engineering,2016,97.53
8112,Entity_8112,Economics,2016,62.03
8113,Entity_8113,Biology,2017,8.83
8114,Entity_8114,Engineering,2019,65.36
8115,Entity_8115,Physics,2019,69.9
8116,Entity_8116,Physics,2015,21.38
8117,Entity_8117,Engineering,2015,59.76
8118,Entity_8118,Engineering,2010,18.75
8119,Entity_8119,Mathematics,2011,16.99
8120,Entity_8120,Physics,2017,41.94
8121,Entity_8121,Physics,2016,30.67
8122,Entity_8122,ComputerScience,2023,32.09
8123,Entity_8123,Mathematics,2024,52.93
8124,Entity_8124,Economics,2023,57.42
8125,Entity_8125,Mathematics,2019,39.95
8126,Entity_8126,Mathematics,2016,66.09
8127,Entity_8127,Physics,2014,97.27
8128,Entity_8128,Mathematics,2023,90.21
8129,Entity_8129,Mathematics,2021,22.92
8130,Entity_8130,Engineering,2014,78.77
8131,Entity_8131,Mathematics,2019,13.01
8132,Entity_8132,Economics,2024,60.74
8133,Entity_8133,Physics,2022,61.14
8134,Entity_8134,Engineering,2023,26.59
8135,Entity_8135,Economics,2017,29.22
8136,Entity_8136,Economics,2024,27.69
8137,Entity_8137,Biology,2014,2.7
8138,Entity_8138,Engineering,2023,66.08
8139,Entity_8139,Economics,2012,15.46
8140,Entity_8140,ComputerScience,2019,33.49
8141,Entity_8141,Biology,2012,60.94
8142,Entity_8142,Biology,2021,93.58
8143,Entity_8143,Economics,2020,81.94
8144,Entity_8144,Engineering,2022,88.35
8145,Entity_8145,Economics,2023,93.44
8146,Entity_8146,ComputerScience,2013,16.61
8147,Entity_8147,ComputerScience,2024,76.26
8148,Entity_8148,Biology,2012,7.06
8149,Entity_8149,Physics,2011,86.18
8150,Entity_8150,ComputerScience,2017,33.36
8151,Entity_8151,Economics,2015,20.08
8152,Entity_8152,Engineering,2021,78.65
8153,Entity_8153,Mathematics,2015,47.79
8154,Entity_8154,Economics,2012,86.06
8155,Entity_8155,Physics,2010,25.2
8156,Entity_8156,ComputerScience,2014,28.54
8157,Entity_8157,Biology,2023,31.13
8158,Entity_8158,ComputerScience,2012,72.63
8159,Entity_8159,Physics,2019,6.41
8160,Entity_8160,ComputerScience,2012,89.83
8161,Entity_8161,Mathematics,2011,14.5
8162,Entity_8162,ComputerScience,2013,73.65
8163,Entity_8163,Biology,2015,85.99
8164,Entity_8164,Mathematics,2018,70.99
8165,Entity_8165,Biology,2013,33.75
8166,Entity_8166,Mathematics,2020,68.08
8167,Entity_8167,Biology,2010,55.98
8168,Entity_8168,Biology,2022,8.81
8169,Entity_8169,Economics,2019,22.62
8170,Entity_8170,ComputerScience,2014,70.88
8171,Entity_8171,Economics,2014,19.73
8172,Entity_8172,Engineering,2015,40.26
8173,Entity_8173,Physics,2011,8.18
8174,Entity_8174,Economics,2018,37.73
8175,Entity_8175,Physics,2014,89.13
8176,Entity_8176,Physics,2023,41.33
8177,Entity_8177,Engineering,2021,14.44
8178,Entity_8178,Physics,2013,31.69
8179,Entity_8179,Mathematics,2012,27.25
8180,Entity_8180,Physics,2020,11.67
8181,Entity_8181,Mathematics,2013,66.67
8182,Entity_8182,Engineering,2019,42.15
8183,Entity_8183,Engineering,2021,67.8
8184,Entity_8184,Engineering,2016,78.36
8185,Entity_8185,Economics,2023,3.77
8186,Entity_8186,Economics,2022,90.26
8187,Entity_8187,Engineering,2015,71.36
8188,Entity_8188,Physics,2019,86.18
8189,Entity_8189,Biology,2022,58.67
8190,Entity_8190,ComputerScience,2012,88.73
8191,Entity_8191,Engineering,2011,65.02
8192,Entity_8192,Biology,2017,89.04
8193,Entity_8193,ComputerScience,2017,27.09
8194,Entity_8194,ComputerScience,2014,21.58
8195,Entity_8195,Mathematics,2010,16.36
8196,Entity_8196,Economics,2022,79.35
8197,Entity_8197,Mathematics,2010,17.17
8198,Entity_8198,Economics,2019,94.49
8199,Entity_8199,Biology,2016,34.5
8200,Entity_8200,Biology,2022,34.34
8201,Entity_8201,Physics,2013,20.9
8202,Entity_8202,Economics,2012,62.74
8203,Entity_8203,Physics,2010,14.49
8204,Entity_8204,Physics,2015,40.73
8205,Entity_8205,ComputerScience,2013,21.24
8206,Entity_8206,ComputerScience,2013,3.17
8207,Entity_8207,Physics,2014,41.42
8208,Entity_8208,Biology,2011,73.67
8209,Entity_8209,ComputerScience,2020,90.19
8210,Entity_8210,Biology,2015,93.35
8211,Entity_8211,ComputerScience,2017,85.73
8212,Entity_8212,Physics,2022,48.36
8213,Entity_8213,Economics,2015,75.34
8214,Entity_8214,Mathematics,2013,89.97
8215,Entity_8215,ComputerScience,2012,28.52
8216,Entity_8216,Mathematics,2013,6.55
8217,Entity_8217,Physics,2024,23.85
8218,Entity_8218,Economics,2018,77.19
8219,Entity_8219,Biology,2012,24.26
8220,Entity_8220,Physics,2014,71.96
8221,Entity_8221,Physics,2010,13.58
8222,Entity_8222,Mathematics,2017,7.74
8223,Entity_8223,Economics,2022,74.4
8224,Entity_8224,ComputerScience,2011,45.97
8225,Entity_8225,Physics,2012,66.53
8226,Entity_8226,Physics,2014,6.16
8227,Entity_8227,Mathematics,2010,44.5
8228,Entity_8228,Engineering,2016,91.71
8229,Entity_8229,Mathematics,2020,88.43
8230,Entity_8230,Biology,2021,77.84
8231,Entity_8231,ComputerScience,2023,91.82
8232,Entity_8232,Engineering,2020,69.41
8233,Entity_8233,Mathematics,2023,26.78
8234,Entity_8234,ComputerScience,2019,78.88
8235,Entity_8235,Economics,2024,86.36
8236,Entity_8236,Mathematics,2010,39.25
8237,Entity_8237,Engineering,2018,23.51
8238,Entity_8238,Biology,2012,79.07
8239,Entity_8239,Biology,2020,15.69
8240,Entity_8240,Economics,2023,93.18
8241,Entity_8241,Physics,2012,32.35
8242,Entity_8242,ComputerScience,2022,95.62
8243,Entity_8243,Engineering,2015,39.14
8244,Entity_8244,Economics,2014,71.55
8245,Entity_8245,Economics,2021,74.21
8246,Entity_8246,Physics,2017,25.66
8247,Entity_8247,Physics,2017,57.77
8248,Entity_8248,ComputerScience,2022,19.44
8249,Entity_8249,Physics,2011,9.51
8250,Entity_8250,ComputerScience,2011,53.56
8251,Entity_8251,Economics,2010,24.33
8252,Entity_8252,Mathematics,2021,55.73
8253,Entity_8253,Engineering,2019,5.95
8254,Entity_8254,ComputerScience,2017,85.65
8255,Entity_8255,Biology,2014,69.67
8256,Entity_8256,Engineering,2024,23.33
8257,Entity_8257,Physics,2015,11.25
8258,Entity_8258,Economics,2019,25.93
8259,Entity_8259,Mathematics,2012,60.22
8260,Entity_8260,Engineering,2024,89.84
8261,Entity_8261,ComputerScience,2017,11.1
8262,Entity_8262,Physics,2012,90.63
8263,Entity_8263,Biology,2021,26.2
8264,Entity_8264,Physics,2018,45.99
8265,Entity_8265,Physics,2010,36.71
8266,Entity_8266,Mathematics,2012,15.29
8267,Entity_8267,Biology,2012,38.31
8268,Entity_8268,Mathematics,2020,81.28
8269,Entity_8269,Economics,2024,64.96
8270,Entity_8270,Physics,2024,20.33
8271,Entity_8271,Engineering,2010,69.54
8272,Entity_8272,Physics,2013,97.64
8273,Entity_8273,Mathematics,2014,44.84
8274,Entity_8274,ComputerScience,2014,50.72
8275,Entity_8275,Economics,2017,51.35
8276,Entity_8276,Economics,2024,33.73
8277,Entity_8277,Mathematics,2017,3.06
8278,Entity_8278,Physics,2010,86.16
8279,Entity_8279,Economics,2020,38.37
8280,Entity_8280,Economics,2020,35.59
8281,Entity_8281,Economics,2022,87.62
8282,Entity_8282,Physics,2022,68.51
8283,Entity_8283,Biology,2014,62.77
8284,Entity_8284,Physics,2016,43.29
8285,Entity_8285,Engineering,2013,16.84
8286,Entity_8286,Economics,2021,32.34
8287,Entity_8287,Physics,2014,19.31
8288,Entity_8288,Biology,2017,32.57
8289,Entity_8289,Physics,2012,91.29
8290,Entity_8290,Economics,2012,2.74
8291,Entity_8291,ComputerScience,2024,40.54
8292,Entity_8292,Economics,2011,15.03
8293,Entity_8293,Economics,2012,3.75
8294,Entity_8294,Mathematics,2019,72.79
8295,Entity_8295,Physics,2012,59.66
8296,Entity_8296,ComputerScience,2011,32.94
8297,Entity_8297,Biology,2013,5.16
8298,Entity_8298,Economics,2015,32.26
8299,Entity_8299,Engineering,2021,58.57
8300,Entity_8300,Physics,2016,25.19
8301,Entity_8301,Engineering,2021,81.42
8302,Entity_8302,Engineering,2016,18.06
8303,Entity_8303,Economics,2021,30.37
8304,Entity_8304,Physics,2010,43.71
8305,Entity_8305,ComputerScience,2015,66.66
8306,Entity_8306,Economics,2018,3.68
8307,Entity_8307,Engineering,2018,34.62
8308,Entity_8308,Physics,2013,72.66
8309,Entity_8309,Physics,2020,54.29
8310,Entity_8310,ComputerScience,2010,27.99
8311,Entity_8311,Economics,2023,85.25
8312,Entity_8312,Engineering,2023,16.55
8313,Entity_8313,Engineering,2011,18.5
8314,Entity_8314,Physics,2011,95.03
8315,Entity_8315,Physics,2022,8.55
8316,Entity_8316,Engineering,2014,51.62
8317,Entity_8317,ComputerScience,2021,37.88
8318,Entity_8318,Physics,2023,44.11
8319,Entity_8319,Biology,2018,50.45
8320,Entity_8320,Biology,2014,89.47
8321,Entity_8321,ComputerScience,2022,58.7
8322,Entity_8322,Economics,2015,26.95
8323,Entity_8323,Economics,2010,39.56
8324,Entity_8324,Mathematics,2022,14.22
8325,Entity_8325,Engineering,2010,5.22
8326,Entity_8326,Biology,2012,57.43
8327,Entity_8327,Economics,2024,93.31
8328,Entity_8328,Biology,2020,52.92
8329,Entity_8329,Physics,2023,32.05
8330,Entity_8330,Mathematics,2022,73.94
8331,Entity_8331,Biology,2020,40.77
8332,Entity_8332,Biology,2021,31.77
8333,Entity_8333,Engineering,2011,59.98
8334,Entity_8334,Engineering,2012,22.55
8335,Entity_8335,Engineering,2012,12.07
8336,Entity_8336,Physics,2021,93.09
8337,Entity_8337,Physics,2012,8.44
8338,Entity_8338,Physics,2010,31.26
8339,Entity_8339,ComputerScience,2010,29.15
8340,Entity_8340,Economics,2014,53.66
8341,Entity_8341,ComputerScience,2014,73.54
8342,Entity_8342,Economics,2024,88.12
8343,Entity_8343,Engineering,2023,12.08
8344,Entity_8344,Biology,2023,61.88
8345,Entity_8345,Physics,2023,76.27
8346,Entity_8346,Economics,2019,59.81
8347,Entity_8347,Economics,2014,57.96
8348,Entity_8348,Economics,2011,65.52
8349,Entity_8349,Economics,2021,20.72
8350,Entity_8350,Engineering,2018,2.97
8351,Entity_8351,Physics,2024,43.77
8352,Entity_8352,Biology,2010,74.01
8353,Entity_8353,Engineering,2012,70.92
8354,Entity_8354,ComputerScience,2010,35.44
8355,Entity_8355,Physics,2021,16.97
8356,Entity_8356,Mathematics,2013,54.85
8357,Entity_8357,Physics,2023,10.54
8358,Entity_8358,Mathematics,2020,5.59
8359,Entity_8359,Physics,2014,25.18
8360,Entity_8360,Economics,2024,24.26
8361,Entity_8361,Engineering,2010,93.6
8362,Entity_8362,Economics,2021,17.02
8363,Entity_8363,Biology,2023,81.22
8364,Entity_8364,Physics,2020,78.06
8365,Entity_8365,Economics,2010,6.9
8366,Entity_8366,Biology,2018,70.05
8367,Entity_8367,Physics,2023,46.28
8368,Entity_8368,Biology,2024,25.16
8369,Entity_8369,Physics,2012,84.54
8370,Entity_8370,Physics,2024,87.34
8371,Entity_8371,Economics,2024,39.15
8372,Entity_8372,Physics,2013,81.64
8373,Entity_8373,Biology,2024,74.95
8374,Entity_8374,Economics,2015,63.86
8375,Entity_8375,Engineering,2018,91.39
8376,Entity_8376,Biology,2012,40.37
8377,Entity_8377,ComputerScience,2013,43.97
8378,Entity_8378,Mathematics,2022,11.76
8379,Entity_8379,ComputerScience,2013,16.35
8380,Entity_8380,Economics,2022,16.53
8381,Entity_8381,Physics,2021,61.27
8382,Entity_8382,ComputerScience,2020,54.52
8383,Entity_8383,Economics,2021,97.11
8384,Entity_8384,Mathematics,2024,19.5
8385,Entity_8385,Engineering,2019,73.1
8386,Entity_8386,ComputerScience,2018,48.21
8387,Entity_8387,Engineering,2022,73.89
8388,Entity_8388,Engineering,2010,41.2
8389,Entity_8389,Biology,2017,39.18
8390,Entity_8390,Engineering,2010,42.83
8391,Entity_8391,Engineering,2021,37.65
8392,Entity_8392,Economics,2012,1.62
8393,Entity_8393,Economics,2018,10.94
8394,Entity_8394,Engineering,2023,27.37
8395,Entity_8395,ComputerScience,2019,13.62
8396,Entity_8396,Economics,2017,95.7
8397,Entity_8397,ComputerScience,2017,91.9
8398,Entity_8398,Engineering,2011,35.88
8399,Entity_8399,Economics,2016,58.38
8400,Entity_8400,Economics,2020,25.45
8401,Entity_8401,Engineering,2014,35.64
8402,Entity_8402,Biology,2012,73.71
8403,Entity_8403,ComputerScience,2021,82.37
8404,Entity_8404,Physics,2021,39.69
8405,Entity_8405,Mathematics,2021,95.38
8406,Entity_8406,Biology,2018,39.06
8407,Entity_8407,Physics,2019,87.12
8408,Entity_8408,Economics,2023,10.33
8409,Entity_8409,Mathematics,2017,21.21
8410,Entity_8410,Economics,2018,59.72
8411,Entity_8411,Physics,2015,33.29
8412,Entity_8412,Economics,2014,67.45
8413,Entity_8413,Engineering,2020,1.89
8414,Entity_8414,Biology,2021,30.49
8415,Entity_8415,Physics,2019,86.3
8416,Entity_8416,ComputerScience,2017,27.54
8417,Entity_8417,Biology,2012,76.72
8418,Entity_8418,Biology,2016,59.44
8419,Entity_8419,Mathematics,2011,76.68
8420,Entity_8420,Economics,2019,40.24
8421,Entity_8421,ComputerScience,2018,1.38
8422,Entity_8422,Economics,2017,31.39
8423,Entity_8423,Engineering,2017,26.24
8424,Entity_8424,Mathematics,2020,62.16
8425,Entity_8425,Economics,2014,41.16
8426,Entity_8426,ComputerScience,2018,20.16
8427,Entity_8427,Economics,2022,50.9
8428,Entity_8428,Mathematics,2011,41.68
8429,Entity_8429,Physics,2014,84.05
8430,Entity_8430,Economics,2020,34.99
8431,Entity_8431,Biology,2021,58.57
8432,Entity_8432,Economics,2011,99.73
8433,Entity_8433,Mathematics,2022,58.84
8434,Entity_8434,ComputerScience,2014,29.71
8435,Entity_8435,ComputerScience,2022,60.89
8436,Entity_8436,Engineering,2020,51.96
8437,Entity_8437,Biology,2024,1.98
8438,Entity_8438,Physics,2011,83.73
8439,Entity_8439,ComputerScience,2012,40.45
8440,Entity_8440,Biology,2010,40.27
8441,Entity_8441,Mathematics,2018,60.58
8442,Entity_8442,ComputerScience,2010,84.15
8443,Entity_8443,Physics,2014,53.93
8444,Entity_8444,Mathematics,2015,52.49
8445,Entity_8445,Physics,2010,56.07
8446,Entity_8446,Economics,2019,56.0
8447,Entity_8447,Engineering,2022,5.07
8448,Entity_8448,Biology,2014,67.01
8449,Entity_8449,Economics,2018,24.46
8450,Entity_8450,Economics,2021,47.9
8451,Entity_8451,Engineering,2011,55.78
8452,Entity_8452,Biology,2023,24.42
8453,Entity_8453,Physics,2024,96.05
8454,Entity_8454,Mathematics,2024,2.26
8455,Entity_8455,ComputerScience,2013,5.55
8456,Entity_8456,Mathematics,2021,39.65
8457,Entity_8457,Engineering,2016,11.08
8458,Entity_8458,Economics,2015,64.86
8459,Entity_8459,ComputerScience,2024,96.86
8460,Entity_8460,Mathematics,2016,29.99
8461,Entity_8461,Economics,2014,76.96
8462,Entity_8462,Physics,2023,44.39
8463,Entity_8463,Economics,2020,84.62
8464,Entity_8464,Mathematics,2016,45.43
8465,Entity_8465,ComputerScience,2018,76.36
8466,Entity_8466,Engineering,2024,2.93
8467,Entity_8467,ComputerScience,2018,47.74
8468,Entity_8468,Biology,2024,64.63
8469,Entity_8469,ComputerScience,2010,12.19
8470,Entity_8470,Physics,2016,37.86
8471,Entity_8471,Engineering,2011,5.71
8472,Entity_8472,Mathematics,2024,30.27
8473,Entity_8473,Mathematics,2012,60.54
8474,Entity_8474,ComputerScience,2016,48.91
8475,Entity_8475,Engineering,2015,95.51
8476,Entity_8476,Economics,2024,92.98
8477,Entity_8477,Mathematics,2012,30.79
8478,Entity_8478,ComputerScience,2016,15.03
8479,Entity_8479,Physics,2011,33.04
8480,Entity_8480,Mathematics,2019,60.14
8481,Entity_8481,Biology,2012,32.23
8482,Entity_8482,Biology,2022,18.65
8483,Entity_8483,Physics,2011,61.29
8484,Entity_8484,Mathematics,2013,22.33
8485,Entity_8485,Engineering,2020,66.33
8486,Entity_8486,Biology,2022,3.91
8487,Entity_8487,Biology,2014,48.56
8488,Entity_8488,Biology,2014,54.58
8489,Entity_8489,Engineering,2022,33.24
8490,Entity_8490,Economics,2013,60.48
8491,Entity_8491,Mathematics,2012,10.54
8492,Entity_8492,Physics,2018,23.3
8493,Entity_8493,ComputerScience,2017,83.21
8494,Entity_8494,Physics,2014,33.97
8495,Entity_8495,Mathematics,2013,11.06
8496,Entity_8496,Engineering,2023,86.32
8497,Entity_8497,Economics,2010,1.33
8498,Entity_8498,Physics,2016,13.64
8499,Entity_8499,Physics,2011,93.12
8500,Entity_8500,ComputerScience,2024,72.0
8501,Entity_8501,Biology,2013,92.39
8502,Entity_8502,Engineering,2012,63.7
8503,Entity_8503,Biology,2017,16.55
8504,Entity_8504,Mathematics,2018,64.61
8505,Entity_8505,Engineering,2013,62.13
8506,Entity_8506,Economics,2015,71.52
8507,Entity_8507,Mathematics,2018,33.15
8508,Entity_8508,Physics,2019,67.19
8509,Entity_8509,Physics,2020,84.33
8510,Entity_8510,Physics,2021,86.06
8511,Entity_8511,ComputerScience,2016,12.45
8512,Entity_8512,Economics,2015,49.44
8513,Entity_8513,Economics,2011,45.41
8514,Entity_8514,ComputerScience,2015,91.71
8515,Entity_8515,Economics,2023,64.04
8516,Entity_8516,Mathematics,2014,60.33
8517,Entity_8517,Mathematics,2017,45.96
8518,Entity_8518,Mathematics,2017,23.8
8519,Entity_8519,Mathematics,2020,22.27
8520,Entity_8520,Physics,2014,44.4
8521,Entity_8521,Economics,2021,74.59
8522,Entity_8522,Engineering,2014,12.1
8523,Entity_8523,Biology,2011,36.28
8524,Entity_8524,Mathematics,2021,80.77
8525,Entity_8525,Economics,2017,20.74
8526,Entity_8526,Mathematics,2023,90.23
8527,Entity_8527,Physics,2010,34.0
8528,Entity_8528,Biology,2018,53.9
8529,Entity_8529,Physics,2013,13.36
8530,Entity_8530,Physics,2016,9.23
8531,Entity_8531,ComputerScience,2021,20.9
8532,Entity_8532,Engineering,2018,91.93
8533,Entity_8533,Physics,2016,93.7
8534,Entity_8534,Economics,2017,51.1
8535,Entity_8535,Physics,2022,91.45
8536,Entity_8536,ComputerScience,2015,79.65
8537,Entity_8537,Biology,2018,48.05
8538,Entity_8538,ComputerScience,2014,82.89
8539,Entity_8539,Biology,2012,32.28
8540,Entity_8540,ComputerScience,2015,18.97
8541,Entity_8541,Biology,2021,31.27
8542,Entity_8542,Mathematics,2023,66.43
8543,Entity_8543,Mathematics,2021,23.42
8544,Entity_8544,Economics,2010,11.05
8545,Entity_8545,Economics,2023,11.63
8546,Entity_8546,Biology,2020,48.36
8547,Entity_8547,Mathematics,2014,87.07
8548,Entity_8548,Biology,2011,73.79
8549,Entity_8549,Biology,2021,38.51
8550,Entity_8550,Physics,2019,81.1
8551,Entity_8551,Economics,2024,7.47
8552,Entity_8552,Mathematics,2013,21.78
8553,Entity_8553,Biology,2012,59.18
8554,Entity_8554,Economics,2014,88.98
8555,Entity_8555,Engineering,2022,43.57
8556,Entity_8556,Mathematics,2010,61.35
8557,Entity_8557,Economics,2019,79.24
8558,Entity_8558,Engineering,2010,12.1
8559,Entity_8559,Economics,2019,55.86
8560,Entity_8560,Biology,2013,58.17
8561,Entity_8561,Economics,2024,24.16
8562,Entity_8562,Engineering,2021,34.7
8563,Entity_8563,ComputerScience,2021,9.41
8564,Entity_8564,Economics,2016,66.69
8565,Entity_8565,Mathematics,2024,29.46
8566,Entity_8566,Engineering,2014,39.6
8567,Entity_8567,Engineering,2018,77.87
8568,Entity_8568,Mathematics,2019,75.36
8569,Entity_8569,Engineering,2019,72.7
8570,Entity_8570,Economics,2015,44.37
8571,Entity_8571,Economics,2024,87.81
8572,Entity_8572,Biology,2015,63.88
8573,Entity_8573,Economics,2015,75.67
8574,Entity_8574,Physics,2018,74.45
8575,Entity_8575,Economics,2010,18.74
8576,Entity_8576,ComputerScience,2017,74.77
8577,Entity_8577,Biology,2021,54.34
8578,Entity_8578,Engineering,2024,66.59
8579,Entity_8579,Engineering,2023,8.32
8580,Entity_8580,Physics,2014,53.35
8581,Entity_8581,Physics,2020,61.24
8582,Entity_8582,Biology,2024,9.11
8583,Entity_8583,ComputerScience,2024,33.49
8584,Entity_8584,Economics,2018,30.63
8585,Entity_8585,Mathematics,2024,33.54
8586,Entity_8586,ComputerScience,2022,27.32
8587,Entity_8587,Physics,2016,50.14
8588,Entity_8588,Physics,2018,99.5
8589,Entity_8589,Economics,2011,9.22
8590,Entity_8590,Engineering,2013,64.18
8591,Entity_8591,Physics,2018,50.77
8592,Entity_8592,Biology,2023,54.1
8593,Entity_8593,ComputerScience,2019,25.33
8594,Entity_8594,Biology,2023,54.34
8595,Entity_8595,Mathematics,2024,34.32
8596,Entity_8596,ComputerScience,2024,82.29
8597,Entity_8597,Engineering,2022,62.1
8598,Entity_8598,Engineering,2019,63.4
8599,Entity_8599,Physics,2023,11.43
8600,Entity_8600,Biology,2019,5.65
8601,Entity_8601,Mathematics,2012,56.47
8602,Entity_8602,Biology,2024,42.87
8603,Entity_8603,Physics,2013,82.49
8604,Entity_8604,Mathematics,2011,63.17
8605,Entity_8605,Engineering,2015,74.71
8606,Entity_8606,Economics,2022,3.05
8607,Entity_8607,Engineering,2017,96.16
8608,Entity_8608,ComputerScience,2022,83.78
8609,Entity_8609,Mathematics,2013,13.53
8610,Entity_8610,Biology,2010,74.87
8611,Entity_8611,ComputerScience,2011,57.99
8612,Entity_8612,Economics,2011,2.03
8613,Entity_8613,Economics,2012,85.43
8614,Entity_8614,Biology,2014,14.31
8615,Entity_8615,Mathematics,2015,13.0
8616,Entity_8616,Engineering,2016,5.18
8617,Entity_8617,ComputerScience,2021,53.58
8618,Entity_8618,Economics,2022,11.01
8619,Entity_8619,Economics,2021,13.18
8620,Entity_8620,Mathematics,2015,7.04
8621,Entity_8621,Physics,2014,22.01
8622,Entity_8622,Biology,2013,40.65
8623,Entity_8623,Mathematics,2024,70.02
8624,Entity_8624,Economics,2017,21.36
8625,Entity_8625,Biology,2012,91.59
8626,Entity_8626,ComputerScience,2013,69.33
8627,Entity_8627,Economics,2021,60.36
8628,Entity_8628,Economics,2013,21.69
8629,Entity_8629,Physics,2022,62.25
8630,Entity_8630,Engineering,2010,63.04
8631,Entity_8631,Economics,2015,97.57
8632,Entity_8632,Biology,2011,37.31
8633,Entity_8633,Mathematics,2017,66.9
8634,Entity_8634,ComputerScience,2020,34.1
8635,Entity_8635,Biology,2023,38.18
8636,Entity_8636,Economics,2017,57.24
8637,Entity_8637,Mathematics,2015,79.2
8638,Entity_8638,ComputerScience,2011,38.6
8639,Entity_8639,Physics,2016,95.7
8640,Entity_8640,Economics,2010,66.34
8641,Entity_8641,Economics,2024,24.76
8642,Entity_8642,Biology,2012,46.24
8643,Entity_8643,Physics,2018,59.86
8644,Entity_8644,Engineering,2016,41.58
8645,Entity_8645,Mathematics,2024,25.69
8646,Entity_8646,Physics,2018,9.14
8647,Entity_8647,Mathematics,2014,7.8
8648,Entity_8648,Engineering,2020,41.81
8649,Entity_8649,ComputerScience,2024,11.38
8650,Entity_8650,Engineering,2017,95.93
8651,Entity_8651,Mathematics,2020,89.27
8652,Entity_8652,Mathematics,2018,87.35
8653,Entity_8653,Engineering,2024,30.66
8654,Entity_8654,Mathematics,2010,97.56
8655,Entity_8655,ComputerScience,2010,19.7
8656,Entity_8656,Economics,2018,1.12
8657,Entity_8657,Biology,2013,1.82
8658,Entity_8658,Physics,2017,42.55
8659,Entity_8659,Biology,2012,93.43
8660,Entity_8660,Economics,2023,11.14
8661,Entity_8661,Engineering,2014,67.97
8662,Entity_8662,Biology,2011,53.36
8663,Entity_8663,Economics,2013,59.61
8664,Entity_8664,Physics,2024,3.14
8665,Entity_8665,Biology,2019,79.93
8666,Entity_8666,Biology,2017,40.81
8667,Entity_8667,Engineering,2022,86.2
8668,Entity_8668,Engineering,2023,61.07
8669,Entity_8669,Engineering,2024,1.36
8670,Entity_8670,Physics,2012,51.06
8671,Entity_8671,Mathematics,2019,51.41
8672,Entity_8672,Mathematics,2023,32.67
8673,Entity_8673,Mathematics,2011,85.71
8674,Entity_8674,Physics,2023,83.31
8675,Entity_8675,Mathematics,2018,75.11
8676,Entity_8676,Biology,2012,84.74
8677,Entity_8677,ComputerScience,2017,27.32
8678,Entity_8678,Physics,2010,64.54
8679,Entity_8679,Biology,2022,55.73
8680,Entity_8680,Economics,2011,79.09
8681,Entity_8681,Biology,2023,83.38
8682,Entity_8682,Mathematics,2022,72.36
8683,Entity_8683,ComputerScience,2013,31.2
8684,Entity_8684,Physics,2019,50.88
8685,Entity_8685,Economics,2024,7.44
8686,Entity_8686,Biology,2013,55.29
8687,Entity_8687,Biology,2020,74.99
8688,Entity_8688,Economics,2013,73.5
8689,Entity_8689,Physics,2016,29.11
8690,Entity_8690,Biology,2017,2.38
8691,Entity_8691,Mathematics,2011,24.02
8692,Entity_8692,ComputerScience,2019,2.23
8693,Entity_8693,ComputerScience,2015,20.11
8694,Entity_8694,Engineering,2023,42.49
8695,Entity_8695,ComputerScience,2012,54.95
8696,Entity_8696,Biology,2012,35.52
8697,Entity_8697,Physics,2010,92.46
8698,Entity_8698,ComputerScience,2020,84.89
8699,Entity_8699,Physics,2024,9.41
8700,Entity_8700,ComputerScience,2021,65.58
8701,Entity_8701,Biology,2017,14.26
8702,Entity_8702,Mathematics,2022,28.67
8703,Entity_8703,ComputerScience,2010,71.02
8704,Entity_8704,Biology,2021,59.56
8705,Entity_8705,Engineering,2014,10.87
8706,Entity_8706,Physics,2012,27.8
8707,Entity_8707,Physics,2023,55.53
8708,Entity_8708,ComputerScience,2010,62.52
8709,Entity_8709,Engineering,2019,31.65
8710,Entity_8710,Engineering,2024,15.3
8711,Entity_8711,Mathematics,2018,95.26
8712,Entity_8712,ComputerScience,2019,73.29
8713,Entity_8713,Economics,2017,15.95
8714,Entity_8714,Biology,2014,86.69
8715,Entity_8715,Economics,2016,21.26
8716,Entity_8716,Physics,2015,8.73
8717,Entity_8717,Biology,2023,30.56
8718,Entity_8718,Physics,2012,29.67
8719,Entity_8719,Mathematics,2023,89.12
8720,Entity_8720,Engineering,2020,22.18
8721,Entity_8721,Biology,2011,11.68
8722,Entity_8722,Economics,2010,4.51
8723,Entity_8723,Mathematics,2016,53.06
8724,Entity_8724,ComputerScience,2021,38.77
8725,Entity_8725,ComputerScience,2017,2.19
8726,Entity_8726,Economics,2016,45.42
8727,Entity_8727,Engineering,2012,6.55
8728,Entity_8728,Physics,2022,4.48
8729,Entity_8729,Economics,2015,78.16
8730,Entity_8730,Physics,2016,89.43
8731,Entity_8731,Biology,2021,14.42
8732,Entity_8732,Economics,2015,20.46
8733,Entity_8733,Economics,2019,4.09
8734,Entity_8734,Mathematics,2017,48.1
8735,Entity_8735,Mathematics,2010,6.93
8736,Entity_8736,Biology,2013,14.52
8737,Entity_8737,Economics,2010,3.57
8738,Entity_8738,Biology,2013,61.92
8739,Entity_8739,ComputerScience,2013,75.51
8740,Entity_8740,ComputerScience,2020,45.7
8741,Entity_8741,Physics,2011,11.81
8742,Entity_8742,Economics,2023,38.69
8743,Entity_8743,ComputerScience,2021,51.42
8744,Entity_8744,ComputerScience,2020,39.59
8745,Entity_8745,Physics,2012,12.88
8746,Entity_8746,Mathematics,2015,87.14
8747,Entity_8747,Engineering,2022,28.65
8748,Entity_8748,Biology,2022,12.08
8749,Entity_8749,Biology,2011,57.38
8750,Entity_8750,Economics,2022,99.29
8751,Entity_8751,ComputerScience,2017,83.59
8752,Entity_8752,Biology,2014,31.33
8753,Entity_8753,Biology,2010,98.34
8754,Entity_8754,Physics,2023,23.33
8755,Entity_8755,Mathematics,2014,85.83
8756,Entity_8756,Physics,2012,36.69
8757,Entity_8757,ComputerScience,2020,40.33
8758,Entity_8758,Physics,2015,18.93
8759,Entity_8759,Economics,2014,75.78
8760,Entity_8760,Physics,2021,91.47
8761,Entity_8761,Engineering,2021,2.68
8762,Entity_8762,Mathematics,2014,74.45
8763,Entity_8763,Biology,2022,84.41
8764,Entity_8764,Physics,2016,62.09
8765,Entity_8765,Physics,2020,19.08
8766,Entity_8766,Engineering,2020,35.96
8767,Entity_8767,ComputerScience,2013,92.37
8768,Entity_8768,Biology,2016,8.81
8769,Entity_8769,Biology,2019,82.02
8770,Entity_8770,Engineering,2018,3.39
8771,Entity_8771,Engineering,2012,27.76
8772,Entity_8772,Mathematics,2023,69.51
8773,Entity_8773,Economics,2018,35.72
8774,Entity_8774,Biology,2010,14.01
8775,Entity_8775,ComputerScience,2019,67.07
8776,Entity_8776,Mathematics,2024,54.17
8777,Entity_8777,ComputerScience,2012,80.74
8778,Entity_8778,Economics,2024,41.06
8779,Entity_8779,Engineering,2014,73.52
8780,Entity_8780,Economics,2024,41.95
8781,Entity_8781,Biology,2018,43.37
8782,Entity_8782,Economics,2020,42.71
8783,Entity_8783,Physics,2017,38.56
8784,Entity_8784,ComputerScience,2024,1.96
8785,Entity_8785,Economics,2014,31.88
8786,Entity_8786,Mathematics,2010,51.61
8787,Entity_8787,Physics,2017,82.27
8788,Entity_8788,Economics,2011,97.7
8789,Entity_8789,ComputerScience,2019,4.22
8790,Entity_8790,Mathematics,2019,84.79
8791,Entity_8791,Physics,2011,44.28
8792,Entity_8792,ComputerScience,2010,40.96
8793,Entity_8793,Engineering,2021,76.65
8794,Entity_8794,Physics,2016,61.19
8795,Entity_8795,Engineering,2020,13.66
8796,Entity_8796,Physics,2022,33.28
8797,Entity_8797,Physics,2014,54.49
8798,Entity_8798,Economics,2016,27.77
8799,Entity_8799,ComputerScience,2018,16.61
8800,Entity_8800,Physics,2019,96.58
8801,Entity_8801,Biology,2015,28.16
8802,Entity_8802,Physics,2012,71.73
8803,Entity_8803,ComputerScience,2012,7.53
8804,Entity_8804,Physics,2013,74.6
8805,Entity_8805,Biology,2020,93.94
8806,Entity_8806,Physics,2023,2.44
8807,Entity_8807,Mathematics,2010,87.99
8808,Entity_8808,Physics,2010,7.03
8809,Entity_8809,ComputerScience,2018,52.38
8810,Entity_8810,Physics,2022,29.88
8811,Entity_8811,Engineering,2016,45.89
8812,Entity_8812,Economics,2011,61.61
8813,Entity_8813,ComputerScience,2018,52.59
8814,Entity_8814,Economics,2011,13.01
8815,Entity_8815,ComputerScience,2016,80.03
8816,Entity_8816,ComputerScience,2019,95.54
8817,Entity_8817,ComputerScience,2016,57.2
8818,Entity_8818,Engineering,2020,16.07
8819,Entity_8819,Physics,2012,68.87
8820,Entity_8820,Physics,2024,46.22
8821,Entity_8821,Economics,2020,53.66
8822,Entity_8822,Economics,2021,46.52
8823,Entity_8823,Engineering,2019,5.43
8824,Entity_8824,ComputerScience,2018,79.72
8825,Entity_8825,Mathematics,2014,54.79
8826,Entity_8826,ComputerScience,2023,86.79
8827,Entity_8827,Economics,2016,48.52
8828,Entity_8828,Mathematics,2016,25.25
8829,Entity_8829,ComputerScience,2010,92.21
8830,Entity_8830,Economics,2018,28.46
8831,Entity_8831,Physics,2013,44.02
8832,Entity_8832,ComputerScience,2021,83.67
8833,Entity_8833,Biology,2011,93.03
8834,Entity_8834,Economics,2024,9.43
8835,Entity_8835,ComputerScience,2020,60.81
8836,Entity_8836,Engineering,2015,69.74
8837,Entity_8837,Mathematics,2018,15.01
8838,Entity_8838,Economics,2022,31.6
8839,Entity_8839,ComputerScience,2013,63.96
8840,Entity_8840,Engineering,2010,7.77
8841,Entity_8841,Physics,2015,76.5
8842,Entity_8842,Mathematics,2016,41.7
8843,Entity_8843,Biology,2015,38.13
8844,Entity_8844,Economics,2019,60.13
8845,Entity_8845,Mathematics,2019,89.17
8846,Entity_8846,Mathematics,2023,41.04
8847,Entity_8847,Biology,2012,71.9
8848,Entity_8848,ComputerScience,2010,55.5
8849,Entity_8849,Mathematics,2024,64.75
8850,Entity_8850,ComputerScience,2022,14.79
8851,Entity_8851,Economics,2024,10.07
8852,Entity_8852,Economics,2012,92.14
8853,Entity_8853,Engineering,2013,51.82
8854,Entity_8854,Economics,2024,76.94
8855,Entity_8855,ComputerScience,2012,96.14
8856,Entity_8856,Biology,2012,4.33
8857,Entity_8857,Mathematics,2018,88.84
8858,Entity_8858,Biology,2014,69.19
8859,Entity_8859,Physics,2017,23.51
8860,Entity_8860,Mathematics,2020,97.12
8861,Entity_8861,Biology,2014,16.82
8862,Entity_8862,Physics,2015,99.58
8863,Entity_8863,ComputerScience,2010,30.17
8864,Entity_8864,Physics,2019,10.38
8865,Entity_8865,Economics,2012,55.61
8866,Entity_8866,Mathematics,2011,55.35
8867,Entity_8867,Engineering,2016,93.89
8868,Entity_8868,Engineering,2012,78.84
8869,Entity_8869,Mathematics,2015,56.88
8870,Entity_8870,Mathematics,2020,86.76
8871,Entity_8871,Biology,2011,88.45
8872,Entity_8872,ComputerScience,2017,60.56
8873,Entity_8873,Physics,2010,27.19
8874,Entity_8874,Biology,2010,6.32
8875,Entity_8875,Physics,2018,24.99
8876,Entity_8876,Physics,2017,9.58
8877,Entity_8877,ComputerScience,2021,88.02
8878,Entity_8878,Physics,2013,98.38
8879,Entity_8879,Physics,2019,73.77
8880,Entity_8880,Engineering,2016,7.8
8881,Entity_8881,ComputerScience,2012,3.91
8882,Entity_8882,Mathematics,2018,71.82
8883,Entity_8883,ComputerScience,2017,73.81
8884,Entity_8884,Biology,2022,33.19
8885,Entity_8885,Engineering,2024,97.38
8886,Entity_8886,Mathematics,2014,38.8
8887,Entity_8887,ComputerScience,2024,31.24
8888,Entity_8888,Physics,2024,15.29
8889,Entity_8889,Biology,2016,98.77
8890,Entity_8890,Engineering,2014,38.9
8891,Entity_8891,ComputerScience,2011,62.58
8892,Entity_8892,Mathematics,2013,1.68
8893,Entity_8893,Biology,2021,74.61
8894,Entity_8894,Engineering,2013,96.44
8895,Entity_8895,Mathematics,2017,84.69
8896,Entity_8896,Mathematics,2013,35.62
8897,Entity_8897,Biology,2011,49.63
8898,Entity_8898,Biology,2018,17.74
8899,Entity_8899,Mathematics,2022,11.05
8900,Entity_8900,Engineering,2012,82.78
8901,Entity_8901,Engineering,2012,40.03
8902,Entity_8902,ComputerScience,2018,39.81
8903,Entity_8903,Biology,2021,81.11
8904,Entity_8904,Mathematics,2024,70.18
8905,Entity_8905,Biology,2012,85.74
8906,Entity_8906,Mathematics,2011,95.68
8907,Entity_8907,Economics,2024,44.75
8908,Entity_8908,Biology,2023,55.03
8909,Entity_8909,Economics,2023,84.59
8910,Entity_8910,Economics,2014,47.86
8911,Entity_8911,ComputerScience,2020,16.8
8912,Entity_8912,ComputerScience,2020,21.56
8913,Entity_8913,ComputerScience,2010,41.87
8914,Entity_8914,ComputerScience,2022,51.52
8915,Entity_8915,Economics,2019,48.85
8916,Entity_8916,Mathematics,2012,13.43
8917,Entity_8917,Mathematics,2023,27.92
8918,Entity_8918,Physics,2014,6.31
8919,Entity_8919,Engineering,2016,87.99
8920,Entity_8920,Biology,2018,16.08
8921,Entity_8921,ComputerScience,2012,9.6
8922,Entity_8922,Engineering,2016,84.5
8923,Entity_8923,Economics,2021,75.37
8924,Entity_8924,Physics,2015,26.42
8925,Entity_8925,Physics,2010,97.02
8926,Entity_8926,Engineering,2021,28.36
8927,Entity_8927,Mathematics,2020,82.02
8928,Entity_8928,ComputerScience,2011,67.39
8929,Entity_8929,Economics,2017,77.64
8930,Entity_8930,Economics,2018,8.95
8931,Entity_8931,Physics,2017,25.66
8932,Entity_8932,Engineering,2016,24.12
8933,Entity_8933,Physics,2015,68.04
8934,Entity_8934,Mathematics,2018,87.57
8935,Entity_8935,Economics,2022,18.7
8936,Entity_8936,ComputerScience,2018,52.16
8937,Entity_8937,Economics,2022,42.56
8938,Entity_8938,ComputerScience,2016,41.11
8939,Entity_8939,ComputerScience,2015,84.83
8940,Entity_8940,ComputerScience,2010,18.99
8941,Entity_8941,Physics,2023,87.94
8942,Entity_8942,Mathematics,2013,65.99
8943,Entity_8943,Mathematics,2011,80.41
8944,Entity_8944,Physics,2013,86.46
8945,Entity_8945,ComputerScience,2021,40.74
8946,Entity_8946,Mathematics,2019,74.65
8947,Entity_8947,Economics,2016,1.41
8948,Entity_8948,Physics,2017,15.09
8949,Entity_8949,Engineering,2021,64.54
8950,Entity_8950,Economics,2016,6.23
8951,Entity_8951,ComputerScience,2013,17.15
8952,Entity_8952,Engineering,2013,11.4
8953,Entity_8953,Biology,2018,82.98
8954,Entity_8954,Economics,2019,91.33
8955,Entity_8955,ComputerScience,2011,9.86
8956,Entity_8956,Mathematics,2010,93.9
8957,Entity_8957,Physics,2014,91.98
8958,Entity_8958,Biology,2023,12.56
8959,Entity_8959,ComputerScience,2022,69.3
8960,Entity_8960,Engineering,2011,59.38
8961,Entity_8961,Biology,2022,65.57
8962,Entity_8962,Biology,2010,78.29
8963,Entity_8963,ComputerScience,2024,63.4
8964,Entity_8964,Biology,2024,92.8
8965,Entity_8965,Mathematics,2020,71.81
8966,Entity_8966,ComputerScience,2021,51.23
8967,Entity_8967,ComputerScience,2019,65.15
8968,Entity_8968,Engineering,2017,82.33
8969,Entity_8969,Mathematics,2023,37.1
8970,Entity_8970,ComputerScience,2020,12.93
8971,Entity_8971,Physics,2017,34.73
8972,Entity_8972,Mathematics,2018,17.4
8973,Entity_8973,ComputerScience,2010,47.78
8974,Entity_8974,Physics,2018,53.32
8975,Entity_8975,Biology,2018,74.72
8976,Entity_8976,Biology,2012,78.16
8977,Entity_8977,Economics,2022,6.57
8978,Entity_8978,Physics,2017,12.08
8979,Entity_8979,Biology,2011,43.25
8980,Entity_8980,Economics,2021,51.69
8981,Entity_8981,Economics,2017,97.62
8982,Entity_8982,Physics,2012,89.48
8983,Entity_8983,Engineering,2019,88.03
8984,Entity_8984,Economics,2020,98.8
8985,Entity_8985,Mathematics,2017,49.55
8986,Entity_8986,ComputerScience,2018,20.6
8987,Entity_8987,Mathematics,2023,23.44
8988,Entity_8988,Biology,2024,42.5
8989,Entity_8989,ComputerScience,2024,90.39
8990,Entity_8990,Physics,2022,29.39
8991,Entity_8991,ComputerScience,2020,72.56
8992,Entity_8992,Economics,2015,78.65
8993,Entity_8993,Biology,2023,97.06
8994,Entity_8994,ComputerScience,2010,17.8
8995,Entity_8995,Mathematics,2020,86.94
8996,Entity_8996,Physics,2022,77.04
8997,Entity_8997,Physics,2024,40.13
8998,Entity_8998,Physics,2012,97.06
8999,Entity_8999,ComputerScience,2016,58.92
9000,Entity_9000,Biology,2019,67.22
9001,Entity_9001,Biology,2018,35.89
9002,Entity_9002,Biology,2014,40.44
9003,Entity_9003,Biology,2010,39.5
9004,Entity_9004,Biology,2020,68.58
9005,Entity_9005,ComputerScience,2016,62.35
9006,Entity_9006,ComputerScience,2013,58.23
9007,Entity_9007,Mathematics,2021,75.11
9008,Entity_9008,Physics,2011,32.86
9009,Entity_9009,Engineering,2011,84.03
9010,Entity_9010,Mathematics,2023,15.37
9011,Entity_9011,ComputerScience,2010,48.55
9012,Entity_9012,ComputerScience,2013,20.56
9013,Entity_9013,ComputerScience,2023,65.23
9014,Entity_9014,Mathematics,2024,78.4
9015,Entity_9015,Mathematics,2023,21.98
9016,Entity_9016,Engineering,2021,12.14
9017,Entity_9017,Economics,2023,22.99
9018,Entity_9018,Physics,2014,54.64
9019,Entity_9019,Mathematics,2018,7.53
9020,Entity_9020,ComputerScience,2010,30.84
9021,Entity_9021,ComputerScience,2021,43.08
9022,Entity_9022,ComputerScience,2023,2.53
9023,Entity_9023,Physics,2010,15.59
9024,Entity_9024,Mathematics,2024,8.06
9025,Entity_9025,Biology,2021,37.11
9026,Entity_9026,Engineering,2018,98.93
9027,Entity_9027,Engineering,2014,41.02
9028,Entity_9028,Physics,2013,67.11
9029,Entity_9029,Economics,2023,33.67
9030,Entity_9030,Mathematics,2018,9.98
9031,Entity_9031,ComputerScience,2015,2.69
9032,Entity_9032,ComputerScience,2024,76.34
9033,Entity_9033,Biology,2016,26.7
9034,Entity_9034,Physics,2017,51.05
9035,Entity_9035,Economics,2022,43.02
9036,Entity_9036,ComputerScience,2015,47.77
9037,Entity_9037,Economics,2015,32.77
9038,Entity_9038,ComputerScience,2012,55.05
9039,Entity_9039,ComputerScience,2024,45.45
9040,Entity_9040,Biology,2015,80.91
9041,Entity_9041,Physics,2013,59.64
9042,Entity_9042,Economics,2017,51.16
9043,Entity_9043,Mathematics,2015,26.7
9044,Entity_9044,Biology,2023,93.95
9045,Entity_9045,ComputerScience,2022,67.47
9046,Entity_9046,Economics,2017,16.92
9047,Entity_9047,Engineering,2016,2.87
9048,Entity_9048,Mathematics,2022,29.98
9049,Entity_9049,Engineering,2023,99.09
9050,Entity_9050,Mathematics,2016,77.54
9051,Entity_9051,Biology,2012,4.63
9052,Entity_9052,ComputerScience,2017,11.07
9053,Entity_9053,Biology,2013,7.05
9054,Entity_9054,Economics,2017,13.13
9055,Entity_9055,Biology,2022,27.09
9056,Entity_9056,Engineering,2017,53.62
9057,Entity_9057,Engineering,2022,23.76
9058,Entity_9058,Engineering,2021,7.06
9059,Entity_9059,ComputerScience,2017,32.49
9060,Entity_9060,Physics,2018,2.58
9061,Entity_9061,Physics,2024,44.79
9062,Entity_9062,ComputerScience,2023,30.87
9063,Entity_9063,Mathematics,2021,46.44
9064,Entity_9064,Physics,2016,5.93
9065,Entity_9065,Economics,2012,33.9
9066,Entity_9066,Biology,2020,53.28
9067,Entity_9067,Physics,2024,45.64
9068,Entity_9068,Economics,2018,83.56
9069,Entity_9069,ComputerScience,2017,42.25
9070,Entity_9070,Mathematics,2012,2.02
9071,Entity_9071,Engineering,2024,38.35
9072,Entity_9072,Physics,2012,48.35
9073,Entity_9073,ComputerScience,2023,83.65
9074,Entity_9074,Physics,2015,21.62
9075,Entity_9075,Economics,2024,40.69
9076,Entity_9076,Biology,2021,14.7
9077,Entity_9077,Economics,2012,22.57
9078,Entity_9078,Economics,2016,72.48
9079,Entity_9079,Biology,2019,6.16
9080,Entity_9080,Engineering,2021,3.99
9081,Entity_9081,Mathematics,2018,91.93
9082,Entity_9082,Economics,2016,59.54
9083,Entity_9083,Physics,2012,6.7
9084,Entity_9084,Mathematics,2022,37.68
9085,Entity_9085,Physics,2014,1.6
9086,Entity_9086,ComputerScience,2020,52.96
9087,Entity_9087,Economics,2022,15.33
9088,Entity_9088,Physics,2019,42.39
9089,Entity_9089,ComputerScience,2024,33.41
9090,Entity_9090,Biology,2016,95.2
9091,Entity_9091,ComputerScience,2015,19.99
9092,Entity_9092,Engineering,2021,32.85
9093,Entity_9093,Biology,2010,73.94
9094,Entity_9094,Economics,2019,88.3
9095,Entity_9095,Biology,2021,34.56
9096,Entity_9096,Mathematics,2012,44.2
9097,Entity_9097,ComputerScience,2019,70.74
9098,Entity_9098,ComputerScience,2013,83.29
9099,Entity_9099,Economics,2014,15.57
9100,Entity_9100,Physics,2017,21.8
9101,Entity_9101,Biology,2021,83.89
9102,Entity_9102,Biology,2021,21.42
9103,Entity_9103,ComputerScience,2021,18.43
9104,Entity_9104,Engineering,2012,48.73
9105,Entity_9105,ComputerScience,2022,8.43
9106,Entity_9106,Biology,2023,37.73
9107,Entity_9107,Biology,2016,61.07
9108,Entity_9108,Biology,2011,42.87
9109,Entity_9109,ComputerScience,2022,30.16
9110,Entity_9110,Economics,2024,54.78
9111,Entity_9111,ComputerScience,2014,27.55
9112,Entity_9112,Economics,2016,58.14
9113,Entity_9113,Physics,2010,38.1
9114,Entity_9114,ComputerScience,2023,43.06
9115,Entity_9115,Economics,2010,21.53
9116,Entity_9116,Physics,2012,3.93
9117,Entity_9117,Physics,2021,41.91
9118,Entity_9118,Economics,2022,55.41
9119,Entity_9119,ComputerScience,2024,27.35
9120,Entity_9120,Engineering,2016,27.6
9121,Entity_9121,ComputerScience,2010,42.81
9122,Entity_9122,ComputerScience,2023,8.07
9123,Entity_9123,Biology,2024,88.82
9124,Entity_9124,ComputerScience,2024,22.39
9125,Entity_9125,ComputerScience,2016,92.46
9126,Entity_9126,Biology,2024,78.07
9127,Entity_9127,Mathematics,2020,2.07
9128,Entity_9128,ComputerScience,2014,58.75
9129,Entity_9129,Physics,2012,41.91
9130,Entity_9130,Biology,2012,26.13
9131,Entity_9131,Mathematics,2016,58.18
9132,Entity_9132,ComputerScience,2023,81.03
9133,Entity_9133,Physics,2019,28.59
9134,Entity_9134,Biology,2016,97.91
9135,Entity_9135,Economics,2010,54.45
9136,Entity_9136,Economics,2010,74.4
9137,Entity_9137,Mathematics,2014,7.03
9138,Entity_9138,Mathematics,2019,73.12
9139,Entity_9139,Economics,2015,11.76
9140,Entity_9140,Economics,2013,74.08
9141,Entity_9141,Physics,2012,46.74
9142,Entity_9142,Physics,2022,49.83
9143,Entity_9143,Economics,2023,9.61
9144,Entity_9144,Economics,2011,82.4
9145,Entity_9145,Physics,2015,65.57
9146,Entity_9146,Mathematics,2022,56.76
9147,Entity_9147,Biology,2010,13.42
9148,Entity_9148,Biology,2021,42.56
9149,Entity_9149,Biology,2020,33.78
9150,Entity_9150,Physics,2017,86.44
9151,Entity_9151,Economics,2020,31.07
9152,Entity_9152,Physics,2019,49.44
9153,Entity_9153,Economics,2021,63.03
9154,Entity_9154,Mathematics,2010,45.81
9155,Entity_9155,ComputerScience,2018,86.06
9156,Entity_9156,Biology,2014,81.79
9157,Entity_9157,Biology,2021,50.02
9158,Entity_9158,Mathematics,2022,41.87
9159,Entity_9159,ComputerScience,2012,5.41
9160,Entity_9160,ComputerScience,2020,71.77
9161,Entity_9161,ComputerScience,2019,96.02
9162,Entity_9162,Physics,2019,5.6
9163,Entity_9163,Physics,2022,8.7
9164,Entity_9164,Mathematics,2022,82.7
9165,Entity_9165,Mathematics,2024,81.57
9166,Entity_9166,Economics,2010,28.67
9167,Entity_9167,Economics,2019,91.47
9168,Entity_9168,Economics,2013,18.16
9169,Entity_9169,Physics,2015,95.75
9170,Entity_9170,Physics,2013,18.16
9171,Entity_9171,Physics,2013,36.39
9172,Entity_9172,ComputerScience,2012,81.15
9173,Entity_9173,Engineering,2022,33.81
9174,Entity_9174,ComputerScience,2011,62.2
9175,Entity_9175,Engineering,2013,98.94
9176,Entity_9176,Mathematics,2015,79.83
9177,Entity_9177,Engineering,2024,4.31
9178,Entity_9178,Biology,2019,50.93
9179,Entity_9179,Economics,2022,56.47
9180,Entity_9180,Engineering,2022,21.61
9181,Entity_9181,Physics,2022,77.8
9182,Entity_9182,Physics,2024,17.06
9183,Entity_9183,Physics,2016,91.99
9184,Entity_9184,Economics,2016,14.09
9185,Entity_9185,Economics,2010,35.34
9186,Entity_9186,Engineering,2021,54.3
9187,Entity_9187,Engineering,2013,13.12
9188,Entity_9188,Mathematics,2022,27.75
9189,Entity_9189,Physics,2024,58.4
9190,Entity_9190,Biology,2022,34.0
9191,Entity_9191,Economics,2016,31.99
9192,Entity_9192,Economics,2019,61.86
9193,Entity_9193,ComputerScience,2011,15.12
9194,Entity_9194,Biology,2016,20.61
9195,Entity_9195,Biology,2017,31.59
9196,Entity_9196,Mathematics,2014,16.85
9197,Entity_9197,ComputerScience,2016,19.04
9198,Entity_9198,Mathematics,2020,10.2
9199,Entity_9199,Physics,2024,45.37
9200,Entity_9200,Economics,2022,10.68
9201,Entity_9201,Physics,2012,40.16
9202,Entity_9202,ComputerScience,2021,23.68
9203,Entity_9203,Biology,2015,23.98
9204,Entity_9204,Biology,2012,94.47
9205,Entity_9205,Mathematics,2017,32.53
9206,Entity_9206,Engineering,2023,51.36
9207,Entity_9207,Biology,2014,38.93
9208,Entity_9208,Physics,2021,3.52
9209,Entity_9209,Economics,2016,12.93
9210,Entity_9210,Physics,2010,1.45
9211,Entity_9211,Economics,2012,66.32
9212,Entity_9212,Economics,2024,27.59
9213,Entity_9213,Physics,2014,7.05
9214,Entity_9214,Physics,2021,11.48
9215,Entity_9215,Mathematics,2021,23.8
9216,Entity_9216,Mathematics,2015,1.98
9217,Entity_9217,ComputerScience,2014,21.78
9218,Entity_9218,Physics,2011,58.61
9219,Entity_9219,ComputerScience,2014,24.54
9220,Entity_9220,ComputerScience,2018,85.28
9221,Entity_9221,Biology,2024,59.54
9222,Entity_9222,Engineering,2012,26.83
9223,Entity_9223,Economics,2012,38.06
9224,Entity_9224,Engineering,2014,86.14
9225,Entity_9225,Physics,2011,50.67
9226,Entity_9226,Physics,2021,82.05
9227,Entity_9227,Engineering,2022,67.87
9228,Entity_9228,Engineering,2024,54.43
9229,Entity_9229,ComputerScience,2019,18.85
9230,Entity_9230,ComputerScience,2014,77.39
9231,Entity_9231,Biology,2017,5.1
9232,Entity_9232,Biology,2020,38.84
9233,Entity_9233,Economics,2013,96.2
9234,Entity_9234,Physics,2022,17.85
9235,Entity_9235,Economics,2018,43.57
9236,Entity_9236,ComputerScience,2015,87.39
9237,Entity_9237,ComputerScience,2012,34.69
9238,Entity_9238,Engineering,2018,66.89
9239,Entity_9239,Biology,2014,6.68
9240,Entity_9240,Economics,2015,64.02
9241,Entity_9241,Mathematics,2021,53.2
9242,Entity_9242,Physics,2023,74.14
9243,Entity_9243,Physics,2022,32.74
9244,Entity_9244,Biology,2021,79.58
9245,Entity_9245,Physics,2016,79.07
9246,Entity_9246,ComputerScience,2021,51.28
9247,Entity_9247,Biology,2017,13.41
9248,Entity_9248,Economics,2022,17.66
9249,Entity_9249,Mathematics,2024,22.45
9250,Entity_9250,Engineering,2023,32.57
9251,Entity_9251,Mathematics,2011,78.79
9252,Entity_9252,Biology,2012,55.99
9253,Entity_9253,Physics,2012,87.09
9254,Entity_9254,ComputerScience,2022,11.52
9255,Entity_9255,Physics,2015,73.2
9256,Entity_9256,Engineering,2024,63.93
9257,Entity_9257,Physics,2022,88.41
9258,Entity_9258,Mathematics,2017,18.04
9259,Entity_9259,Biology,2013,59.31
9260,Entity_9260,Mathematics,2024,18.85
9261,Entity_9261,ComputerScience,2011,85.26
9262,Entity_9262,Physics,2022,17.09
9263,Entity_9263,Mathematics,2011,29.46
9264,Entity_9264,Economics,2012,59.81
9265,Entity_9265,ComputerScience,2019,70.51
9266,Entity_9266,Biology,2016,17.85
9267,Entity_9267,Engineering,2017,4.94
9268,Entity_9268,Biology,2016,1.02
9269,Entity_9269,Mathematics,2023,84.08
9270,Entity_9270,Economics,2015,43.6
9271,Entity_9271,Physics,2011,48.24
9272,Entity_9272,Mathematics,2020,4.89
9273,Entity_9273,Engineering,2013,61.84
9274,Entity_9274,ComputerScience,2021,76.27
9275,Entity_9275,Economics,2013,25.32
9276,Entity_9276,Physics,2018,62.3
9277,Entity_9277,Physics,2012,30.49
9278,Entity_9278,Biology,2011,9.6
9279,Entity_9279,Economics,2013,38.85
9280,Entity_9280,ComputerScience,2021,5.63
9281,Entity_9281,ComputerScience,2024,53.36
9282,Entity_9282,Biology,2017,66.25
9283,Entity_9283,Mathematics,2016,28.82
9284,Entity_9284,ComputerScience,2024,68.82
9285,Entity_9285,Biology,2023,84.21
9286,Entity_9286,Biology,2016,87.16
9287,Entity_9287,Biology,2014,22.62
9288,Entity_9288,Economics,2021,94.0
9289,Entity_9289,ComputerScience,2010,57.67
9290,Entity_9290,Physics,2017,18.17
9291,Entity_9291,Mathematics,2016,9.92
9292,Entity_9292,Biology,2020,15.51
9293,Entity_9293,Physics,2020,12.02
9294,Entity_9294,Physics,2022,41.63
9295,Entity_9295,ComputerScience,2020,93.75
9296,Entity_9296,Economics,2014,29.03
9297,Entity_9297,ComputerScience,2016,30.67
9298,Entity_9298,Physics,2021,10.82
9299,Entity_9299,Mathematics,2014,90.09
9300,Entity_9300,Mathematics,2011,91.62
9301,Entity_9301,Physics,2017,18.69
9302,Entity_9302,Biology,2020,89.58
9303,Entity_9303,Economics,2015,48.18
9304,Entity_9304,Biology,2024,91.94
9305,Entity_9305,ComputerScience,2016,86.01
9306,Entity_9306,Physics,2022,25.85
9307,Entity_9307,Mathematics,2012,62.74
9308,Entity_9308,ComputerScience,2023,28.47
9309,Entity_9309,Biology,2022,7.88
9310,Entity_9310,Mathematics,2023,34.68
9311,Entity_9311,Economics,2018,44.7
9312,Entity_9312,ComputerScience,2023,84.78
9313,Entity_9313,Economics,2019,56.9
9314,Entity_9314,Physics,2014,70.04
9315,Entity_9315,ComputerScience,2024,17.7
9316,Entity_9316,Economics,2013,45.08
9317,Entity_9317,Mathematics,2022,27.46
9318,Entity_9318,Biology,2012,22.68
9319,Entity_9319,Mathematics,2016,78.31
9320,Entity_9320,Physics,2018,82.57
9321,Entity_9321,Economics,2014,45.41
9322,Entity_9322,ComputerScience,2012,36.53
9323,Entity_9323,Mathematics,2022,54.07
9324,Entity_9324,Engineering,2013,38.47
9325,Entity_9325,Physics,2016,56.38
9326,Entity_9326,ComputerScience,2014,69.13
9327,Entity_9327,Physics,2013,52.06
9328,Entity_9328,Engineering,2021,27.36
9329,Entity_9329,Engineering,2010,97.95
9330,Entity_9330,ComputerScience,2019,34.55
9331,Entity_9331,Economics,2023,34.38
9332,Entity_9332,Mathematics,2017,74.45
9333,Entity_9333,Mathematics,2012,10.05
9334,Entity_9334,Engineering,2014,24.21
9335,Entity_9335,Economics,2019,2.58
9336,Entity_9336,ComputerScience,2019,78.32
9337,Entity_9337,Biology,2018,8.69
9338,Entity_9338,Engineering,2016,5.94
9339,Entity_9339,Biology,2023,65.11
9340,Entity_9340,Biology,2021,10.29
9341,Entity_9341,Physics,2017,51.01
9342,Entity_9342,Economics,2014,28.3
9343,Entity_9343,Biology,2010,40.22
9344,Entity_9344,Biology,2011,54.68
9345,Entity_9345,Biology,2023,65.53
9346,Entity_9346,Mathematics,2024,42.15
9347,Entity_9347,Biology,2023,47.27
9348,Entity_9348,Engineering,2024,39.38
9349,Entity_9349,Physics,2016,55.79
9350,Entity_9350,ComputerScience,2015,66.25
9351,Entity_9351,Engineering,2011,52.43
9352,Entity_9352,Economics,2021,61.28
9353,Entity_9353,ComputerScience,2010,15.77
9354,Entity_9354,Biology,2024,69.88
9355,Entity_9355,Economics,2023,11.89
9356,Entity_9356,Economics,2014,34.12
9357,Entity_9357,Engineering,2017,65.33
9358,Entity_9358,Economics,2016,3.02
9359,Entity_9359,Physics,2015,41.78
9360,Entity_9360,Biology,2010,34.41
9361,Entity_9361,ComputerScience,2013,70.88
9362,Entity_9362,Biology,2014,91.57
9363,Entity_9363,Economics,2018,25.32
9364,Entity_9364,ComputerScience,2016,48.82
9365,Entity_9365,Biology,2020,21.89
9366,Entity_9366,Biology,2017,70.38
9367,Entity_9367,ComputerScience,2018,93.37
9368,Entity_9368,Physics,2021,19.16
9369,Entity_9369,Biology,2024,85.9
9370,Entity_9370,Economics,2020,28.84
9371,Entity_9371,ComputerScience,2019,2.6
9372,Entity_9372,Economics,2017,51.3
9373,Entity_9373,Economics,2016,33.58
9374,Entity_9374,Economics,2022,33.62
9375,Entity_9375,Economics,2022,82.82
9376,Entity_9376,Biology,2017,75.39
9377,Entity_9377,Economics,2016,21.23
9378,Entity_9378,Engineering,2023,17.75
9379,Entity_9379,Economics,2021,62.17
9380,Entity_9380,Economics,2022,48.68
9381,Entity_9381,Biology,2010,74.45
9382,Entity_9382,Mathematics,2022,99.43
9383,Entity_9383,Mathematics,2023,3.17
9384,Entity_9384,Engineering,2020,30.97
9385,Entity_9385,Physics,2012,83.02
9386,Entity_9386,Engineering,2017,6.81
9387,Entity_9387,Engineering,2023,56.54
9388,Entity_9388,Engineering,2022,8.7
9389,Entity_9389,Biology,2020,72.61
9390,Entity_9390,ComputerScience,2016,39.68
9391,Entity_9391,Physics,2023,7.06
9392,Entity_9392,ComputerScience,2016,76.54
9393,Entity_9393,Economics,2024,96.25
9394,Entity_9394,ComputerScience,2017,19.97
9395,Entity_9395,Economics,2019,18.55
9396,Entity_9396,Economics,2023,61.96
9397,Entity_9397,Engineering,2019,81.82
9398,Entity_9398,Physics,2017,12.88
9399,Entity_9399,Physics,2016,70.54
9400,Entity_9400,Physics,2022,80.62
9401,Entity_9401,Biology,2011,46.3
9402,Entity_9402,ComputerScience,2018,42.87
9403,Entity_9403,Mathematics,2019,26.98
9404,Entity_9404,Biology,2019,29.9
9405,Entity_9405,ComputerScience,2013,72.08
9406,Entity_9406,Economics,2018,69.01
9407,Entity_9407,Engineering,2013,97.28
9408,Entity_9408,ComputerScience,2020,77.34
9409,Entity_9409,Mathematics,2014,69.02
9410,Entity_9410,Engineering,2019,69.54
9411,Entity_9411,ComputerScience,2014,36.52
9412,Entity_9412,Economics,2019,97.86
9413,Entity_9413,Biology,2010,99.39
9414,Entity_9414,Economics,2012,7.29
9415,Entity_9415,Mathematics,2023,54.32
9416,Entity_9416,Physics,2010,37.42
9417,Entity_9417,Economics,2018,17.08
9418,Entity_9418,Mathematics,2013,56.58
9419,Entity_9419,Economics,2021,77.8
9420,Entity_9420,Engineering,2022,25.29
9421,Entity_9421,ComputerScience,2021,15.52
9422,Entity_9422,Engineering,2020,82.38
9423,Entity_9423,ComputerScience,2017,72.74
9424,Entity_9424,ComputerScience,2016,47.68
9425,Entity_9425,ComputerScience,2016,63.77
9426,Entity_9426,Engineering,2014,66.67
9427,Entity_9427,Engineering,2011,35.03
9428,Entity_9428,Engineering,2018,58.41
9429,Entity_9429,ComputerScience,2011,38.58
9430,Entity_9430,Mathematics,2024,77.47
9431,Entity_9431,Engineering,2020,15.05
9432,Entity_9432,Engineering,2018,10.22
9433,Entity_9433,ComputerScience,2013,94.01
9434,Entity_9434,ComputerScience,2011,48.12
9435,Entity_9435,Economics,2012,41.81
9436,Entity_9436,Mathematics,2010,45.18
9437,Entity_9437,ComputerScience,2013,4.08
9438,Entity_9438,Engineering,2018,4.11
9439,Entity_9439,Engineering,2024,86.75
9440,Entity_9440,ComputerScience,2017,16.77
9441,Entity_9441,Physics,2018,17.39
9442,Entity_9442,Biology,2018,18.21
9443,Entity_9443,Mathematics,2023,30.62
9444,Entity_9444,Economics,2015,75.47
9445,Entity_9445,ComputerScience,2020,85.22
9446,Entity_9446,Biology,2012,52.12
9447,Entity_9447,Engineering,2019,96.63
9448,Entity_9448,Economics,2012,64.52
9449,Entity_9449,Biology,2020,28.29
9450,Entity_9450,ComputerScience,2016,54.44
9451,Entity_9451,Biology,2024,59.64
9452,Entity_9452,ComputerScience,2021,60.38
9453,Entity_9453,Biology,2023,11.91
9454,Entity_9454,Biology,2016,39.8
9455,Entity_9455,ComputerScience,2018,4.28
9456,Entity_9456,Physics,2023,2.66
9457,Entity_9457,Economics,2011,46.17
9458,Entity_9458,Engineering,2022,80.64
9459,Entity_9459,Biology,2013,67.58
9460,Entity_9460,Mathematics,2014,27.66
9461,Entity_9461,Mathematics,2022,59.89
9462,Entity_9462,Engineering,2020,19.2
9463,Entity_9463,Mathematics,2015,99.83
9464,Entity_9464,Engineering,2023,87.63
9465,Entity_9465,ComputerScience,2011,18.69
9466,Entity_9466,Engineering,2021,30.23
9467,Entity_9467,Engineering,2024,66.12
9468,Entity_9468,Mathematics,2012,66.11
9469,Entity_9469,Mathematics,2013,41.37
9470,Entity_9470,ComputerScience,2019,9.91
9471,Entity_9471,Physics,2013,46.39
9472,Entity_9472,Physics,2010,19.08
9473,Entity_9473,Mathematics,2019,45.68
9474,Entity_9474,Engineering,2010,25.74
9475,Entity_9475,Biology,2020,76.34
9476,Entity_9476,ComputerScience,2012,91.91
9477,Entity_9477,Mathematics,2013,38.17
9478,Entity_9478,Physics,2023,76.72
9479,Entity_9479,Engineering,2014,5.16
9480,Entity_9480,Mathematics,2013,70.14
9481,Entity_9481,Biology,2014,50.62
9482,Entity_9482,ComputerScience,2021,53.75
9483,Entity_9483,Biology,2022,37.35
9484,Entity_9484,Mathematics,2020,2.61
9485,Entity_9485,Physics,2023,40.61
9486,Entity_9486,Engineering,2014,84.2
9487,Entity_9487,Economics,2018,15.54
9488,Entity_9488,Mathematics,2023,71.97
9489,Entity_9489,Biology,2017,25.63
9490,Entity_9490,Mathematics,2014,93.97
9491,Entity_9491,Biology,2016,16.07
9492,Entity_9492,Physics,2012,23.85
9493,Entity_9493,ComputerScience,2016,40.92
9494,Entity_9494,Biology,2019,77.77
9495,Entity_9495,Economics,2016,29.09
9496,Entity_9496,ComputerScience,2012,37.91
9497,Entity_9497,Mathematics,2019,81.84
9498,Entity_9498,Engineering,2024,18.24
9499,Entity_9499,Engineering,2010,95.18
9500,Entity_9500,Physics,2019,52.92
9501,Entity_9501,Physics,2012,96.16
9502,Entity_9502,Economics,2019,13.75
9503,Entity_9503,Biology,2016,40.42
9504,Entity_9504,Biology,2024,57.35
9505,Entity_9505,Biology,2012,19.73
9506,Entity_9506,Mathematics,2016,61.42
9507,Entity_9507,Economics,2024,89.08
9508,Entity_9508,Economics,2020,82.29
9509,Entity_9509,Economics,2024,73.99
9510,Entity_9510,Engineering,2018,25.55
9511,Entity_9511,Mathematics,2022,55.73
9512,Entity_9512,Biology,2023,97.28
9513,Entity_9513,Economics,2018,46.94
9514,Entity_9514,Biology,2017,61.48
9515,Entity_9515,Mathematics,2024,78.32
9516,Entity_9516,ComputerScience,2014,13.02
9517,Entity_9517,Mathematics,2018,18.09
9518,Entity_9518,Economics,2023,80.94
9519,Entity_9519,Economics,2023,25.45
9520,Entity_9520,Mathematics,2013,60.71
9521,Entity_9521,Engineering,2013,97.63
9522,Entity_9522,Economics,2011,16.32
9523,Entity_9523,Physics,2016,1.97
9524,Entity_9524,ComputerScience,2024,7.58
9525,Entity_9525,Mathematics,2010,65.58
9526,Entity_9526,Engineering,2021,47.17
9527,Entity_9527,Biology,2012,84.17
9528,Entity_9528,Engineering,2021,94.45
9529,Entity_9529,Mathematics,2021,65.55
9530,Entity_9530,Physics,2023,4.34
9531,Entity_9531,Mathematics,2021,93.64
9532,Entity_9532,ComputerScience,2013,30.75
9533,Entity_9533,ComputerScience,2013,52.14
9534,Entity_9534,Economics,2017,32.82
9535,Entity_9535,Engineering,2023,54.81
9536,Entity_9536,Physics,2010,59.55
9537,Entity_9537,Economics,2016,64.8
9538,Entity_9538,Engineering,2016,30.42
9539,Entity_9539,Engineering,2022,67.05
9540,Entity_9540,Engineering,2012,30.39
9541,Entity_9541,ComputerScience,2015,62.49
9542,Entity_9542,Engineering,2020,15.98
9543,Entity_9543,Economics,2012,24.12
9544,Entity_9544,Physics,2010,57.45
9545,Entity_9545,Biology,2016,43.38
9546,Entity_9546,ComputerScience,2019,94.38
9547,Entity_9547,Economics,2024,62.42
9548,Entity_9548,Physics,2024,93.83
9549,Entity_9549,Economics,2024,97.31
9550,Entity_9550,ComputerScience,2020,98.79
9551,Entity_9551,Mathematics,2016,53.86
9552,Entity_9552,ComputerScience,2011,47.91
9553,Entity_9553,Mathematics,2013,63.17
9554,Entity_9554,ComputerScience,2017,61.95
9555,Entity_9555,Biology,2011,93.71
9556,Entity_9556,Biology,2019,33.99
9557,Entity_9557,Biology,2012,76.01
9558,Entity_9558,Engineering,2024,73.52
9559,Entity_9559,Mathematics,2023,84.82
9560,Entity_9560,Mathematics,2013,79.74
9561,Entity_9561,Mathematics,2017,26.51
9562,Entity_9562,Engineering,2012,32.48
9563,Entity_9563,ComputerScience,2020,20.22
9564,Entity_9564,Engineering,2019,32.26
9565,Entity_9565,Biology,2011,2.26
9566,Entity_9566,Biology,2017,50.09
9567,Entity_9567,Engineering,2012,8.25
9568,Entity_9568,Mathematics,2010,23.35
9569,Entity_9569,ComputerScience,2022,57.98
9570,Entity_9570,Engineering,2012,96.63
9571,Entity_9571,Physics,2021,34.02
9572,Entity_9572,Economics,2021,83.75
9573,Entity_9573,Economics,2021,8.03
9574,Entity_9574,Physics,2018,48.94
9575,Entity_9575,Physics,2017,4.99
9576,Entity_9576,Mathematics,2021,19.2
9577,Entity_9577,Mathematics,2023,99.63
9578,Entity_9578,Mathematics,2023,45.41
9579,Entity_9579,Economics,2019,1.01
9580,Entity_9580,Mathematics,2017,43.69
9581,Entity_9581,Biology,2021,95.92
9582,Entity_9582,Biology,2023,13.74
9583,Entity_9583,Physics,2015,98.66
9584,Entity_9584,ComputerScience,2021,83.86
9585,Entity_9585,Biology,2015,8.55
9586,Entity_9586,Economics,2011,78.86
9587,Entity_9587,Engineering,2010,97.77
9588,Entity_9588,Engineering,2018,85.48
9589,Entity_9589,Mathematics,2011,48.85
9590,Entity_9590,Physics,2020,17.48
9591,Entity_9591,Economics,2019,35.36
9592,Entity_9592,Mathematics,2015,38.97
9593,Entity_9593,Mathematics,2010,60.9
9594,Entity_9594,ComputerScience,2018,79.68
9595,Entity_9595,Economics,2010,35.09
9596,Entity_9596,Economics,2021,8.83
9597,Entity_9597,Engineering,2022,10.45
9598,Entity_9598,Biology,2014,27.85
9599,Entity_9599,Economics,2016,67.24
9600,Entity_9600,Physics,2019,66.97
9601,Entity_9601,Biology,2010,65.01
9602,Entity_9602,Biology,2010,6.01
9603,Entity_9603,ComputerScience,2019,25.34
9604,Entity_9604,ComputerScience,2021,31.84
9605,Entity_9605,Mathematics,2011,54.42
9606,Entity_9606,ComputerScience,2022,25.62
9607,Entity_9607,Engineering,2018,15.81
9608,Entity_9608,ComputerScience,2022,54.42
9609,Entity_9609,Engineering,2013,59.27
9610,Entity_9610,Biology,2022,16.87
9611,Entity_9611,Engineering,2021,4.95
9612,Entity_9612,Economics,2015,91.62
9613,Entity_9613,Economics,2018,40.53
9614,Entity_9614,Mathematics,2020,97.24
9615,Entity_9615,Engineering,2010,66.35
9616,Entity_9616,Economics,2018,2.23
9617,Entity_9617,Biology,2015,16.59
9618,Entity_9618,Engineering,2015,9.96
9619,Entity_9619,Biology,2014,69.51
9620,Entity_9620,Engineering,2019,21.46
9621,Entity_9621,Physics,2021,24.44
9622,Entity_9622,Engineering,2016,14.08
9623,Entity_9623,ComputerScience,2024,19.8
9624,Entity_9624,Biology,2014,27.1
9625,Entity_9625,ComputerScience,2018,90.88
9626,Entity_9626,ComputerScience,2022,77.09
9627,Entity_9627,Biology,2017,5.21
9628,Entity_9628,Engineering,2019,56.28
9629,Entity_9629,ComputerScience,2019,17.65
9630,Entity_9630,Engineering,2021,12.63
9631,Entity_9631,Engineering,2019,10.17
9632,Entity_9632,Engineering,2023,69.58
9633,Entity_9633,Mathematics,2023,23.01
9634,Entity_9634,ComputerScience,2013,68.39
9635,Entity_9635,Physics,2022,39.59
9636,Entity_9636,ComputerScience,2011,34.19
9637,Entity_9637,Mathematics,2018,34.51
9638,Entity_9638,ComputerScience,2015,17.14
9639,Entity_9639,Biology,2013,19.46
9640,Entity_9640,ComputerScience,2011,59.81
9641,Entity_9641,Biology,2010,30.23
9642,Entity_9642,Biology,2022,68.69
9643,Entity_9643,Physics,2012,2.79
9644,Entity_9644,Physics,2019,90.59
9645,Entity_9645,Engineering,2010,48.13
9646,Entity_9646,Mathematics,2015,71.41
9647,Entity_9647,Mathematics,2017,72.91
9648,Entity_9648,ComputerScience,2023,53.65
9649,Entity_9649,Engineering,2022,14.62
9650,Entity_9650,Engineering,2024,20.47
9651,Entity_9651,Biology,2022,7.29
9652,Entity_9652,Biology,2021,8.27
9653,Entity_9653,Economics,2019,34.56
9654,Entity_9654,Physics,2019,27.96
9655,Entity_9655,Biology,2022,39.36
9656,Entity_9656,Biology,2012,87.41
9657,Entity_9657,Physics,2013,33.34
9658,Entity_9658,Economics,2016,92.36
9659,Entity_9659,Mathematics,2013,97.65
9660,Entity_9660,Physics,2021,39.05
9661,Entity_9661,Engineering,2018,30.82
9662,Entity_9662,Physics,2015,49.13
9663,Entity_9663,Economics,2024,45.39
9664,Entity_9664,Physics,2024,39.44
9665,Entity_9665,Biology,2010,33.73
9666,Entity_9666,ComputerScience,2016,24.41
9667,Entity_9667,Biology,2016,24.63
9668,Entity_9668,ComputerScience,2015,5.36
9669,Entity_9669,Engineering,2018,88.82
9670,Entity_9670,ComputerScience,2020,63.7
9671,Entity_9671,Mathematics,2023,1.79
9672,Entity_9672,Economics,2019,12.95
9673,Entity_9673,Physics,2019,5.34
9674,Entity_9674,ComputerScience,2012,6.81
9675,Entity_9675,Engineering,2013,64.27
9676,Entity_9676,Physics,2015,14.39
9677,Entity_9677,Economics,2014,34.56
9678,Entity_9678,Engineering,2013,76.97
9679,Entity_9679,Biology,2022,37.73
9680,Entity_9680,Biology,2021,60.15
9681,Entity_9681,Physics,2023,12.1
9682,Entity_9682,Engineering,2023,19.48
9683,Entity_9683,Biology,2010,5.9
9684,Entity_9684,Engineering,2018,43.61
9685,Entity_9685,Physics,2023,96.73
9686,Entity_9686,Mathematics,2024,81.66
9687,Entity_9687,Biology,2024,30.23
9688,Entity_9688,Mathematics,2014,81.32
9689,Entity_9689,Engineering,2019,95.23
9690,Entity_9690,ComputerScience,2015,29.3
9691,Entity_9691,Economics,2019,28.87
9692,Entity_9692,Mathematics,2024,33.61
9693,Entity_9693,Economics,2011,13.31
9694,Entity_9694,ComputerScience,2020,56.54
9695,Entity_9695,Engineering,2018,59.93
9696,Entity_9696,Mathematics,2020,35.69
9697,Entity_9697,Physics,2014,88.75
9698,Entity_9698,Mathematics,2022,33.69
9699,Entity_9699,Biology,2012,86.83
9700,Entity_9700,Economics,2022,68.9
9701,Entity_9701,Physics,2011,49.84
9702,Entity_9702,Biology,2010,32.17
9703,Entity_9703,Biology,2016,2.2
9704,Entity_9704,Biology,2011,81.28
9705,Entity_9705,Physics,2014,54.63
9706,Entity_9706,ComputerScience,2017,2.04
9707,Entity_9707,Biology,2023,64.39
9708,Entity_9708,Biology,2024,92.23
9709,Entity_9709,ComputerScience,2012,20.48
9710,Entity_9710,ComputerScience,2015,50.89
9711,Entity_9711,ComputerScience,2011,38.07
9712,Entity_9712,Physics,2020,1.43
9713,Entity_9713,Biology,2013,68.26
9714,Entity_9714,Engineering,2011,42.89
9715,Entity_9715,ComputerScience,2015,42.9
9716,Entity_9716,Mathematics,2018,44.56
9717,Entity_9717,ComputerScience,2015,13.77
9718,Entity_9718,Mathematics,2014,8.43
9719,Entity_9719,Physics,2019,33.31
9720,Entity_9720,Biology,2019,27.27
9721,Entity_9721,Engineering,2016,96.89
9722,Entity_9722,Engineering,2021,37.17
9723,Entity_9723,ComputerScience,2020,81.35
9724,Entity_9724,Engineering,2024,47.29
9725,Entity_9725,ComputerScience,2015,72.55
9726,Entity_9726,ComputerScience,2019,93.42
9727,Entity_9727,ComputerScience,2022,64.66
9728,Entity_9728,Economics,2020,57.98
9729,Entity_9729,Biology,2016,96.48
9730,Entity_9730,Mathematics,2023,72.13
9731,Entity_9731,Economics,2013,43.54
9732,Entity_9732,Biology,2024,13.18
9733,Entity_9733,Physics,2013,88.23
9734,Entity_9734,Engineering,2019,49.99
9735,Entity_9735,Engineering,2020,56.4
9736,Entity_9736,Biology,2018,95.53
9737,Entity_9737,Mathematics,2020,47.4
9738,Entity_9738,Physics,2013,99.39
9739,Entity_9739,Engineering,2017,84.91
9740,Entity_9740,Engineering,2011,54.66
9741,Entity_9741,Physics,2023,1.59
9742,Entity_9742,Engineering,2011,56.8
9743,Entity_9743,Physics,2010,60.74
9744,Entity_9744,Biology,2017,24.95
9745,Entity_9745,Physics,2023,81.92
9746,Entity_9746,Engineering,2021,60.77
9747,Entity_9747,Biology,2013,78.83
9748,Entity_9748,Physics,2013,56.99
9749,Entity_9749,Biology,2014,26.65
9750,Entity_9750,Physics,2023,56.51
9751,Entity_9751,Physics,2015,24.77
9752,Entity_9752,Physics,2023,40.08
9753,Entity_9753,Biology,2016,62.11
9754,Entity_9754,Economics,2020,19.5
9755,Entity_9755,Physics,2017,47.87
9756,Entity_9756,Physics,2019,93.37
9757,Entity_9757,Physics,2013,72.37
9758,Entity_9758,Mathematics,2020,14.93
9759,Entity_9759,Physics,2013,68.92
9760,Entity_9760,ComputerScience,2019,10.3
9761,Entity_9761,Engineering,2010,7.46
9762,Entity_9762,Economics,2013,23.57
9763,Entity_9763,Physics,2018,28.61
9764,Entity_9764,Physics,2013,96.19
9765,Entity_9765,Biology,2020,7.99
9766,Entity_9766,Economics,2018,15.79
9767,Entity_9767,Economics,2010,80.17
9768,Entity_9768,Biology,2015,82.17
9769,Entity_9769,ComputerScience,2015,84.43
9770,Entity_9770,Engineering,2015,13.56
9771,Entity_9771,Biology,2010,91.57
9772,Entity_9772,Biology,2015,44.21
9773,Entity_9773,Engineering,2019,62.61
9774,Entity_9774,Physics,2018,95.98
9775,Entity_9775,ComputerScience,2010,1.37
9776,Entity_9776,Biology,2022,29.15
9777,Entity_9777,Physics,2013,67.67
9778,Entity_9778,Physics,2022,76.08
9779,Entity_9779,Engineering,2021,78.13
9780,Entity_9780,Physics,2017,45.49
9781,Entity_9781,Biology,2013,21.17
9782,Entity_9782,ComputerScience,2016,88.78
9783,Entity_9783,Economics,2021,96.05
9784,Entity_9784,Biology,2016,92.93
9785,Entity_9785,Engineering,2017,3.8
9786,Entity_9786,Biology,2010,21.53
9787,Entity_9787,Mathematics,2010,24.57
9788,Entity_9788,ComputerScience,2015,61.82
9789,Entity_9789,Physics,2019,50.84
9790,Entity_9790,Mathematics,2012,63.39
9791,Entity_9791,ComputerScience,2021,82.59
9792,Entity_9792,Engineering,2017,79.32
9793,Entity_9793,Mathematics,2021,6.31
9794,Entity_9794,Biology,2014,2.83
9795,Entity_9795,Engineering,2023,44.0
9796,Entity_9796,Mathematics,2018,17.53
9797,Entity_9797,Biology,2016,14.63
9798,Entity_9798,Economics,2024,1.24
9799,Entity_9799,Biology,2023,16.83
9800,Entity_9800,ComputerScience,2013,70.95
9801,Entity_9801,Physics,2022,51.33
9802,Entity_9802,Mathematics,2020,84.85
9803,Entity_9803,Biology,2024,95.56
9804,Entity_9804,Mathematics,2016,73.16
9805,Entity_9805,Mathematics,2019,45.33
9806,Entity_9806,Mathematics,2019,49.08
9807,Entity_9807,Economics,2013,11.34
9808,Entity_9808,Physics,2019,70.2
9809,Entity_9809,Economics,2020,48.96
9810,Entity_9810,Economics,2023,54.63
9811,Entity_9811,Mathematics,2023,99.73
9812,Entity_9812,ComputerScience,2014,60.28
9813,Entity_9813,Engineering,2018,43.3
9814,Entity_9814,Economics,2021,62.4
9815,Entity_9815,Mathematics,2023,32.04
9816,Entity_9816,Mathematics,2019,70.52
9817,Entity_9817,Engineering,2013,15.15
9818,Entity_9818,Biology,2022,87.37
9819,Entity_9819,Mathematics,2013,13.63
9820,Entity_9820,Engineering,2013,97.56
9821,Entity_9821,Mathematics,2024,38.72
9822,Entity_9822,Physics,2011,16.54
9823,Entity_9823,Economics,2019,70.68
9824,Entity_9824,Economics,2022,65.44
9825,Entity_9825,Engineering,2023,91.11
9826,Entity_9826,Mathematics,2019,29.54
9827,Entity_9827,Mathematics,2013,25.9
9828,Entity_9828,ComputerScience,2021,8.25
9829,Entity_9829,Engineering,2017,44.26
9830,Entity_9830,Engineering,2024,87.69
9831,Entity_9831,Physics,2024,20.12
9832,Entity_9832,Economics,2018,70.62
9833,Entity_9833,Mathematics,2017,30.72
9834,Entity_9834,Engineering,2012,34.76
9835,Entity_9835,Engineering,2017,74.91
9836,Entity_9836,Engineering,2017,7.36
9837,Entity_9837,Economics,2022,50.62
9838,Entity_9838,Physics,2024,96.55
9839,Entity_9839,Physics,2017,53.06
9840,Entity_9840,Economics,2020,48.82
9841,Entity_9841,Mathematics,2020,55.12
9842,Entity_9842,Mathematics,2011,39.41
9843,Entity_9843,ComputerScience,2016,70.06
9844,Entity_9844,Engineering,2013,70.09
9845,Entity_9845,Mathematics,2019,64.6
9846,Entity_9846,Biology,2014,47.29
9847,Entity_9847,Economics,2019,54.11
9848,Entity_9848,Mathematics,2016,3.43
9849,Entity_9849,Engineering,2015,52.02
9850,Entity_9850,Engineering,2017,62.73
9851,Entity_9851,Economics,2022,79.88
9852,Entity_9852,Physics,2024,68.15
9853,Entity_9853,Physics,2010,85.78
9854,Entity_9854,Biology,2012,20.93
9855,Entity_9855,ComputerScience,2010,84.1
9856,Entity_9856,ComputerScience,2019,88.13
9857,Entity_9857,Biology,2011,39.03
9858,Entity_9858,Physics,2010,10.8
9859,Entity_9859,Mathematics,2015,90.19
9860,Entity_9860,Engineering,2017,68.75
9861,Entity_9861,Biology,2014,33.72
9862,Entity_9862,Engineering,2024,52.75
9863,Entity_9863,Biology,2015,33.45
9864,Entity_9864,Mathematics,2024,49.86
9865,Entity_9865,ComputerScience,2012,26.22
9866,Entity_9866,Biology,2014,1.57
9867,Entity_9867,ComputerScience,2016,52.85
9868,Entity_9868,Mathematics,2018,78.9
9869,Entity_9869,Biology,2022,53.56
9870,Entity_9870,Physics,2014,68.65
9871,Entity_9871,Mathematics,2011,42.06
9872,Entity_9872,Mathematics,2014,33.18
9873,Entity_9873,Physics,2012,89.29
9874,Entity_9874,Mathematics,2014,7.8
9875,Entity_9875,Economics,2019,61.55
9876,Entity_9876,Mathematics,2010,15.23
9877,Entity_9877,Physics,2013,53.4
9878,Entity_9878,Economics,2016,2.68
9879,Entity_9879,Physics,2023,32.51
9880,Entity_9880,Biology,2023,5.15
9881,Entity_9881,ComputerScience,2017,2.97
9882,Entity_9882,Physics,2016,20.2
9883,Entity_9883,Economics,2014,81.18
9884,Entity_9884,Mathematics,2012,91.71
9885,Entity_9885,Economics,2020,41.71
9886,Entity_9886,Physics,2010,79.93
9887,Entity_9887,Mathematics,2021,5.8
9888,Entity_9888,Economics,2021,53.93
9889,Entity_9889,ComputerScience,2019,77.91
9890,Entity_9890,Mathematics,2021,7.85
9891,Entity_9891,Mathematics,2020,58.26
9892,Entity_9892,Economics,2022,43.89
9893,Entity_9893,ComputerScience,2023,61.13
9894,Entity_9894,Economics,2017,86.93
9895,Entity_9895,Economics,2024,49.21
9896,Entity_9896,Mathematics,2015,99.01
9897,Entity_9897,Economics,2014,11.84
9898,Entity_9898,Mathematics,2016,61.33
9899,Entity_9899,Economics,2010,30.58
9900,Entity_9900,ComputerScience,2017,21.26
9901,Entity_9901,Biology,2022,69.44
9902,Entity_9902,Mathematics,2018,97.39
9903,Entity_9903,ComputerScience,2019,32.86
9904,Entity_9904,Engineering,2020,95.38
9905,Entity_9905,Economics,2014,68.01
9906,Entity_9906,Mathematics,2019,83.01
9907,Entity_9907,Economics,2010,14.9
9908,Entity_9908,Biology,2010,17.69
9909,Entity_9909,Economics,2014,27.76
9910,Entity_9910,Engineering,2023,81.07
9911,Entity_9911,ComputerScience,2022,24.09
9912,Entity_9912,ComputerScience,2015,91.22
9913,Entity_9913,Economics,2022,14.85
9914,Entity_9914,Economics,2014,61.44
9915,Entity_9915,ComputerScience,2017,19.93
9916,Entity_9916,Mathematics,2012,5.05
9917,Entity_9917,ComputerScience,2019,74.67
9918,Entity_9918,Engineering,2017,47.65
9919,Entity_9919,Economics,2016,46.57
9920,Entity_9920,Economics,2015,95.61
9921,Entity_9921,ComputerScience,2020,31.57
9922,Entity_9922,Economics,2024,43.11
9923,Entity_9923,Mathematics,2024,68.99
9924,Entity_9924,Engineering,2012,20.95
9925,Entity_9925,Economics,2018,75.71
9926,Entity_9926,Physics,2023,61.03
9927,Entity_9927,Engineering,2018,87.51
9928,Entity_9928,Engineering,2018,80.79
9929,Entity_9929,Mathematics,2011,57.48
9930,Entity_9930,Physics,2013,65.02
9931,Entity_9931,Physics,2012,97.14
9932,Entity_9932,Biology,2010,73.95
9933,Entity_9933,Mathematics,2021,55.31
9934,Entity_9934,Engineering,2019,75.92
9935,Entity_9935,Physics,2017,42.58
9936,Entity_9936,Biology,2014,92.88
9937,Entity_9937,Physics,2011,85.08
9938,Entity_9938,Biology,2013,70.28
9939,Entity_9939,Biology,2016,19.0
9940,Entity_9940,Economics,2013,66.06
9941,Entity_9941,Engineering,2024,68.46
9942,Entity_9942,Mathematics,2011,98.19
9943,Entity_9943,Economics,2024,89.46
9944,Entity_9944,ComputerScience,2017,54.55
9945,Entity_9945,Physics,2014,78.12
9946,Entity_9946,Biology,2023,36.82
9947,Entity_9947,Mathematics,2019,31.93
9948,Entity_9948,Economics,2018,59.78
9949,Entity_9949,ComputerScience,2024,42.62
9950,Entity_9950,Physics,2013,14.22
9951,Entity_9951,Engineering,2012,22.79
9952,Entity_9952,Biology,2011,45.58
9953,Entity_9953,Economics,2019,3.67
9954,Entity_9954,Physics,2024,17.96
9955,Entity_9955,Biology,2020,82.92
9956,Entity_9956,ComputerScience,2010,71.13
9957,Entity_9957,Biology,2015,82.57
9958,Entity_9958,Engineering,2018,63.14
9959,Entity_9959,Biology,2010,67.44
9960,Entity_9960,Economics,2014,81.18
9961,Entity_9961,Biology,2019,32.97
9962,Entity_9962,Mathematics,2011,63.08
9963,Entity_9963,Biology,2016,50.14
9964,Entity_9964,Mathematics,2013,59.74
9965,Entity_9965,ComputerScience,2023,87.97
9966,Entity_9966,Economics,2018,62.81
9967,Entity_9967,ComputerScience,2023,45.79
9968,Entity_9968,Physics,2017,51.9
9969,Entity_9969,Mathematics,2019,7.42
9970,Entity_9970,Biology,2019,6.75
9971,Entity_9971,Economics,2014,37.59
9972,Entity_9972,Economics,2022,71.51
9973,Entity_9973,Biology,2012,41.09
9974,Entity_9974,Economics,2013,51.05
9975,Entity_9975,Economics,2018,44.89
9976,Entity_9976,Physics,2018,3.26
9977,Entity_9977,Physics,2010,68.84
9978,Entity_9978,Biology,2011,15.94
9979,Entity_9979,Economics,2016,68.44
9980,Entity_9980,Physics,2011,93.63
9981,Entity_9981,Engineering,2019,3.76
9982,Entity_9982,Mathematics,2021,9.73
9983,Entity_9983,Economics,2011,16.31
9984,Entity_9984,Economics,2020,79.12
9985,Entity_9985,Economics,2020,39.31
9986,Entity_9986,Engineering,2022,76.48
9987,Entity_9987,Economics,2022,14.25
9988,Entity_9988,ComputerScience,2020,82.92
9989,Entity_9989,ComputerScience,2024,40.78
9990,Entity_9990,Engineering,2022,85.13
9991,Entity_9991,Economics,2010,87.43
9992,Entity_9992,ComputerScience,2017,59.03
9993,Entity_9993,Physics,2017,78.15
9994,Entity_9994,Economics,2018,15.25
9995,Entity_9995,Economics,2019,89.45
9996,Entity_9996,Physics,2014,90.62
9997,Entity_9997,Economics,2020,93.04
9998,Entity_9998,Biology,2020,31.08
9999,Entity_9999,Biology,2024,5.58
10000,Entity_10000,Engineering,2015,5.38
10001,Entity_10001,Biology,2015,46.56
10002,Entity_10002,Economics,2016,86.36
10003,Entity_10003,Engineering,2023,23.3
10004,Entity_10004,Physics,2015,36.08
10005,Entity_10005,Biology,2010,80.24
10006,Entity_10006,Biology,2013,74.23
10007,Entity_10007,Physics,2023,80.73
10008,Entity_10008,Physics,2011,32.97
10009,Entity_10009,Mathematics,2020,5.23
10010,Entity_10010,Mathematics,2017,67.94
10011,Entity_10011,ComputerScience,2015,13.57
10012,Entity_10012,ComputerScience,2018,48.37
10013,Entity_10013,Economics,2020,87.84
10014,Entity_10014,Physics,2018,28.11
10015,Entity_10015,Mathematics,2014,5.43
10016,Entity_10016,Mathematics,2018,54.2
10017,Entity_10017,ComputerScience,2011,31.82
10018,Entity_10018,Mathematics,2024,48.86
10019,Entity_10019,ComputerScience,2020,92.05
10020,Entity_10020,ComputerScience,2022,16.09
10021,Entity_10021,Physics,2020,79.53
10022,Entity_10022,ComputerScience,2013,40.66
10023,Entity_10023,Biology,2011,33.11
10024,Entity_10024,Biology,2023,93.5
10025,Entity_10025,Economics,2019,8.39
10026,Entity_10026,ComputerScience,2019,64.25
10027,Entity_10027,Biology,2019,45.19
10028,Entity_10028,ComputerScience,2023,88.37
10029,Entity_10029,Physics,2020,97.38
10030,Entity_10030,Engineering,2014,36.36
10031,Entity_10031,Economics,2014,27.08
10032,Entity_10032,Biology,2019,81.21
10033,Entity_10033,ComputerScience,2024,76.37
10034,Entity_10034,Physics,2023,77.44
10035,Entity_10035,Engineering,2023,43.3
10036,Entity_10036,Mathematics,2023,3.14
10037,Entity_10037,Biology,2013,93.83
10038,Entity_10038,Economics,2015,48.5
10039,Entity_10039,Biology,2018,66.53
10040,Entity_10040,ComputerScience,2015,58.65
10041,Entity_10041,Biology,2015,45.85
10042,Entity_10042,Physics,2019,91.09
10043,Entity_10043,Engineering,2012,66.59
10044,Entity_10044,Physics,2011,51.4
10045,Entity_10045,Economics,2022,74.56
10046,Entity_10046,Engineering,2010,14.53
10047,Entity_10047,ComputerScience,2015,56.36
10048,Entity_10048,Engineering,2020,31.13
10049,Entity_10049,Physics,2023,23.45
10050,Entity_10050,Physics,2014,9.96
10051,Entity_10051,Engineering,2015,7.83
10052,Entity_10052,Mathematics,2020,74.15
10053,Entity_10053,Economics,2013,58.72
10054,Entity_10054,Biology,2010,94.73
10055,Entity_10055,Physics,2014,29.87
10056,Entity_10056,Biology,2023,47.62
10057,Entity_10057,Mathematics,2016,18.49
10058,Entity_10058,ComputerScience,2015,74.56
10059,Entity_10059,Economics,2015,54.93
10060,Entity_10060,Engineering,2011,92.24
10061,Entity_10061,Biology,2014,74.33
10062,Entity_10062,Economics,2011,43.04
10063,Entity_10063,Biology,2010,34.33
10064,Entity_10064,Physics,2024,17.39
10065,Entity_10065,Economics,2020,10.31
10066,Entity_10066,Economics,2018,8.11
10067,Entity_10067,Mathematics,2024,99.84
10068,Entity_10068,Physics,2022,76.56
10069,Entity_10069,Mathematics,2020,48.47
10070,Entity_10070,Engineering,2024,6.8
10071,Entity_10071,Economics,2014,81.91
10072,Entity_10072,Physics,2021,49.2
10073,Entity_10073,Biology,2014,3.56
10074,Entity_10074,Physics,2019,81.23
10075,Entity_10075,Physics,2018,41.1
10076,Entity_10076,Engineering,2020,99.7
10077,Entity_10077,Physics,2022,93.49
10078,Entity_10078,Physics,2016,96.21
10079,Entity_10079,Engineering,2015,96.96
10080,Entity_10080,Engineering,2010,57.94
10081,Entity_10081,Engineering,2019,39.06
10082,Entity_10082,Physics,2011,56.23
10083,Entity_10083,Physics,2016,38.33
10084,Entity_10084,Biology,2011,60.38
10085,Entity_10085,Biology,2016,41.97
10086,Entity_10086,ComputerScience,2010,14.82
10087,Entity_10087,Mathematics,2021,40.02
10088,Entity_10088,Physics,2014,18.22
10089,Entity_10089,ComputerScience,2012,79.55
10090,Entity_10090,Physics,2012,68.32
10091,Entity_10091,Physics,2014,61.76
10092,Entity_10092,Economics,2010,8.16
10093,Entity_10093,Physics,2021,44.33
10094,Entity_10094,Biology,2018,22.85
10095,Entity_10095,Biology,2017,36.45
10096,Entity_10096,Engineering,2010,10.28
10097,Entity_10097,Biology,2019,8.14
10098,Entity_10098,Physics,2020,31.14
10099,Entity_10099,Biology,2011,28.16
10100,Entity_10100,ComputerScience,2019,17.26
10101,Entity_10101,Physics,2022,85.98
10102,Entity_10102,ComputerScience,2017,31.1
10103,Entity_10103,Biology,2024,36.69
10104,Entity_10104,Mathematics,2012,86.99
10105,Entity_10105,Biology,2023,6.2
10106,Entity_10106,Economics,2016,25.39
10107,Entity_10107,Physics,2016,22.6
10108,Entity_10108,Economics,2019,78.45
10109,Entity_10109,Mathematics,2021,90.55
10110,Entity_10110,Biology,2024,61.62
10111,Entity_10111,Mathematics,2015,58.68
10112,Entity_10112,Physics,2020,19.09
10113,Entity_10113,Engineering,2017,38.19
10114,Entity_10114,Mathematics,2022,10.18
10115,Entity_10115,Economics,2010,3.61
10116,Entity_10116,Economics,2015,1.25
10117,Entity_10117,Physics,2021,80.36
10118,Entity_10118,Mathematics,2011,73.13
10119,Entity_10119,Physics,2023,93.74
10120,Entity_10120,Mathematics,2022,29.57
10121,Entity_10121,Engineering,2014,87.63
10122,Entity_10122,Biology,2017,14.93
10123,Entity_10123,Economics,2024,54.06
10124,Entity_10124,Economics,2010,30.77
10125,Entity_10125,Physics,2013,7.54
10126,Entity_10126,Mathematics,2014,38.42
10127,Entity_10127,Engineering,2021,9.29
10128,Entity_10128,Engineering,2017,29.95
10129,Entity_10129,Physics,2012,36.4
10130,Entity_10130,ComputerScience,2014,69.97
10131,Entity_10131,Economics,2017,53.07
10132,Entity_10132,Biology,2019,82.57
10133,Entity_10133,Physics,2011,14.27
10134,Entity_10134,Engineering,2010,29.66
10135,Entity_10135,Economics,2015,29.26
10136,Entity_10136,Biology,2017,65.41
10137,Entity_10137,Biology,2011,51.87
10138,Entity_10138,ComputerScience,2021,53.31
10139,Entity_10139,Mathematics,2018,6.11
10140,Entity_10140,ComputerScience,2021,69.97
10141,Entity_10141,Biology,2013,9.49
10142,Entity_10142,Physics,2019,9.35
10143,Entity_10143,ComputerScience,2011,25.77
10144,Entity_10144,Biology,2017,53.95
10145,Entity_10145,Physics,2020,11.28
10146,Entity_10146,ComputerScience,2017,80.04
10147,Entity_10147,ComputerScience,2018,46.15
10148,Entity_10148,ComputerScience,2019,67.47
10149,Entity_10149,Engineering,2018,32.69
10150,Entity_10150,Mathematics,2012,33.74
10151,Entity_10151,Biology,2023,6.24
10152,Entity_10152,Engineering,2018,65.52
10153,Entity_10153,ComputerScience,2012,86.51
10154,Entity_10154,Economics,2020,20.59
10155,Entity_10155,Engineering,2011,37.86
10156,Entity_10156,Mathematics,2012,70.97
10157,Entity_10157,Physics,2010,41.02
10158,Entity_10158,ComputerScience,2012,20.33
10159,Entity_10159,Physics,2018,43.74
10160,Entity_10160,Mathematics,2020,69.45
10161,Entity_10161,Mathematics,2024,69.84
10162,Entity_10162,Engineering,2015,91.64
10163,Entity_10163,Physics,2012,29.54
10164,Entity_10164,ComputerScience,2011,29.64
10165,Entity_10165,Physics,2010,40.97
10166,Entity_10166,Biology,2010,11.21
10167,Entity_10167,ComputerScience,2014,32.66
10168,Entity_10168,Economics,2019,15.03
10169,Entity_10169,ComputerScience,2023,40.78
10170,Entity_10170,Physics,2013,85.03
10171,Entity_10171,Economics,2012,13.74
10172,Entity_10172,Physics,2014,4.7
10173,Entity_10173,Mathematics,2013,87.04
10174,Entity_10174,Economics,2012,19.23
10175,Entity_10175,Physics,2010,37.87
10176,Entity_10176,Physics,2020,3.73
10177,Entity_10177,Engineering,2021,61.78
10178,Entity_10178,ComputerScience,2023,8.48
10179,Entity_10179,Physics,2014,53.88
10180,Entity_10180,Physics,2013,58.01
10181,Entity_10181,Physics,2013,64.53
10182,Entity_10182,Mathematics,2012,52.19
10183,Entity_10183,ComputerScience,2022,22.25
10184,Entity_10184,Physics,2021,60.17
10185,Entity_10185,Mathematics,2023,86.13
10186,Entity_10186,Engineering,2014,33.99
10187,Entity_10187,Physics,2014,19.38
10188,Entity_10188,Biology,2014,77.48
10189,Entity_10189,Mathematics,2019,44.83
10190,Entity_10190,ComputerScience,2012,27.11
10191,Entity_10191,Economics,2016,43.51
10192,Entity_10192,Mathematics,2012,74.8
10193,Entity_10193,Engineering,2022,58.75
10194,Entity_10194,Mathematics,2013,44.29
10195,Entity_10195,Biology,2020,67.33
10196,Entity_10196,Engineering,2024,86.83
10197,Entity_10197,Physics,2014,66.53
10198,Entity_10198,Economics,2020,62.88
10199,Entity_10199,Physics,2019,47.72
10200,Entity_10200,Physics,2015,41.07
10201,Entity_10201,ComputerScience,2015,69.15
10202,Entity_10202,Biology,2016,37.72
10203,Entity_10203,Mathematics,2019,84.86
10204,Entity_10204,Mathematics,2017,76.64
10205,Entity_10205,Biology,2012,37.6
10206,Entity_10206,Physics,2023,64.32
10207,Entity_10207,ComputerScience,2019,91.7
10208,Entity_10208,Biology,2014,11.42
10209,Entity_10209,Biology,2022,99.27
10210,Entity_10210,Physics,2013,41.03
10211,Entity_10211,Economics,2021,37.72
10212,Entity_10212,Mathematics,2024,44.71
10213,Entity_10213,Mathematics,2024,76.7
10214,Entity_10214,Biology,2021,32.46
10215,Entity_10215,Physics,2015,21.63
10216,Entity_10216,Economics,2021,69.25
10217,Entity_10217,Biology,2012,76.43
10218,Entity_10218,Economics,2018,88.93
10219,Entity_10219,Engineering,2013,16.26
10220,Entity_10220,Physics,2024,91.17
10221,Entity_10221,Biology,2017,92.45
10222,Entity_10222,Physics,2014,11.22
10223,Entity_10223,Biology,2011,16.51
10224,Entity_10224,Biology,2023,64.84
10225,Entity_10225,Biology,2013,74.75
10226,Entity_10226,Economics,2024,23.24
10227,Entity_10227,Mathematics,2013,94.08
10228,Entity_10228,Mathematics,2016,55.3
10229,Entity_10229,Economics,2021,43.49
10230,Entity_10230,Engineering,2019,3.59
10231,Entity_10231,ComputerScience,2016,73.34
10232,Entity_10232,Physics,2014,56.99
10233,Entity_10233,Economics,2020,24.4
10234,Entity_10234,Economics,2022,89.05
10235,Entity_10235,Economics,2022,66.07
10236,Entity_10236,Biology,2011,36.09
10237,Entity_10237,Physics,2020,94.69
10238,Entity_10238,ComputerScience,2011,39.97
10239,Entity_10239,Economics,2020,20.48
10240,Entity_10240,Biology,2011,3.89
10241,Entity_10241,ComputerScience,2017,80.83
10242,Entity_10242,Biology,2012,38.57
10243,Entity_10243,Biology,2021,17.44
10244,Entity_10244,ComputerScience,2011,28.11
10245,Entity_10245,Economics,2016,81.64
10246,Entity_10246,Economics,2024,71.45
10247,Entity_10247,Economics,2024,14.85
10248,Entity_10248,Engineering,2014,57.81
10249,Entity_10249,ComputerScience,2012,97.94
10250,Entity_10250,Mathematics,2016,78.59
10251,Entity_10251,Economics,2022,30.49
10252,Entity_10252,Biology,2016,19.21
10253,Entity_10253,Engineering,2014,83.99
10254,Entity_10254,Engineering,2019,99.16
10255,Entity_10255,Engineering,2012,39.47
10256,Entity_10256,Engineering,2014,35.1
10257,Entity_10257,Biology,2013,91.8
10258,Entity_10258,Physics,2019,11.78
10259,Entity_10259,Physics,2021,93.14
10260,Entity_10260,Economics,2020,90.03
10261,Entity_10261,ComputerScience,2013,40.15
10262,Entity_10262,Economics,2014,51.06
10263,Entity_10263,Engineering,2011,99.35
10264,Entity_10264,ComputerScience,2012,64.56
10265,Entity_10265,Engineering,2024,38.94
10266,Entity_10266,Mathematics,2019,46.56
10267,Entity_10267,Economics,2016,45.7
10268,Entity_10268,Engineering,2010,41.76
10269,Entity_10269,Economics,2013,22.63
10270,Entity_10270,Physics,2019,11.98
10271,Entity_10271,ComputerScience,2016,11.64
10272,Entity_10272,Mathematics,2022,77.56
10273,Entity_10273,ComputerScience,2011,40.73
10274,Entity_10274,Engineering,2013,57.2
10275,Entity_10275,Mathematics,2021,58.93
10276,Entity_10276,ComputerScience,2013,23.42
10277,Entity_10277,Mathematics,2014,22.33
10278,Entity_10278,Engineering,2016,83.49
10279,Entity_10279,Engineering,2022,21.31
10280,Entity_10280,Engineering,2014,53.81
10281,Entity_10281,ComputerScience,2014,5.51
10282,Entity_10282,Economics,2018,79.92
10283,Entity_10283,Mathematics,2011,73.11
10284,Entity_10284,ComputerScience,2023,43.98
10285,Entity_10285,Economics,2013,4.73
10286,Entity_10286,Mathematics,2024,54.9
10287,Entity_10287,ComputerScience,2016,2.03
10288,Entity_10288,Mathematics,2019,65.79
10289,Entity_10289,Economics,2020,66.11
10290,Entity_10290,ComputerScience,2010,84.99
10291,Entity_10291,Engineering,2024,92.35
10292,Entity_10292,ComputerScience,2012,53.43
10293,Entity_10293,Biology,2023,42.28
10294,Entity_10294,ComputerScience,2016,91.68
10295,Entity_10295,ComputerScience,2021,96.52
10296,Entity_10296,Economics,2019,4.92
10297,Entity_10297,Mathematics,2012,13.08
10298,Entity_10298,Physics,2014,50.69
10299,Entity_10299,Engineering,2024,33.58
10300,Entity_10300,Economics,2014,88.93
10301,Entity_10301,ComputerScience,2013,32.61
10302,Entity_10302,ComputerScience,2016,7.08
10303,Entity_10303,Biology,2019,98.45
10304,Entity_10304,ComputerScience,2017,83.9
10305,Entity_10305,Economics,2011,21.34
10306,Entity_10306,Economics,2016,6.82
10307,Entity_10307,Mathematics,2022,48.57
10308,Entity_10308,Engineering,2024,9.55
10309,Entity_10309,Biology,2011,21.12
10310,Entity_10310,Physics,2022,70.84
10311,Entity_10311,Economics,2020,31.63
10312,Entity_10312,ComputerScience,2012,31.04
10313,Entity_10313,Biology,2020,86.88
10314,Entity_10314,Physics,2024,52.55
10315,Entity_10315,Engineering,2011,29.64
10316,Entity_10316,ComputerScience,2012,84.2
10317,Entity_10317,Biology,2023,63.57
10318,Entity_10318,Mathematics,2012,90.96
10319,Entity_10319,Engineering,2011,77.49
10320,Entity_10320,Economics,2013,97.01
10321,Entity_10321,Biology,2023,51.5
10322,Entity_10322,Biology,2016,30.16
10323,Entity_10323,Biology,2013,60.91
10324,Entity_10324,Physics,2018,79.07
10325,Entity_10325,ComputerScience,2010,91.88
10326,Entity_10326,Biology,2014,61.85
10327,Entity_10327,ComputerScience,2020,98.6
10328,Entity_10328,ComputerScience,2022,58.18
10329,Entity_10329,Mathematics,2012,25.7
10330,Entity_10330,Physics,2011,35.49
10331,Entity_10331,ComputerScience,2011,71.29
10332,Entity_10332,ComputerScience,2024,34.22
10333,Entity_10333,Mathematics,2010,41.69
10334,Entity_10334,Engineering,2016,96.62
10335,Entity_10335,Physics,2016,7.58
10336,Entity_10336,Economics,2014,81.6
10337,Entity_10337,Mathematics,2012,99.84
10338,Entity_10338,Physics,2022,65.94
10339,Entity_10339,Engineering,2014,89.45
10340,Entity_10340,ComputerScience,2012,63.67
10341,Entity_10341,Mathematics,2017,72.35
10342,Entity_10342,ComputerScience,2024,71.05
10343,Entity_10343,Economics,2018,60.12
10344,Entity_10344,Economics,2014,52.54
10345,Entity_10345,Mathematics,2016,39.65
10346,Entity_10346,Mathematics,2018,57.45
10347,Entity_10347,Economics,2013,98.14
10348,Entity_10348,ComputerScience,2015,11.49
10349,Entity_10349,Engineering,2021,73.32
10350,Entity_10350,Biology,2017,35.44
10351,Entity_10351,Engineering,2024,40.79
10352,Entity_10352,Mathematics,2015,78.05
10353,Entity_10353,Mathematics,2024,15.42
10354,Entity_10354,Physics,2017,64.18
10355,Entity_10355,ComputerScience,2017,16.45
10356,Entity_10356,Biology,2012,76.28
10357,Entity_10357,Mathematics,2016,37.33
10358,Entity_10358,Mathematics,2016,87.52
10359,Entity_10359,Biology,2010,66.67
10360,Entity_10360,ComputerScience,2014,86.04
10361,Entity_10361,Engineering,2024,28.17
10362,Entity_10362,Physics,2010,98.7
10363,Entity_10363,Biology,2018,65.18
10364,Entity_10364,Biology,2023,18.82
10365,Entity_10365,ComputerScience,2022,70.34
10366,Entity_10366,Biology,2022,80.99
10367,Entity_10367,ComputerScience,2010,96.87
10368,Entity_10368,Biology,2016,54.61
10369,Entity_10369,ComputerScience,2020,27.92
10370,Entity_10370,ComputerScience,2017,14.42
10371,Entity_10371,Physics,2010,47.7
10372,Entity_10372,Physics,2013,50.65
10373,Entity_10373,ComputerScience,2011,35.77
10374,Entity_10374,Engineering,2012,14.86
10375,Entity_10375,Physics,2018,15.66
10376,Entity_10376,Physics,2018,16.35
10377,Entity_10377,ComputerScience,2018,28.49
10378,Entity_10378,Mathematics,2023,16.4
10379,Entity_10379,Physics,2015,99.99
10380,Entity_10380,Economics,2019,30.42
10381,Entity_10381,ComputerScience,2014,10.13
10382,Entity_10382,Engineering,2022,55.87
10383,Entity_10383,Biology,2019,80.45
10384,Entity_10384,Physics,2015,89.1
10385,Entity_10385,ComputerScience,2021,12.43
10386,Entity_10386,Physics,2015,67.03
10387,Entity_10387,Mathematics,2013,32.55
10388,Entity_10388,Biology,2024,15.42
10389,Entity_10389,Engineering,2018,59.61
10390,Entity_10390,ComputerScience,2022,93.02
10391,Entity_10391,Mathematics,2011,64.32
10392,Entity_10392,Engineering,2015,95.69
10393,Entity_10393,Economics,2010,60.28
10394,Entity_10394,Biology,2018,24.79
10395,Entity_10395,Physics,2024,54.5
10396,Entity_10396,ComputerScience,2010,89.6
10397,Entity_10397,ComputerScience,2019,29.48
10398,Entity_10398,Engineering,2015,25.02
10399,Entity_10399,ComputerScience,2019,33.96
10400,Entity_10400,Physics,2022,76.45
10401,Entity_10401,ComputerScience,2024,65.92
10402,Entity_10402,Mathematics,2017,56.01
10403,Entity_10403,Biology,2014,73.54
10404,Entity_10404,Engineering,2012,55.51
10405,Entity_10405,Physics,2011,64.51
10406,Entity_10406,Engineering,2018,92.71
10407,Entity_10407,Physics,2010,39.17
10408,Entity_10408,Mathematics,2017,98.15
10409,Entity_10409,Economics,2020,71.33
10410,Entity_10410,ComputerScience,2020,99.54
10411,Entity_10411,Biology,2018,58.93
10412,Entity_10412,ComputerScience,2020,15.44
10413,Entity_10413,Physics,2023,66.4
10414,Entity_10414,Engineering,2024,72.15
10415,Entity_10415,Mathematics,2024,91.85
10416,Entity_10416,Physics,2023,72.33
10417,Entity_10417,Economics,2019,2.36
10418,Entity_10418,Mathematics,2018,32.99
10419,Entity_10419,Mathematics,2024,49.81
10420,Entity_10420,Mathematics,2019,57.64
10421,Entity_10421,Engineering,2022,3.06
10422,Entity_10422,Mathematics,2012,58.02
10423,Entity_10423,Engineering,2010,83.58
10424,Entity_10424,Economics,2016,57.08
10425,Entity_10425,ComputerScience,2021,30.51
10426,Entity_10426,Physics,2018,61.17
10427,Entity_10427,Economics,2016,2.46
10428,Entity_10428,ComputerScience,2021,5.8
10429,Entity_10429,Mathematics,2016,46.51
10430,Entity_10430,Physics,2017,75.86
10431,Entity_10431,Mathematics,2017,89.47
10432,Entity_10432,ComputerScience,2016,32.52
10433,Entity_10433,Biology,2016,10.23
10434,Entity_10434,Physics,2016,66.72
10435,Entity_10435,ComputerScience,2014,59.19
10436,Entity_10436,Economics,2010,14.86
10437,Entity_10437,Physics,2020,3.03
10438,Entity_10438,Mathematics,2013,48.41
10439,Entity_10439,Biology,2019,61.76
10440,Entity_10440,Engineering,2019,85.04
10441,Entity_10441,Mathematics,2014,30.83
10442,Entity_10442,Biology,2023,91.03
10443,Entity_10443,Mathematics,2022,87.77
10444,Entity_10444,ComputerScience,2018,28.92
10445,Entity_10445,Physics,2013,74.65
10446,Entity_10446,Mathematics,2012,22.05
10447,Entity_10447,Economics,2010,76.91
10448,Entity_10448,Mathematics,2011,45.98
10449,Entity_10449,Physics,2014,11.95
10450,Entity_10450,Mathematics,2015,25.41
10451,Entity_10451,Biology,2019,11.69
10452,Entity_10452,Economics,2015,32.22
10453,Entity_10453,Mathematics,2023,95.71
10454,Entity_10454,ComputerScience,2016,18.24
10455,Entity_10455,Biology,2019,81.09
10456,Entity_10456,ComputerScience,2012,28.48
10457,Entity_10457,Mathematics,2017,7.08
10458,Entity_10458,Physics,2013,66.06
10459,Entity_10459,Economics,2022,34.46
10460,Entity_10460,Economics,2014,36.52
10461,Entity_10461,Physics,2023,9.17
10462,Entity_10462,Engineering,2018,92.24
10463,Entity_10463,Physics,2018,39.3
10464,Entity_10464,ComputerScience,2014,3.01
10465,Entity_10465,Physics,2019,44.07
10466,Entity_10466,Physics,2024,88.29
10467,Entity_10467,Economics,2019,9.97
10468,Entity_10468,Physics,2011,49.05
10469,Entity_10469,Physics,2019,14.74
10470,Entity_10470,Physics,2010,30.9
10471,Entity_10471,Biology,2017,54.62
10472,Entity_10472,Physics,2024,12.8
10473,Entity_10473,Engineering,2013,59.44
10474,Entity_10474,Biology,2016,60.81
10475,Entity_10475,Biology,2023,99.06
10476,Entity_10476,ComputerScience,2016,22.91
10477,Entity_10477,Physics,2023,36.14
10478,Entity_10478,ComputerScience,2013,12.99
10479,Entity_10479,Physics,2019,16.53
10480,Entity_10480,ComputerScience,2014,53.63
10481,Entity_10481,Mathematics,2010,19.31
10482,Entity_10482,ComputerScience,2016,10.43
10483,Entity_10483,Economics,2010,11.52
10484,Entity_10484,Physics,2020,25.11
10485,Entity_10485,Mathematics,2019,23.34
10486,Entity_10486,Economics,2017,9.39
10487,Entity_10487,ComputerScience,2010,6.76
10488,Entity_10488,ComputerScience,2012,71.16
10489,Entity_10489,Engineering,2015,43.6
10490,Entity_10490,Biology,2012,19.24
10491,Entity_10491,Mathematics,2016,71.84
10492,Entity_10492,Engineering,2014,70.3
10493,Entity_10493,ComputerScience,2018,74.26
10494,Entity_10494,Mathematics,2019,31.6
10495,Entity_10495,Engineering,2017,58.36
10496,Entity_10496,Economics,2022,89.95
10497,Entity_10497,Physics,2010,29.28
10498,Entity_10498,Mathematics,2021,80.58
10499,Entity_10499,Physics,2012,74.55
10500,Entity_10500,ComputerScience,2016,65.44
10501,Entity_10501,Biology,2017,91.69
10502,Entity_10502,Economics,2022,8.47
10503,Entity_10503,Mathematics,2016,29.67
10504,Entity_10504,Engineering,2014,83.95
10505,Entity_10505,Biology,2010,78.45
10506,Entity_10506,ComputerScience,2019,30.28
10507,Entity_10507,Mathematics,2013,68.09
10508,Entity_10508,Engineering,2024,11.34
10509,Entity_10509,ComputerScience,2020,45.68
10510,Entity_10510,Biology,2016,96.95
10511,Entity_10511,Engineering,2016,34.66
10512,Entity_10512,Mathematics,2012,66.22
10513,Entity_10513,Engineering,2024,76.21
10514,Entity_10514,ComputerScience,2012,3.62
10515,Entity_10515,Economics,2012,55.82
10516,Entity_10516,Engineering,2020,32.79
10517,Entity_10517,Economics,2010,41.27
10518,Entity_10518,ComputerScience,2022,72.41
10519,Entity_10519,ComputerScience,2012,14.07
10520,Entity_10520,ComputerScience,2020,12.27
10521,Entity_10521,Biology,2020,55.16
10522,Entity_10522,Biology,2010,39.25
10523,Entity_10523,Biology,2020,43.33
10524,Entity_10524,Mathematics,2013,14.41
10525,Entity_10525,Physics,2020,49.14
10526,Entity_10526,Economics,2015,58.99
10527,Entity_10527,ComputerScience,2023,14.67
10528,Entity_10528,Engineering,2018,72.33
10529,Entity_10529,Engineering,2018,37.4
10530,Entity_10530,Physics,2024,50.3
10531,Entity_10531,ComputerScience,2014,84.73
10532,Entity_10532,Economics,2014,20.06
10533,Entity_10533,ComputerScience,2010,93.96
10534,Entity_10534,Physics,2017,83.19
10535,Entity_10535,Physics,2019,75.48
10536,Entity_10536,Economics,2024,69.99
10537,Entity_10537,Physics,2021,70.03
10538,Entity_10538,Physics,2012,26.71
10539,Entity_10539,Mathematics,2019,66.21
10540,Entity_10540,Economics,2023,38.63
10541,Entity_10541,Economics,2013,13.55
10542,Entity_10542,Biology,2022,96.48
10543,Entity_10543,Engineering,2014,11.22
10544,Entity_10544,Engineering,2018,20.97
10545,Entity_10545,Engineering,2017,41.86
10546,Entity_10546,Economics,2011,88.36
10547,Entity_10547,Mathematics,2024,21.82
10548,Entity_10548,Economics,2012,5.08
10549,Entity_10549,ComputerScience,2022,28.2
10550,Entity_10550,ComputerScience,2023,39.4
10551,Entity_10551,Mathematics,2012,70.33
10552,Entity_10552,Biology,2014,19.21
10553,Entity_10553,Biology,2023,79.51
10554,Entity_10554,Physics,2023,88.86
10555,Entity_10555,ComputerScience,2022,15.31
10556,Entity_10556,Physics,2014,32.28
10557,Entity_10557,Mathematics,2013,96.26
10558,Entity_10558,Physics,2017,95.07
10559,Entity_10559,Mathematics,2020,39.83
10560,Entity_10560,Biology,2019,47.46
10561,Entity_10561,Biology,2014,53.36
10562,Entity_10562,Economics,2014,59.28
10563,Entity_10563,Physics,2012,28.59
10564,Entity_10564,Economics,2014,71.11
10565,Entity_10565,ComputerScience,2010,31.38
10566,Entity_10566,Engineering,2012,32.18
10567,Entity_10567,Biology,2019,13.83
10568,Entity_10568,Economics,2016,33.37
10569,Entity_10569,Economics,2024,34.05
10570,Entity_10570,ComputerScience,2012,82.02
10571,Entity_10571,ComputerScience,2023,42.75
10572,Entity_10572,Physics,2022,45.28
10573,Entity_10573,Biology,2021,49.73
10574,Entity_10574,Economics,2013,74.23
10575,Entity_10575,Engineering,2010,61.78
10576,Entity_10576,Economics,2022,22.34
10577,Entity_10577,Engineering,2024,27.66
10578,Entity_10578,Physics,2011,13.97
10579,Entity_10579,ComputerScience,2014,44.27
10580,Entity_10580,Engineering,2015,90.2
10581,Entity_10581,Physics,2012,78.95
10582,Entity_10582,Mathematics,2024,49.85
10583,Entity_10583,Economics,2023,69.27
10584,Entity_10584,Engineering,2020,73.26
10585,Entity_10585,ComputerScience,2014,91.16
10586,Entity_10586,Biology,2021,57.16
10587,Entity_10587,Physics,2015,12.51
10588,Entity_10588,Economics,2014,70.11
10589,Entity_10589,ComputerScience,2017,3.4
10590,Entity_10590,Physics,2020,61.49
10591,Entity_10591,Physics,2011,29.97
10592,Entity_10592,Economics,2020,84.25
10593,Entity_10593,Physics,2022,25.06
10594,Entity_10594,Biology,2020,73.38
10595,Entity_10595,Physics,2021,6.55
10596,Entity_10596,Economics,2021,70.61
10597,Entity_10597,Mathematics,2011,72.06
10598,Entity_10598,Biology,2017,40.62
10599,Entity_10599,Engineering,2017,2.16
10600,Entity_10600,Physics,2016,63.38
10601,Entity_10601,Engineering,2012,85.02
10602,Entity_10602,Economics,2016,20.85
10603,Entity_10603,ComputerScience,2011,98.86
10604,Entity_10604,Physics,2010,82.35
10605,Entity_10605,ComputerScience,2024,88.92
10606,Entity_10606,Engineering,2018,29.93
10607,Entity_10607,Mathematics,2012,39.38
10608,Entity_10608,Mathematics,2022,96.5
10609,Entity_10609,Economics,2013,21.25
10610,Entity_10610,Physics,2016,85.06
10611,Entity_10611,Engineering,2019,38.72
10612,Entity_10612,Economics,2012,93.91
10613,Entity_10613,Engineering,2018,60.92
10614,Entity_10614,Biology,2021,74.27
10615,Entity_10615,ComputerScience,2021,21.48
10616,Entity_10616,ComputerScience,2023,34.22
10617,Entity_10617,Engineering,2014,61.05
10618,Entity_10618,Mathematics,2024,44.05
10619,Entity_10619,Economics,2012,3.38
10620,Entity_10620,Mathematics,2024,42.51
10621,Entity_10621,Economics,2021,83.56
10622,Entity_10622,ComputerScience,2023,19.59
10623,Entity_10623,Mathematics,2019,37.59
10624,Entity_10624,ComputerScience,2024,56.83
10625,Entity_10625,Physics,2015,5.94
10626,Entity_10626,Engineering,2024,87.59
10627,Entity_10627,ComputerScience,2011,89.99
10628,Entity_10628,Mathematics,2016,11.86
10629,Entity_10629,Mathematics,2022,90.06
10630,Entity_10630,Engineering,2021,89.56
10631,Entity_10631,Engineering,2010,54.55
10632,Entity_10632,ComputerScience,2013,95.21
10633,Entity_10633,Engineering,2018,58.13
10634,Entity_10634,Engineering,2021,4.54
10635,Entity_10635,Mathematics,2020,7.75
10636,Entity_10636,Mathematics,2010,27.92
10637,Entity_10637,ComputerScience,2015,41.16
10638,Entity_10638,Economics,2015,8.51
10639,Entity_10639,Physics,2023,33.69
10640,Entity_10640,Economics,2020,65.8
10641,Entity_10641,Mathematics,2018,64.93
10642,Entity_10642,Biology,2014,46.35
10643,Entity_10643,Mathematics,2018,5.94
10644,Entity_10644,ComputerScience,2019,64.28
10645,Entity_10645,ComputerScience,2024,40.93
10646,Entity_10646,Mathematics,2016,28.9
10647,Entity_10647,ComputerScience,2017,84.24
10648,Entity_10648,Biology,2018,26.96
10649,Entity_10649,ComputerScience,2024,61.21
10650,Entity_10650,Physics,2024,46.8
10651,Entity_10651,Engineering,2011,41.08
10652,Entity_10652,Economics,2018,69.7
10653,Entity_10653,Engineering,2021,21.22
10654,Entity_10654,Engineering,2011,44.16
10655,Entity_10655,ComputerScience,2015,52.08
10656,Entity_10656,Biology,2016,98.11
10657,Entity_10657,Economics,2016,12.17
10658,Entity_10658,Economics,2019,47.53
10659,Entity_10659,Biology,2017,36.27
10660,Entity_10660,Engineering,2021,52.61
10661,Entity_10661,Engineering,2013,16.82
10662,Entity_10662,ComputerScience,2017,87.11
10663,Entity_10663,Engineering,2015,86.62
10664,Entity_10664,Mathematics,2018,21.53
10665,Entity_10665,Physics,2014,36.3
10666,Entity_10666,Economics,2011,59.22
10667,Entity_10667,Biology,2015,44.53
10668,Entity_10668,Physics,2018,37.59
10669,Entity_10669,Mathematics,2013,98.75
10670,Entity_10670,Economics,2020,59.73
10671,Entity_10671,Economics,2012,28.95
10672,Entity_10672,Biology,2016,66.29
10673,Entity_10673,ComputerScience,2017,90.64
10674,Entity_10674,Engineering,2017,34.18
10675,Entity_10675,ComputerScience,2011,68.45
10676,Entity_10676,Economics,2023,27.5
10677,Entity_10677,Biology,2016,55.26
10678,Entity_10678,Economics,2023,21.59
10679,Entity_10679,Physics,2010,16.01
10680,Entity_10680,Economics,2015,21.25
10681,Entity_10681,Biology,2012,48.42
10682,Entity_10682,Biology,2016,59.66
10683,Entity_10683,Engineering,2013,26.25
10684,Entity_10684,ComputerScience,2020,37.73
10685,Entity_10685,Engineering,2021,7.06
10686,Entity_10686,Mathematics,2012,87.6
10687,Entity_10687,Mathematics,2014,43.22
10688,Entity_10688,Physics,2010,80.58
10689,Entity_10689,Biology,2023,19.85
10690,Entity_10690,ComputerScience,2018,91.69
10691,Entity_10691,Biology,2012,88.71
10692,Entity_10692,ComputerScience,2020,46.21
10693,Entity_10693,Physics,2018,86.64
10694,Entity_10694,Physics,2017,79.54
10695,Entity_10695,Biology,2017,92.07
10696,Entity_10696,ComputerScience,2011,88.0
10697,Entity_10697,Economics,2014,14.88
10698,Entity_10698,Physics,2021,73.52
10699,Entity_10699,Engineering,2018,92.23
10700,Entity_10700,Physics,2010,78.24
10701,Entity_10701,ComputerScience,2010,44.82
10702,Entity_10702,ComputerScience,2012,8.25
10703,Entity_10703,Physics,2021,85.9
10704,Entity_10704,Physics,2013,30.23
10705,Entity_10705,Mathematics,2017,22.44
10706,Entity_10706,Engineering,2010,35.53
10707,Entity_10707,Engineering,2017,85.03
10708,Entity_10708,Engineering,2020,45.26
10709,Entity_10709,Biology,2011,75.98
10710,Entity_10710,Engineering,2024,43.29
10711,Entity_10711,ComputerScience,2020,58.38
10712,Entity_10712,Engineering,2017,11.73
10713,Entity_10713,Mathematics,2021,61.38
10714,Entity_10714,Mathematics,2022,40.48
10715,Entity_10715,Biology,2016,30.3
10716,Entity_10716,Economics,2019,72.62
10717,Entity_10717,Biology,2018,85.61
10718,Entity_10718,Physics,2014,78.12
10719,Entity_10719,ComputerScience,2010,61.88
10720,Entity_10720,Mathematics,2012,16.99
10721,Entity_10721,Mathematics,2012,98.65
10722,Entity_10722,Biology,2020,71.55
10723,Entity_10723,Physics,2022,46.43
10724,Entity_10724,Physics,2021,19.05
10725,Entity_10725,ComputerScience,2019,8.52
10726,Entity_10726,Mathematics,2013,98.42
10727,Entity_10727,Engineering,2010,46.41
10728,Entity_10728,Mathematics,2021,29.17
10729,Entity_10729,Engineering,2013,42.71
10730,Entity_10730,ComputerScience,2015,49.79
10731,Entity_10731,Engineering,2019,12.31
10732,Entity_10732,Mathematics,2010,74.78
10733,Entity_10733,ComputerScience,2010,7.86
10734,Entity_10734,Engineering,2023,91.04
10735,Entity_10735,Biology,2010,4.04
10736,Entity_10736,ComputerScience,2012,40.73
10737,Entity_10737,Economics,2019,72.06
10738,Entity_10738,Engineering,2014,84.62
10739,Entity_10739,Mathematics,2019,46.12
10740,Entity_10740,Economics,2024,85.54
10741,Entity_10741,Physics,2015,29.61
10742,Entity_10742,Economics,2021,21.49
10743,Entity_10743,Biology,2024,9.84
10744,Entity_10744,Physics,2011,29.09
10745,Entity_10745,Biology,2017,57.44
10746,Entity_10746,Mathematics,2016,25.0
10747,Entity_10747,Engineering,2018,92.49
10748,Entity_10748,Engineering,2016,85.45
10749,Entity_10749,Engineering,2023,24.77
10750,Entity_10750,Physics,2010,87.78
10751,Entity_10751,ComputerScience,2017,69.57
10752,Entity_10752,Engineering,2016,42.9
10753,Entity_10753,Physics,2022,52.33
10754,Entity_10754,Mathematics,2016,54.33
10755,Entity_10755,Mathematics,2023,89.01
10756,Entity_10756,Physics,2021,50.31
10757,Entity_10757,Physics,2014,1.26
10758,Entity_10758,ComputerScience,2021,88.18
10759,Entity_10759,Engineering,2020,14.98
10760,Entity_10760,Economics,2016,66.74
10761,Entity_10761,ComputerScience,2014,66.99
10762,Entity_10762,Biology,2022,2.73
10763,Entity_10763,ComputerScience,2019,3.38
10764,Entity_10764,Mathematics,2014,21.64
10765,Entity_10765,Physics,2017,87.86
10766,Entity_10766,Biology,2020,21.09
10767,Entity_10767,ComputerScience,2024,64.85
10768,Entity_10768,Engineering,2013,98.85
10769,Entity_10769,Mathematics,2024,42.66
10770,Entity_10770,Engineering,2024,22.49
10771,Entity_10771,Economics,2021,76.5
10772,Entity_10772,Physics,2022,2.27
10773,Entity_10773,ComputerScience,2010,72.52
10774,Entity_10774,Economics,2010,53.11
10775,Entity_10775,Economics,2019,24.24
10776,Entity_10776,Economics,2017,52.58
10777,Entity_10777,Engineering,2010,81.14
10778,Entity_10778,Mathematics,2023,82.57
10779,Entity_10779,ComputerScience,2012,53.15
10780,Entity_10780,Physics,2015,70.2
10781,Entity_10781,Mathematics,2011,34.18
10782,Entity_10782,Economics,2022,18.79
10783,Entity_10783,Engineering,2010,62.54
10784,Entity_10784,Physics,2010,92.42
10785,Entity_10785,Engineering,2013,63.7
10786,Entity_10786,Biology,2016,9.76
10787,Entity_10787,Biology,2016,17.87
10788,Entity_10788,Engineering,2010,51.67
10789,Entity_10789,ComputerScience,2012,98.52
10790,Entity_10790,Engineering,2020,43.48
10791,Entity_10791,ComputerScience,2015,85.45
10792,Entity_10792,Economics,2014,78.2
10793,Entity_10793,Engineering,2014,77.14
10794,Entity_10794,ComputerScience,2023,35.4
10795,Entity_10795,Engineering,2013,8.29
10796,Entity_10796,ComputerScience,2010,97.97
10797,Entity_10797,Engineering,2018,94.74
10798,Entity_10798,Engineering,2022,74.43
10799,Entity_10799,ComputerScience,2023,61.67
10800,Entity_10800,Biology,2024,21.08
10801,Entity_10801,Biology,2019,50.88
10802,Entity_10802,Physics,2011,56.21
10803,Entity_10803,ComputerScience,2021,31.53
10804,Entity_10804,Engineering,2016,61.03
10805,Entity_10805,Biology,2016,73.61
10806,Entity_10806,Mathematics,2020,3.85
10807,Entity_10807,Engineering,2011,41.15
10808,Entity_10808,Biology,2016,48.41
10809,Entity_10809,ComputerScience,2018,50.03
10810,Entity_10810,Biology,2023,89.9
10811,Entity_10811,Engineering,2018,54.73
10812,Entity_10812,Physics,2016,92.76
10813,Entity_10813,Biology,2018,53.07
10814,Entity_10814,Engineering,2020,36.4
10815,Entity_10815,ComputerScience,2021,65.82
10816,Entity_10816,Engineering,2012,46.53
10817,Entity_10817,Biology,2012,59.62
10818,Entity_10818,Physics,2016,43.79
10819,Entity_10819,Biology,2018,83.25
10820,Entity_10820,Economics,2010,57.42
10821,Entity_10821,Engineering,2013,45.31
10822,Entity_10822,Biology,2011,95.01
10823,Entity_10823,Mathematics,2012,19.54
10824,Entity_10824,Engineering,2019,67.92
10825,Entity_10825,Engineering,2018,96.78
10826,Entity_10826,ComputerScience,2017,29.85
10827,Entity_10827,Economics,2013,81.03
10828,Entity_10828,Economics,2018,11.51
10829,Entity_10829,Mathematics,2015,62.63
10830,Entity_10830,Biology,2017,16.08
10831,Entity_10831,Mathematics,2019,83.76
10832,Entity_10832,Biology,2014,3.47
10833,Entity_10833,Physics,2024,56.15
10834,Entity_10834,Engineering,2018,3.44
10835,Entity_10835,ComputerScience,2024,8.17
10836,Entity_10836,Engineering,2024,29.8
10837,Entity_10837,Biology,2011,89.3
10838,Entity_10838,Biology,2015,48.8
10839,Entity_10839,Economics,2013,57.59
10840,Entity_10840,Physics,2019,95.77
10841,Entity_10841,Mathematics,2023,40.25
10842,Entity_10842,ComputerScience,2018,53.75
10843,Entity_10843,ComputerScience,2020,12.3
10844,Entity_10844,Mathematics,2018,43.42
10845,Entity_10845,ComputerScience,2023,65.5
10846,Entity_10846,ComputerScience,2010,72.12
10847,Entity_10847,Physics,2014,27.71
10848,Entity_10848,Engineering,2020,18.91
10849,Entity_10849,Biology,2018,83.69
10850,Entity_10850,Biology,2015,64.31
10851,Entity_10851,ComputerScience,2020,24.06
10852,Entity_10852,ComputerScience,2022,14.99
10853,Entity_10853,Physics,2010,13.23
10854,Entity_10854,Engineering,2024,15.84
10855,Entity_10855,Engineering,2010,7.32
10856,Entity_10856,Economics,2016,83.73
10857,Entity_10857,ComputerScience,2017,28.25
10858,Entity_10858,Economics,2022,96.93
10859,Entity_10859,Biology,2020,64.67
10860,Entity_10860,Mathematics,2012,99.55
10861,Entity_10861,Physics,2013,85.25
10862,Entity_10862,Biology,2019,21.87
10863,Entity_10863,ComputerScience,2020,56.52
10864,Entity_10864,Biology,2012,88.76
10865,Entity_10865,ComputerScience,2022,95.27
10866,Entity_10866,Engineering,2013,2.96
10867,Entity_10867,Physics,2022,26.91
10868,Entity_10868,Physics,2024,39.1
10869,Entity_10869,Engineering,2016,14.75
10870,Entity_10870,Engineering,2022,57.85
10871,Entity_10871,Mathematics,2013,47.49
10872,Entity_10872,Engineering,2020,29.54
10873,Entity_10873,ComputerScience,2021,81.09
10874,Entity_10874,Biology,2024,78.41
10875,Entity_10875,ComputerScience,2022,64.56
10876,Entity_10876,Mathematics,2014,39.71
10877,Entity_10877,Engineering,2019,37.38
10878,Entity_10878,Biology,2020,77.92
10879,Entity_10879,Biology,2014,5.92
10880,Entity_10880,Biology,2018,90.42
10881,Entity_10881,Physics,2015,64.95
10882,Entity_10882,Mathematics,2015,22.67
10883,Entity_10883,Mathematics,2021,7.49
10884,Entity_10884,Biology,2020,43.48
10885,Entity_10885,Economics,2018,66.6
10886,Entity_10886,Biology,2015,92.82
10887,Entity_10887,Economics,2013,66.96
10888,Entity_10888,Mathematics,2018,20.63
10889,Entity_10889,Mathematics,2018,74.4
10890,Entity_10890,Physics,2020,94.04
10891,Entity_10891,Mathematics,2020,55.16
10892,Entity_10892,Biology,2020,16.84
10893,Entity_10893,Biology,2023,49.96
10894,Entity_10894,Biology,2016,83.16
10895,Entity_10895,Economics,2015,24.79
10896,Entity_10896,ComputerScience,2023,66.64
10897,Entity_10897,Biology,2017,37.13
10898,Entity_10898,Biology,2010,92.51
10899,Entity_10899,Economics,2014,25.13
10900,Entity_10900,Engineering,2016,77.37
10901,Entity_10901,Economics,2018,22.63
10902,Entity_10902,Engineering,2014,30.78
10903,Entity_10903,Engineering,2016,99.68
10904,Entity_10904,Engineering,2015,86.79
10905,Entity_10905,ComputerScience,2015,3.35
10906,Entity_10906,Engineering,2022,31.25
10907,Entity_10907,ComputerScience,2015,99.46
10908,Entity_10908,ComputerScience,2019,18.31
10909,Entity_10909,Mathematics,2016,46.88
10910,Entity_10910,Engineering,2023,1.81
10911,Entity_10911,Biology,2013,28.76
10912,Entity_10912,Economics,2022,20.42
10913,Entity_10913,ComputerScience,2021,47.28
10914,Entity_10914,Physics,2024,74.09
10915,Entity_10915,Physics,2023,97.24
10916,Entity_10916,Mathematics,2014,63.86
10917,Entity_10917,Mathematics,2020,63.26
10918,Entity_10918,Engineering,2010,24.93
10919,Entity_10919,ComputerScience,2011,42.75
10920,Entity_10920,Mathematics,2018,99.29
10921,Entity_10921,ComputerScience,2015,4.81
10922,Entity_10922,Physics,2021,70.02
10923,Entity_10923,ComputerScience,2014,99.25
10924,Entity_10924,ComputerScience,2020,19.31
10925,Entity_10925,Economics,2011,31.85
10926,Entity_10926,Mathematics,2013,88.59
10927,Entity_10927,Physics,2024,46.94
10928,Entity_10928,Mathematics,2022,68.69
10929,Entity_10929,Engineering,2020,24.02
10930,Entity_10930,Physics,2022,49.66
10931,Entity_10931,Mathematics,2013,8.79
10932,Entity_10932,Engineering,2021,90.66
10933,Entity_10933,ComputerScience,2012,24.66
10934,Entity_10934,Mathematics,2019,3.89
10935,Entity_10935,Physics,2016,36.44
10936,Entity_10936,Biology,2023,27.16
10937,Entity_10937,Economics,2016,84.21
10938,Entity_10938,Biology,2024,19.13
10939,Entity_10939,Engineering,2015,11.99
10940,Entity_10940,ComputerScience,2018,36.98
10941,Entity_10941,Physics,2018,20.05
10942,Entity_10942,Engineering,2020,35.66
10943,Entity_10943,Mathematics,2015,95.5
10944,Entity_10944,Mathematics,2020,75.9
10945,Entity_10945,ComputerScience,2022,60.76
10946,Entity_10946,Engineering,2011,58.88
10947,Entity_10947,Mathematics,2011,8.76
10948,Entity_10948,Engineering,2024,92.39
10949,Entity_10949,Mathematics,2023,36.39
10950,Entity_10950,Engineering,2013,69.18
10951,Entity_10951,Engineering,2010,92.46
10952,Entity_10952,Biology,2012,47.92
10953,Entity_10953,Economics,2023,11.66
10954,Entity_10954,Biology,2013,25.5
10955,Entity_10955,Mathematics,2016,10.45
10956,Entity_10956,Physics,2023,9.6
10957,Entity_10957,Mathematics,2023,48.09
10958,Entity_10958,Biology,2021,72.47
10959,Entity_10959,Engineering,2012,76.34
10960,Entity_10960,Mathematics,2024,11.05
10961,Entity_10961,Biology,2010,51.86
10962,Entity_10962,Economics,2011,51.61
10963,Entity_10963,Engineering,2017,39.83
10964,Entity_10964,ComputerScience,2019,62.52
10965,Entity_10965,ComputerScience,2016,57.53
10966,Entity_10966,ComputerScience,2019,83.39
10967,Entity_10967,Physics,2010,79.22
10968,Entity_10968,Physics,2024,62.23
10969,Entity_10969,Mathematics,2011,44.15
10970,Entity_10970,Biology,2010,31.77
10971,Entity_10971,ComputerScience,2021,33.66
10972,Entity_10972,Economics,2023,59.43
10973,Entity_10973,Physics,2024,82.27
10974,Entity_10974,Engineering,2021,72.63
10975,Entity_10975,Biology,2013,67.99
10976,Entity_10976,ComputerScience,2012,95.27
10977,Entity_10977,Physics,2014,78.38
10978,Entity_10978,Economics,2024,56.05
10979,Entity_10979,ComputerScience,2014,50.71
10980,Entity_10980,ComputerScience,2020,29.88
10981,Entity_10981,Physics,2010,15.38
10982,Entity_10982,Economics,2023,24.99
10983,Entity_10983,Mathematics,2015,5.57
10984,Entity_10984,Engineering,2012,55.74
10985,Entity_10985,Engineering,2013,11.6
10986,Entity_10986,Mathematics,2012,47.67
10987,Entity_10987,Mathematics,2017,38.48
10988,Entity_10988,Physics,2019,61.35
10989,Entity_10989,ComputerScience,2021,33.79
10990,Entity_10990,Economics,2010,75.1
10991,Entity_10991,Engineering,2014,20.21
10992,Entity_10992,ComputerScience,2018,85.23
10993,Entity_10993,Physics,2020,30.62
10994,Entity_10994,Biology,2024,61.89
10995,Entity_10995,Physics,2024,79.76
10996,Entity_10996,ComputerScience,2020,65.66
10997,Entity_10997,Physics,2020,98.15
10998,Entity_10998,Biology,2017,12.75
10999,Entity_10999,Engineering,2011,32.75
11000,Entity_11000,Biology,2012,68.65
11001,Entity_11001,ComputerScience,2020,93.68
11002,Entity_11002,Economics,2012,39.59
11003,Entity_11003,Mathematics,2022,7.36
11004,Entity_11004,Biology,2013,85.87
11005,Entity_11005,Economics,2011,84.34
11006,Entity_11006,Physics,2020,61.82
11007,Entity_11007,Engineering,2010,73.38
11008,Entity_11008,Biology,2013,82.19
11009,Entity_11009,Physics,2012,10.7
11010,Entity_11010,Economics,2013,40.31
11011,Entity_11011,ComputerScience,2022,32.9
11012,Entity_11012,Physics,2020,46.59
11013,Entity_11013,Biology,2011,77.51
11014,Entity_11014,Mathematics,2012,56.92
11015,Entity_11015,Engineering,2017,49.25
11016,Entity_11016,Biology,2020,29.91
11017,Entity_11017,Economics,2021,62.26
11018,Entity_11018,Engineering,2011,37.94
11019,Entity_11019,Physics,2010,26.18
11020,Entity_11020,Mathematics,2010,2.02
11021,Entity_11021,Physics,2010,13.96
11022,Entity_11022,Engineering,2016,74.5
11023,Entity_11023,Economics,2013,56.49
11024,Entity_11024,Economics,2019,4.39
11025,Entity_11025,Physics,2021,94.07
11026,Entity_11026,Engineering,2015,88.17
11027,Entity_11027,Physics,2019,32.3
11028,Entity_11028,Biology,2017,76.36
11029,Entity_11029,ComputerScience,2013,65.21
11030,Entity_11030,ComputerScience,2014,1.84
11031,Entity_11031,Engineering,2022,21.37
11032,Entity_11032,Biology,2020,69.29
11033,Entity_11033,Engineering,2015,30.46
11034,Entity_11034,ComputerScience,2018,71.39
11035,Entity_11035,Physics,2013,79.09
11036,Entity_11036,Economics,2018,10.53
11037,Entity_11037,ComputerScience,2024,25.12
11038,Entity_11038,Economics,2020,14.08
11039,Entity_11039,Physics,2011,5.8
11040,Entity_11040,Mathematics,2011,25.12
11041,Entity_11041,Mathematics,2016,6.95
11042,Entity_11042,Economics,2014,16.81
11043,Entity_11043,ComputerScience,2011,24.27
11044,Entity_11044,Engineering,2018,17.74
11045,Entity_11045,Physics,2012,4.12
11046,Entity_11046,Economics,2021,20.5
11047,Entity_11047,Engineering,2011,88.27
11048,Entity_11048,Engineering,2016,52.77
11049,Entity_11049,Engineering,2022,64.08
11050,Entity_11050,Physics,2016,84.27
11051,Entity_11051,Physics,2018,56.97
11052,Entity_11052,Engineering,2020,9.51
11053,Entity_11053,Engineering,2017,99.05
11054,Entity_11054,Engineering,2016,60.42
11055,Entity_11055,Biology,2021,51.52
11056,Entity_11056,Engineering,2014,65.15
11057,Entity_11057,Biology,2017,19.23
11058,Entity_11058,ComputerScience,2010,36.01
11059,Entity_11059,ComputerScience,2014,70.18
11060,Entity_11060,ComputerScience,2022,5.99
11061,Entity_11061,Biology,2024,1.87
11062,Entity_11062,ComputerScience,2016,24.9
11063,Entity_11063,Economics,2015,87.26
11064,Entity_11064,ComputerScience,2022,65.77
11065,Entity_11065,Economics,2023,61.06
11066,Entity_11066,ComputerScience,2012,22.45
11067,Entity_11067,ComputerScience,2018,37.76
11068,Entity_11068,ComputerScience,2024,78.33
11069,Entity_11069,ComputerScience,2019,27.22
11070,Entity_11070,Engineering,2014,36.82
11071,Entity_11071,Mathematics,2016,60.95
11072,Entity_11072,Physics,2019,40.15
11073,Entity_11073,Mathematics,2016,82.45
11074,Entity_11074,Economics,2012,45.9
11075,Entity_11075,Biology,2011,24.4
11076,Entity_11076,Biology,2021,68.75
11077,Entity_11077,ComputerScience,2021,75.77
11078,Entity_11078,Economics,2018,42.11
11079,Entity_11079,Physics,2023,43.14
11080,Entity_11080,Economics,2015,40.68
11081,Entity_11081,Physics,2021,40.77
11082,Entity_11082,Biology,2024,77.86
11083,Entity_11083,Economics,2013,94.06
11084,Entity_11084,Mathematics,2015,49.95
11085,Entity_11085,Biology,2011,20.36
11086,Entity_11086,Economics,2017,75.0
11087,Entity_11087,ComputerScience,2012,73.21
11088,Entity_11088,Physics,2020,65.87
11089,Entity_11089,Engineering,2022,95.58
11090,Entity_11090,Engineering,2016,96.18
11091,Entity_11091,Mathematics,2014,78.96
11092,Entity_11092,Biology,2012,49.93
11093,Entity_11093,Physics,2021,22.62
11094,Entity_11094,Mathematics,2020,11.93
11095,Entity_11095,Biology,2016,78.13
11096,Entity_11096,Engineering,2014,18.24
11097,Entity_11097,Engineering,2011,38.08
11098,Entity_11098,Mathematics,2018,23.45
11099,Entity_11099,Economics,2016,99.04
11100,Entity_11100,Engineering,2016,21.51
11101,Entity_11101,Biology,2014,48.44
11102,Entity_11102,Mathematics,2016,32.01
11103,Entity_11103,Economics,2019,39.36
11104,Entity_11104,Economics,2024,48.82
11105,Entity_11105,ComputerScience,2013,38.36
11106,Entity_11106,Economics,2022,96.17
11107,Entity_11107,ComputerScience,2010,28.55
11108,Entity_11108,Physics,2017,68.61
11109,Entity_11109,Engineering,2013,40.75
11110,Entity_11110,Physics,2021,84.45
11111,Entity_11111,Mathematics,2019,97.58
11112,Entity_11112,Engineering,2012,78.17
11113,Entity_11113,Engineering,2019,12.25
11114,Entity_11114,Engineering,2012,48.77
11115,Entity_11115,ComputerScience,2016,33.65
11116,Entity_11116,Physics,2014,7.38
11117,Entity_11117,Mathematics,2010,38.33
11118,Entity_11118,Engineering,2012,58.32
11119,Entity_11119,ComputerScience,2018,45.71
11120,Entity_11120,Physics,2018,16.53
11121,Entity_11121,Biology,2011,52.34
11122,Entity_11122,ComputerScience,2011,54.11
11123,Entity_11123,Biology,2021,58.76
11124,Entity_11124,Biology,2020,6.29
11125,Entity_11125,Biology,2015,68.04
11126,Entity_11126,Economics,2019,73.18
11127,Entity_11127,Engineering,2018,65.96
11128,Entity_11128,Economics,2017,89.54
11129,Entity_11129,Economics,2019,45.43
11130,Entity_11130,Economics,2010,32.26
11131,Entity_11131,Physics,2011,49.54
11132,Entity_11132,ComputerScience,2014,55.08
11133,Entity_11133,Biology,2022,34.24
11134,Entity_11134,Biology,2015,52.16
11135,Entity_11135,ComputerScience,2018,62.36
11136,Entity_11136,Engineering,2011,99.5
11137,Entity_11137,ComputerScience,2016,8.62
11138,Entity_11138,Physics,2020,80.28
11139,Entity_11139,Engineering,2015,41.23
11140,Entity_11140,Physics,2011,99.32
11141,Entity_11141,Physics,2023,10.32
11142,Entity_11142,Economics,2017,98.13
11143,Entity_11143,Mathematics,2023,35.89
11144,Entity_11144,Physics,2021,86.81
11145,Entity_11145,Biology,2011,42.44
11146,Entity_11146,Mathematics,2019,41.64
11147,Entity_11147,Biology,2024,56.49
11148,Entity_11148,ComputerScience,2011,57.82
11149,Entity_11149,Physics,2018,85.44
11150,Entity_11150,Engineering,2019,65.18
11151,Entity_11151,Economics,2010,39.8
11152,Entity_11152,Physics,2021,5.69
11153,Entity_11153,Physics,2020,82.51
11154,Entity_11154,Biology,2011,43.18
11155,Entity_11155,Biology,2015,19.66
11156,Entity_11156,Engineering,2021,18.0
11157,Entity_11157,Biology,2013,80.45
11158,Entity_11158,Engineering,2013,42.74
11159,Entity_11159,ComputerScience,2022,83.92
11160,Entity_11160,ComputerScience,2017,61.78
11161,Entity_11161,Economics,2015,27.51
11162,Entity_11162,ComputerScience,2022,84.94
11163,Entity_11163,Mathematics,2021,60.6
11164,Entity_11164,ComputerScience,2013,48.15
11165,Entity_11165,Physics,2019,36.37
11166,Entity_11166,Mathematics,2015,52.07
11167,Entity_11167,Mathematics,2018,23.27
11168,Entity_11168,Engineering,2016,90.48
11169,Entity_11169,Physics,2020,60.17
11170,Entity_11170,Economics,2018,76.09
11171,Entity_11171,ComputerScience,2012,48.7
11172,Entity_11172,Mathematics,2021,22.56
11173,Entity_11173,Engineering,2012,15.4
11174,Entity_11174,Mathematics,2022,96.15
11175,Entity_11175,Mathematics,2011,44.36
11176,Entity_11176,Mathematics,2011,83.53
11177,Entity_11177,Engineering,2021,19.24
11178,Entity_11178,Economics,2024,87.94
11179,Entity_11179,Engineering,2021,84.46
11180,Entity_11180,Mathematics,2023,49.86
11181,Entity_11181,Biology,2024,18.77
11182,Entity_11182,ComputerScience,2023,70.62
11183,Entity_11183,Physics,2021,19.6
11184,Entity_11184,ComputerScience,2011,69.93
11185,Entity_11185,Biology,2013,57.57
11186,Entity_11186,Mathematics,2015,26.56
11187,Entity_11187,Physics,2021,77.48
11188,Entity_11188,Mathematics,2015,24.14
11189,Entity_11189,Mathematics,2016,22.55
11190,Entity_11190,ComputerScience,2019,24.99
11191,Entity_11191,Biology,2019,40.59
11192,Entity_11192,Engineering,2021,34.43
11193,Entity_11193,Economics,2010,65.41
11194,Entity_11194,Biology,2021,66.5
11195,Entity_11195,Mathematics,2024,79.04
11196,Entity_11196,Economics,2017,14.43
11197,Entity_11197,Mathematics,2024,73.21
11198,Entity_11198,Economics,2021,61.52
11199,Entity_11199,Physics,2021,11.65
11200,Entity_11200,Biology,2020,77.86
11201,Entity_11201,Physics,2015,65.43
11202,Entity_11202,ComputerScience,2016,40.65
11203,Entity_11203,ComputerScience,2011,87.86
11204,Entity_11204,Physics,2019,47.58
11205,Entity_11205,Biology,2017,3.85
11206,Entity_11206,Engineering,2012,12.98
11207,Entity_11207,Engineering,2013,70.95
11208,Entity_11208,ComputerScience,2021,92.07
11209,Entity_11209,Mathematics,2012,65.4
11210,Entity_11210,Engineering,2012,73.76
11211,Entity_11211,Mathematics,2011,69.15
11212,Entity_11212,Economics,2024,79.4
11213,Entity_11213,Engineering,2013,81.27
11214,Entity_11214,ComputerScience,2016,67.7
11215,Entity_11215,Physics,2012,73.62
11216,Entity_11216,Biology,2015,31.55
11217,Entity_11217,ComputerScience,2011,89.26
11218,Entity_11218,ComputerScience,2020,79.3
11219,Entity_11219,Mathematics,2014,17.65
11220,Entity_11220,Economics,2023,85.45
11221,Entity_11221,Physics,2020,98.54
11222,Entity_11222,ComputerScience,2012,69.62
11223,Entity_11223,Physics,2022,83.84
11224,Entity_11224,Mathematics,2010,70.07
11225,Entity_11225,Mathematics,2017,41.72
11226,Entity_11226,Engineering,2024,93.86
11227,Entity_11227,ComputerScience,2020,73.85
11228,Entity_11228,Biology,2020,7.45
11229,Entity_11229,Mathematics,2016,98.98
11230,Entity_11230,ComputerScience,2019,80.47
11231,Entity_11231,Mathematics,2011,31.58
11232,Entity_11232,Mathematics,2013,62.48
11233,Entity_11233,Economics,2021,7.43
11234,Entity_11234,Physics,2017,4.85
11235,Entity_11235,Mathematics,2023,63.99
11236,Entity_11236,Mathematics,2023,33.15
11237,Entity_11237,ComputerScience,2020,63.71
11238,Entity_11238,ComputerScience,2018,91.02
11239,Entity_11239,Physics,2016,86.15
11240,Entity_11240,Engineering,2024,82.36
11241,Entity_11241,ComputerScience,2010,64.66
11242,Entity_11242,Mathematics,2016,32.63
11243,Entity_11243,Mathematics,2012,75.19
11244,Entity_11244,Economics,2012,4.49
11245,Entity_11245,Physics,2013,48.55
11246,Entity_11246,Engineering,2016,43.85
11247,Entity_11247,Engineering,2024,99.9
11248,Entity_11248,Economics,2012,77.76
11249,Entity_11249,Economics,2015,24.14
11250,Entity_11250,Economics,2016,10.23
11251,Entity_11251,Mathematics,2011,83.64
11252,Entity_11252,Engineering,2023,54.63
11253,Entity_11253,Physics,2019,68.0
11254,Entity_11254,Economics,2022,23.82
11255,Entity_11255,Mathematics,2012,28.76
11256,Entity_11256,Engineering,2023,15.73
11257,Entity_11257,ComputerScience,2016,43.04
11258,Entity_11258,Physics,2018,74.72
11259,Entity_11259,Mathematics,2016,19.94
11260,Entity_11260,Mathematics,2020,52.22
11261,Entity_11261,Economics,2013,95.27
11262,Entity_11262,Mathematics,2013,47.79
11263,Entity_11263,ComputerScience,2021,53.15
11264,Entity_11264,Biology,2024,61.62
11265,Entity_11265,Engineering,2010,51.27
11266,Entity_11266,Mathematics,2022,29.51
11267,Entity_11267,Mathematics,2013,73.02
11268,Entity_11268,Physics,2016,94.43
11269,Entity_11269,Physics,2018,33.65
11270,Entity_11270,ComputerScience,2017,27.63
11271,Entity_11271,Mathematics,2023,83.45
11272,Entity_11272,Economics,2023,35.39
11273,Entity_11273,Economics,2020,90.44
11274,Entity_11274,Economics,2022,62.52
11275,Entity_11275,Mathematics,2019,27.93
11276,Entity_11276,Biology,2023,63.52
11277,Entity_11277,ComputerScience,2013,57.36
11278,Entity_11278,Economics,2023,96.06
11279,Entity_11279,Mathematics,2015,21.74
11280,Entity_11280,Economics,2011,84.11
11281,Entity_11281,Biology,2016,33.49
11282,Entity_11282,Mathematics,2017,13.34
11283,Entity_11283,Economics,2018,20.94
11284,Entity_11284,ComputerScience,2022,59.6
11285,Entity_11285,Economics,2015,28.12
11286,Entity_11286,Economics,2018,95.0
11287,Entity_11287,Physics,2024,28.2
11288,Entity_11288,Mathematics,2021,73.24
11289,Entity_11289,Engineering,2016,67.03
11290,Entity_11290,Economics,2016,43.54
11291,Entity_11291,Economics,2018,61.52
11292,Entity_11292,Mathematics,2017,2.62
11293,Entity_11293,Engineering,2011,46.3
11294,Entity_11294,Engineering,2010,87.35
11295,Entity_11295,Biology,2019,6.1
11296,Entity_11296,Mathematics,2019,44.59
11297,Entity_11297,ComputerScience,2011,3.61
11298,Entity_11298,Physics,2022,52.84
11299,Entity_11299,Engineering,2024,94.59
11300,Entity_11300,ComputerScience,2015,39.83
11301,Entity_11301,Mathematics,2016,43.78
11302,Entity_11302,Mathematics,2010,65.61
11303,Entity_11303,ComputerScience,2018,73.07
11304,Entity_11304,Biology,2010,68.94
11305,Entity_11305,Biology,2017,66.56
11306,Entity_11306,Mathematics,2019,88.8
11307,Entity_11307,Engineering,2012,21.24
11308,Entity_11308,Engineering,2013,97.0
11309,Entity_11309,Mathematics,2019,88.87
11310,Entity_11310,Biology,2019,52.2
11311,Entity_11311,ComputerScience,2024,97.66
11312,Entity_11312,Mathematics,2015,76.19
11313,Entity_11313,ComputerScience,2020,34.18
11314,Entity_11314,Biology,2016,85.83
11315,Entity_11315,Economics,2022,94.89
11316,Entity_11316,Biology,2015,31.78
11317,Entity_11317,Physics,2023,71.48
11318,Entity_11318,Mathematics,2024,18.62
11319,Entity_11319,Economics,2016,8.14
11320,Entity_11320,Engineering,2018,59.19
11321,Entity_11321,Mathematics,2022,45.12
11322,Entity_11322,Mathematics,2010,84.6
11323,Entity_11323,Mathematics,2010,98.05
11324,Entity_11324,Engineering,2023,24.83
11325,Entity_11325,Mathematics,2023,70.87
11326,Entity_11326,Biology,2016,74.71
11327,Entity_11327,Biology,2023,83.26
11328,Entity_11328,Economics,2022,8.06
11329,Entity_11329,Biology,2022,75.83
11330,Entity_11330,Economics,2020,29.46
11331,Entity_11331,Physics,2022,75.12
11332,Entity_11332,Economics,2023,6.13
11333,Entity_11333,Biology,2013,32.98
11334,Entity_11334,Mathematics,2013,2.88
11335,Entity_11335,ComputerScience,2010,77.21
11336,Entity_11336,Physics,2017,55.38
11337,Entity_11337,Biology,2019,34.01
11338,Entity_11338,Economics,2020,21.63
11339,Entity_11339,Mathematics,2020,92.15
11340,Entity_11340,Mathematics,2012,90.75
11341,Entity_11341,Engineering,2017,46.51
11342,Entity_11342,Economics,2016,76.14
11343,Entity_11343,ComputerScience,2024,22.41
11344,Entity_11344,Mathematics,2016,15.52
11345,Entity_11345,Physics,2021,42.82
11346,Entity_11346,Mathematics,2014,68.32
11347,Entity_11347,Physics,2020,59.92
11348,Entity_11348,Biology,2018,78.31
11349,Entity_11349,Biology,2021,74.14
11350,Entity_11350,Physics,2013,11.39
11351,Entity_11351,ComputerScience,2020,96.34
11352,Entity_11352,Physics,2013,37.71
11353,Entity_11353,Engineering,2016,9.79
11354,Entity_11354,Engineering,2023,74.54
11355,Entity_11355,ComputerScience,2017,88.4
11356,Entity_11356,ComputerScience,2024,45.2
11357,Entity_11357,Mathematics,2023,36.38
11358,Entity_11358,Biology,2024,43.37
11359,Entity_11359,Engineering,2016,89.13
11360,Entity_11360,Biology,2013,94.38
11361,Entity_11361,Biology,2018,32.0
11362,Entity_11362,ComputerScience,2018,61.81
11363,Entity_11363,Economics,2024,88.76
11364,Entity_11364,Biology,2023,50.09
11365,Entity_11365,Biology,2022,86.01
11366,Entity_11366,Economics,2014,68.73
11367,Entity_11367,Engineering,2013,94.15
11368,Entity_11368,Economics,2021,34.09
11369,Entity_11369,Economics,2015,85.0
11370,Entity_11370,Biology,2021,46.51
11371,Entity_11371,Mathematics,2024,82.76
11372,Entity_11372,ComputerScience,2022,78.62
11373,Entity_11373,Biology,2016,47.11
11374,Entity_11374,Economics,2017,28.86
11375,Entity_11375,Mathematics,2023,15.88
11376,Entity_11376,Biology,2016,47.26
11377,Entity_11377,ComputerScience,2014,60.08
11378,Entity_11378,Mathematics,2013,30.51
11379,Entity_11379,ComputerScience,2015,75.68
11380,Entity_11380,Physics,2020,77.92
11381,Entity_11381,ComputerScience,2019,59.25
11382,Entity_11382,ComputerScience,2020,72.05
11383,Entity_11383,Economics,2023,28.5
11384,Entity_11384,ComputerScience,2022,41.5
11385,Entity_11385,Biology,2015,72.87
11386,Entity_11386,Physics,2013,74.74
11387,Entity_11387,Engineering,2014,35.0
11388,Entity_11388,Economics,2022,34.02
11389,Entity_11389,Engineering,2016,37.18
11390,Entity_11390,Mathematics,2012,91.47
11391,Entity_11391,Engineering,2012,94.21
11392,Entity_11392,Biology,2010,63.5
11393,Entity_11393,Engineering,2022,2.33
11394,Entity_11394,ComputerScience,2014,47.18
11395,Entity_11395,Economics,2021,8.79
11396,Entity_11396,ComputerScience,2021,25.31
11397,Entity_11397,Mathematics,2019,98.97
11398,Entity_11398,Engineering,2015,82.62
11399,Entity_11399,ComputerScience,2011,60.4
11400,Entity_11400,Economics,2018,57.2
11401,Entity_11401,Engineering,2016,83.52
11402,Entity_11402,ComputerScience,2011,55.21
11403,Entity_11403,Engineering,2024,32.51
11404,Entity_11404,Physics,2021,96.2
11405,Entity_11405,Mathematics,2016,43.21
11406,Entity_11406,Mathematics,2021,31.33
11407,Entity_11407,Biology,2016,92.41
11408,Entity_11408,Economics,2020,76.65
11409,Entity_11409,Biology,2018,49.2
11410,Entity_11410,ComputerScience,2014,72.33
11411,Entity_11411,Engineering,2019,41.75
11412,Entity_11412,Engineering,2020,85.99
11413,Entity_11413,Biology,2018,88.66
11414,Entity_11414,Engineering,2019,2.57
11415,Entity_11415,Mathematics,2021,14.18
11416,Entity_11416,Biology,2015,97.82
11417,Entity_11417,Economics,2015,2.66
11418,Entity_11418,Engineering,2019,7.71
11419,Entity_11419,Engineering,2012,70.44
11420,Entity_11420,Engineering,2013,1.36
11421,Entity_11421,Physics,2019,70.73
11422,Entity_11422,Biology,2016,90.92
11423,Entity_11423,ComputerScience,2015,28.55
11424,Entity_11424,Biology,2020,24.95
11425,Entity_11425,Economics,2016,18.3
11426,Entity_11426,Physics,2011,26.08
11427,Entity_11427,Mathematics,2011,22.41
11428,Entity_11428,ComputerScience,2018,39.47
11429,Entity_11429,ComputerScience,2014,48.97
11430,Entity_11430,Biology,2023,25.12
11431,Entity_11431,Economics,2019,83.96
11432,Entity_11432,Mathematics,2017,73.59
11433,Entity_11433,Economics,2015,17.6
11434,Entity_11434,Biology,2014,86.61
11435,Entity_11435,Physics,2010,19.61
11436,Entity_11436,Economics,2014,28.92
11437,Entity_11437,ComputerScience,2024,89.82
11438,Entity_11438,Engineering,2012,91.72
11439,Entity_11439,Physics,2022,50.95
11440,Entity_11440,Engineering,2013,83.99
11441,Entity_11441,ComputerScience,2018,91.66
11442,Entity_11442,Engineering,2021,75.72
11443,Entity_11443,Biology,2016,31.7
11444,Entity_11444,Biology,2017,30.94
11445,Entity_11445,Physics,2011,96.97
11446,Entity_11446,Mathematics,2011,51.04
11447,Entity_11447,Physics,2010,14.99
11448,Entity_11448,Economics,2015,20.36
11449,Entity_11449,Biology,2022,32.51
11450,Entity_11450,ComputerScience,2015,21.79
11451,Entity_11451,Economics,2024,53.2
11452,Entity_11452,Economics,2015,64.13
11453,Entity_11453,Engineering,2011,49.41
11454,Entity_11454,Economics,2015,35.03
11455,Entity_11455,Economics,2022,62.37
11456,Entity_11456,Economics,2018,31.06
11457,Entity_11457,Engineering,2022,97.37
11458,Entity_11458,Physics,2018,97.94
11459,Entity_11459,Mathematics,2015,80.96
11460,Entity_11460,ComputerScience,2016,46.61
11461,Entity_11461,Economics,2012,22.3
11462,Entity_11462,Physics,2023,10.61
11463,Entity_11463,Physics,2014,53.72
11464,Entity_11464,Economics,2011,55.23
11465,Entity_11465,Engineering,2022,5.06
11466,Entity_11466,ComputerScience,2013,96.09
11467,Entity_11467,ComputerScience,2023,26.56
11468,Entity_11468,Biology,2013,26.65
11469,Entity_11469,Engineering,2019,98.22
11470,Entity_11470,Physics,2014,91.56
11471,Entity_11471,ComputerScience,2021,61.22
11472,Entity_11472,Mathematics,2019,46.87
11473,Entity_11473,Physics,2022,84.85
11474,Entity_11474,Economics,2021,92.45
11475,Entity_11475,Physics,2011,51.99
11476,Entity_11476,Physics,2017,90.56
11477,Entity_11477,Mathematics,2011,99.02
11478,Entity_11478,Mathematics,2021,40.76
11479,Entity_11479,Physics,2013,9.3
11480,Entity_11480,Engineering,2015,36.88
11481,Entity_11481,ComputerScience,2011,32.75
11482,Entity_11482,ComputerScience,2013,6.83
11483,Entity_11483,Mathematics,2014,2.02
11484,Entity_11484,Biology,2018,9.71
11485,Entity_11485,Engineering,2011,89.48
11486,Entity_11486,Economics,2024,74.3
11487,Entity_11487,Mathematics,2019,55.35
11488,Entity_11488,Engineering,2022,31.97
11489,Entity_11489,Biology,2016,74.4
11490,Entity_11490,Engineering,2016,24.5
11491,Entity_11491,Mathematics,2015,98.81
11492,Entity_11492,Mathematics,2011,78.53
11493,Entity_11493,Engineering,2012,60.17
11494,Entity_11494,ComputerScience,2012,41.25
11495,Entity_11495,Economics,2023,90.58
11496,Entity_11496,Mathematics,2015,16.12
11497,Entity_11497,Biology,2014,68.76
11498,Entity_11498,Economics,2024,73.64
11499,Entity_11499,ComputerScience,2010,42.52
11500,Entity_11500,ComputerScience,2024,69.78
11501,Entity_11501,Biology,2020,38.67
11502,Entity_11502,Economics,2011,2.71
11503,Entity_11503,Engineering,2021,53.12
11504,Entity_11504,Physics,2012,66.75
11505,Entity_11505,Physics,2022,74.27
11506,Entity_11506,Biology,2018,15.0
11507,Entity_11507,Economics,2024,13.47
11508,Entity_11508,Engineering,2011,63.65
11509,Entity_11509,Biology,2015,92.86
11510,Entity_11510,Biology,2012,65.39
11511,Entity_11511,Biology,2023,62.21
11512,Entity_11512,Biology,2012,4.02
11513,Entity_11513,Physics,2020,27.83
11514,Entity_11514,Economics,2022,93.31
11515,Entity_11515,ComputerScience,2021,1.38
11516,Entity_11516,Mathematics,2019,23.81
11517,Entity_11517,Engineering,2022,63.78
11518,Entity_11518,Engineering,2015,49.74
11519,Entity_11519,Physics,2018,63.1
11520,Entity_11520,ComputerScience,2021,20.92
11521,Entity_11521,Physics,2010,5.62
11522,Entity_11522,Engineering,2020,46.87
11523,Entity_11523,Mathematics,2018,34.62
11524,Entity_11524,Biology,2021,13.75
11525,Entity_11525,Physics,2018,46.84
11526,Entity_11526,ComputerScience,2012,61.4
11527,Entity_11527,ComputerScience,2014,34.13
11528,Entity_11528,Engineering,2022,5.42
11529,Entity_11529,Engineering,2018,88.57
11530,Entity_11530,Engineering,2010,70.94
11531,Entity_11531,Physics,2024,63.54
11532,Entity_11532,Economics,2016,2.58
11533,Entity_11533,Biology,2010,29.52
11534,Entity_11534,ComputerScience,2012,79.34
11535,Entity_11535,Physics,2014,2.27
11536,Entity_11536,Mathematics,2023,30.74
11537,Entity_11537,Biology,2014,45.66
11538,Entity_11538,Biology,2021,97.99
11539,Entity_11539,Mathematics,2010,72.08
11540,Entity_11540,ComputerScience,2014,87.19
11541,Entity_11541,Engineering,2018,97.23
11542,Entity_11542,Economics,2018,33.72
11543,Entity_11543,Biology,2021,26.7
11544,Entity_11544,ComputerScience,2011,90.16
11545,Entity_11545,Mathematics,2020,84.26
11546,Entity_11546,Biology,2022,14.32
11547,Entity_11547,Economics,2018,49.72
11548,Entity_11548,Economics,2024,51.53
11549,Entity_11549,Engineering,2024,38.71
11550,Entity_11550,Biology,2021,98.27
11551,Entity_11551,Economics,2019,83.13
11552,Entity_11552,ComputerScience,2013,39.55
11553,Entity_11553,ComputerScience,2016,65.07
11554,Entity_11554,Physics,2023,59.57
11555,Entity_11555,ComputerScience,2011,80.14
11556,Entity_11556,Physics,2018,38.84
11557,Entity_11557,Mathematics,2017,83.24
11558,Entity_11558,Mathematics,2020,75.57
11559,Entity_11559,ComputerScience,2022,58.16
11560,Entity_11560,ComputerScience,2013,51.39
11561,Entity_11561,Physics,2015,13.0
11562,Entity_11562,Engineering,2021,26.38
11563,Entity_11563,Economics,2019,79.97
11564,Entity_11564,Mathematics,2021,25.34
11565,Entity_11565,Physics,2021,57.38
11566,Entity_11566,Mathematics,2011,59.32
11567,Entity_11567,ComputerScience,2014,46.5
11568,Entity_11568,Economics,2021,5.73
11569,Entity_11569,Mathematics,2013,31.45
11570,Entity_11570,Physics,2018,24.7
11571,Entity_11571,Mathematics,2024,10.2
11572,Entity_11572,Engineering,2016,47.95
11573,Entity_11573,Engineering,2010,82.19
11574,Entity_11574,Mathematics,2021,22.89
11575,Entity_11575,Engineering,2021,39.99
11576,Entity_11576,ComputerScience,2022,56.1
11577,Entity_11577,Economics,2022,52.19
11578,Entity_11578,Engineering,2018,75.07
11579,Entity_11579,Biology,2023,80.17
11580,Entity_11580,Biology,2021,66.42
11581,Entity_11581,Economics,2024,17.51
11582,Entity_11582,Engineering,2020,53.94
11583,Entity_11583,Physics,2023,88.7
11584,Entity_11584,Economics,2024,17.31
11585,Entity_11585,Economics,2024,1.16
11586,Entity_11586,ComputerScience,2018,22.62
11587,Entity_11587,Physics,2015,21.76
11588,Entity_11588,Biology,2024,51.49
11589,Entity_11589,Mathematics,2016,53.98
11590,Entity_11590,Mathematics,2020,94.27
11591,Entity_11591,Biology,2017,90.76
11592,Entity_11592,Engineering,2017,50.74
11593,Entity_11593,Economics,2016,28.58
11594,Entity_11594,Economics,2013,48.48
11595,Entity_11595,Mathematics,2021,28.79
11596,Entity_11596,Mathematics,2023,57.91
11597,Entity_11597,Mathematics,2012,8.86
11598,Entity_11598,Mathematics,2020,20.87
11599,Entity_11599,Biology,2015,89.83
11600,Entity_11600,Engineering,2022,71.2
11601,Entity_11601,Economics,2020,16.71
11602,Entity_11602,Economics,2021,62.64
11603,Entity_11603,Mathematics,2018,71.15
11604,Entity_11604,Mathematics,2011,96.73
11605,Entity_11605,ComputerScience,2021,63.98
11606,Entity_11606,Economics,2016,68.71
11607,Entity_11607,Physics,2016,44.93
11608,Entity_11608,ComputerScience,2023,75.07
11609,Entity_11609,ComputerScience,2022,62.09
11610,Entity_11610,Biology,2016,26.46
11611,Entity_11611,Physics,2014,61.7
11612,Entity_11612,Mathematics,2022,32.51
11613,Entity_11613,Mathematics,2022,64.49
11614,Entity_11614,Mathematics,2024,12.05
11615,Entity_11615,Biology,2017,53.41
11616,Entity_11616,Biology,2013,93.6
11617,Entity_11617,ComputerScience,2024,81.09
11618,Entity_11618,Economics,2013,35.75
11619,Entity_11619,Economics,2023,19.18
11620,Entity_11620,ComputerScience,2016,78.64
11621,Entity_11621,ComputerScience,2011,76.1
11622,Entity_11622,Mathematics,2019,48.06
11623,Entity_11623,Engineering,2012,18.08
11624,Entity_11624,Mathematics,2012,13.5
11625,Entity_11625,Mathematics,2022,54.6
11626,Entity_11626,Engineering,2013,31.23
11627,Entity_11627,Engineering,2019,17.57
11628,Entity_11628,Biology,2016,55.78
11629,Entity_11629,Economics,2020,52.47
11630,Entity_11630,Mathematics,2016,65.84
11631,Entity_11631,ComputerScience,2011,80.64
11632,Entity_11632,Economics,2010,28.18
11633,Entity_11633,Physics,2013,91.09
11634,Entity_11634,Economics,2010,8.13
11635,Entity_11635,Mathematics,2023,22.7
11636,Entity_11636,Engineering,2013,38.1
11637,Entity_11637,Economics,2016,40.62
11638,Entity_11638,Engineering,2017,11.33
11639,Entity_11639,Mathematics,2015,26.86
11640,Entity_11640,Biology,2024,2.56
11641,Entity_11641,Physics,2019,16.27
11642,Entity_11642,Biology,2010,61.89
11643,Entity_11643,Biology,2017,85.72
11644,Entity_11644,Engineering,2023,99.07
11645,Entity_11645,Engineering,2021,14.64
11646,Entity_11646,Physics,2010,63.28
11647,Entity_11647,Engineering,2013,40.11
11648,Entity_11648,Engineering,2023,79.54
11649,Entity_11649,Economics,2019,7.23
11650,Entity_11650,Economics,2021,16.16
11651,Entity_11651,Economics,2023,98.17
11652,Entity_11652,Biology,2017,74.15
11653,Entity_11653,Engineering,2012,80.5
11654,Entity_11654,Mathematics,2021,5.21
11655,Entity_11655,ComputerScience,2024,88.24
11656,Entity_11656,Mathematics,2015,72.54
11657,Entity_11657,Engineering,2023,65.98
11658,Entity_11658,Economics,2013,86.23
11659,Entity_11659,Engineering,2017,45.94
11660,Entity_11660,Mathematics,2018,14.74
11661,Entity_11661,Physics,2016,19.06
11662,Entity_11662,Mathematics,2013,94.3
11663,Entity_11663,Mathematics,2016,48.29
11664,Entity_11664,Economics,2014,29.57
11665,Entity_11665,Biology,2010,45.14
11666,Entity_11666,Economics,2022,83.39
11667,Entity_11667,Biology,2023,35.0
11668,Entity_11668,Engineering,2022,89.48
11669,Entity_11669,Engineering,2019,93.88
11670,Entity_11670,Economics,2018,7.4
11671,Entity_11671,Biology,2015,37.66
11672,Entity_11672,Physics,2019,68.08
11673,Entity_11673,Mathematics,2014,10.5
11674,Entity_11674,Mathematics,2019,78.29
11675,Entity_11675,Mathematics,2013,67.55
11676,Entity_11676,Biology,2024,28.28
11677,Entity_11677,Economics,2012,52.48
11678,Entity_11678,Engineering,2022,25.21
11679,Entity_11679,Engineering,2015,66.63
11680,Entity_11680,Biology,2014,44.56
11681,Entity_11681,Biology,2015,38.54
11682,Entity_11682,Mathematics,2019,89.89
11683,Entity_11683,Biology,2010,36.8
11684,Entity_11684,Mathematics,2021,61.66
11685,Entity_11685,Engineering,2022,71.13
11686,Entity_11686,Engineering,2023,31.29
11687,Entity_11687,Biology,2018,47.6
11688,Entity_11688,Biology,2011,34.29
11689,Entity_11689,Biology,2022,56.8
11690,Entity_11690,Physics,2021,1.26
11691,Entity_11691,Economics,2014,77.0
11692,Entity_11692,ComputerScience,2017,41.09
11693,Entity_11693,Engineering,2013,30.55
11694,Entity_11694,ComputerScience,2015,21.84
11695,Entity_11695,Economics,2017,47.2
11696,Entity_11696,ComputerScience,2020,5.73
11697,Entity_11697,ComputerScience,2015,64.7
11698,Entity_11698,Biology,2017,86.02
11699,Entity_11699,Mathematics,2019,96.13
11700,Entity_11700,Physics,2020,8.1
11701,Entity_11701,Engineering,2014,69.73
11702,Entity_11702,Biology,2012,18.12
11703,Entity_11703,Mathematics,2017,96.23
11704,Entity_11704,Mathematics,2016,26.2
11705,Entity_11705,Physics,2015,27.77
11706,Entity_11706,Engineering,2020,49.29
11707,Entity_11707,ComputerScience,2016,53.86
11708,Entity_11708,Engineering,2015,47.29
11709,Entity_11709,Economics,2020,32.09
11710,Entity_11710,Physics,2023,15.31
11711,Entity_11711,Mathematics,2015,35.6
11712,Entity_11712,ComputerScience,2023,77.75
11713,Entity_11713,Engineering,2019,78.79
11714,Entity_11714,Mathematics,2017,74.94
11715,Entity_11715,Mathematics,2023,49.29
11716,Entity_11716,Economics,2011,65.71
11717,Entity_11717,Biology,2010,16.38
11718,Entity_11718,Economics,2022,91.0
11719,Entity_11719,Engineering,2020,12.64
11720,Entity_11720,Physics,2016,17.6
11721,Entity_11721,Physics,2021,73.87
11722,Entity_11722,Engineering,2014,44.96
11723,Entity_11723,Mathematics,2010,47.04
11724,Entity_11724,Mathematics,2016,80.88
11725,Entity_11725,Biology,2020,71.92
11726,Entity_11726,Mathematics,2021,97.93
11727,Entity_11727,Engineering,2019,49.42
11728,Entity_11728,Engineering,2013,97.45
11729,Entity_11729,ComputerScience,2018,35.58
11730,Entity_11730,Mathematics,2019,34.66
11731,Entity_11731,ComputerScience,2018,71.57
11732,Entity_11732,Biology,2014,37.91
11733,Entity_11733,Biology,2010,13.14
11734,Entity_11734,ComputerScience,2013,61.24
11735,Entity_11735,Biology,2011,2.91
11736,Entity_11736,Biology,2015,61.96
11737,Entity_11737,ComputerScience,2020,84.79
11738,Entity_11738,ComputerScience,2017,75.22
11739,Entity_11739,Biology,2017,57.71
11740,Entity_11740,Engineering,2014,57.89
11741,Entity_11741,Biology,2018,43.82
11742,Entity_11742,Economics,2012,94.47
11743,Entity_11743,Mathematics,2015,68.31
11744,Entity_11744,Biology,2024,70.66
11745,Entity_11745,ComputerScience,2021,80.01
11746,Entity_11746,Economics,2022,78.28
11747,Entity_11747,Engineering,2018,77.29
11748,Entity_11748,Economics,2016,45.07
11749,Entity_11749,Engineering,2013,35.94
11750,Entity_11750,Physics,2022,43.42
11751,Entity_11751,Physics,2015,88.04
11752,Entity_11752,Mathematics,2021,53.19
11753,Entity_11753,Biology,2010,49.42
11754,Entity_11754,Biology,2012,14.15
11755,Entity_11755,Economics,2013,27.74
11756,Entity_11756,ComputerScience,2013,23.82
11757,Entity_11757,Mathematics,2023,11.54
11758,Entity_11758,Physics,2019,1.72
11759,Entity_11759,Mathematics,2013,5.67
11760,Entity_11760,Biology,2024,85.87
11761,Entity_11761,Physics,2017,63.89
11762,Entity_11762,Economics,2013,43.79
11763,Entity_11763,Engineering,2024,23.28
11764,Entity_11764,Biology,2021,77.42
11765,Entity_11765,Economics,2016,44.72
11766,Entity_11766,ComputerScience,2021,27.53
11767,Entity_11767,ComputerScience,2013,70.66
11768,Entity_11768,Engineering,2010,66.76
11769,Entity_11769,Biology,2020,72.37
11770,Entity_11770,Mathematics,2022,63.26
11771,Entity_11771,Mathematics,2018,81.56
11772,Entity_11772,Biology,2023,3.49
11773,Entity_11773,Physics,2023,34.93
11774,Entity_11774,Engineering,2016,24.49
11775,Entity_11775,Engineering,2017,81.17
11776,Entity_11776,Mathematics,2021,78.06
11777,Entity_11777,ComputerScience,2012,88.75
11778,Entity_11778,Economics,2016,43.49
11779,Entity_11779,Economics,2011,9.76
11780,Entity_11780,Physics,2020,13.71
11781,Entity_11781,Physics,2022,80.42
11782,Entity_11782,ComputerScience,2014,63.04
11783,Entity_11783,Physics,2015,86.81
11784,Entity_11784,Biology,2011,92.4
11785,Entity_11785,Economics,2017,79.18
11786,Entity_11786,Economics,2019,80.8
11787,Entity_11787,Physics,2023,33.98
11788,Entity_11788,Economics,2023,31.31
11789,Entity_11789,Mathematics,2017,96.41
11790,Entity_11790,Engineering,2020,28.01
11791,Entity_11791,Mathematics,2021,22.26
11792,Entity_11792,Mathematics,2020,82.08
11793,Entity_11793,Mathematics,2014,92.53
11794,Entity_11794,ComputerScience,2018,10.66
11795,Entity_11795,Engineering,2018,66.91
11796,Entity_11796,Engineering,2015,9.45
11797,Entity_11797,Biology,2024,45.56
11798,Entity_11798,Economics,2010,69.03
11799,Entity_11799,Physics,2010,21.4
11800,Entity_11800,Engineering,2020,54.45
11801,Entity_11801,Engineering,2019,22.42
11802,Entity_11802,Engineering,2016,51.79
11803,Entity_11803,ComputerScience,2018,78.08
11804,Entity_11804,Mathematics,2023,50.17
11805,Entity_11805,ComputerScience,2014,38.82
11806,Entity_11806,Physics,2012,3.76
11807,Entity_11807,ComputerScience,2014,66.53
11808,Entity_11808,Physics,2013,25.05
11809,Entity_11809,Mathematics,2010,90.04
11810,Entity_11810,ComputerScience,2012,44.85
11811,Entity_11811,Economics,2013,91.23
11812,Entity_11812,ComputerScience,2013,1.16
11813,Entity_11813,Biology,2024,77.99
11814,Entity_11814,Mathematics,2017,90.89
11815,Entity_11815,ComputerScience,2021,57.73
11816,Entity_11816,Biology,2020,66.84
11817,Entity_11817,Biology,2011,97.16
11818,Entity_11818,Physics,2022,47.04
11819,Entity_11819,Physics,2021,60.77
11820,Entity_11820,ComputerScience,2017,42.69
11821,Entity_11821,Biology,2021,84.0
11822,Entity_11822,Engineering,2016,19.37
11823,Entity_11823,ComputerScience,2017,15.58
11824,Entity_11824,Mathematics,2018,52.83
11825,Entity_11825,Economics,2016,56.53
11826,Entity_11826,Engineering,2014,11.19
11827,Entity_11827,Biology,2023,57.86
11828,Entity_11828,ComputerScience,2013,88.72
11829,Entity_11829,Engineering,2012,39.33
11830,Entity_11830,Mathematics,2020,33.52
11831,Entity_11831,Biology,2014,61.86
11832,Entity_11832,Biology,2014,11.81
11833,Entity_11833,Economics,2011,40.73
11834,Entity_11834,Mathematics,2021,90.71
11835,Entity_11835,Physics,2019,68.49
11836,Entity_11836,Biology,2022,91.26
11837,Entity_11837,Economics,2010,96.56
11838,Entity_11838,Engineering,2021,75.32
11839,Entity_11839,Engineering,2010,23.72
11840,Entity_11840,Physics,2015,81.62
11841,Entity_11841,ComputerScience,2021,96.17
11842,Entity_11842,Biology,2020,6.25
11843,Entity_11843,Economics,2011,74.0
11844,Entity_11844,Mathematics,2018,57.81
11845,Entity_11845,Physics,2016,99.35
11846,Entity_11846,Physics,2019,39.73
11847,Entity_11847,ComputerScience,2017,28.45
11848,Entity_11848,ComputerScience,2015,92.31
11849,Entity_11849,ComputerScience,2019,25.65
11850,Entity_11850,Biology,2021,14.72
11851,Entity_11851,Mathematics,2012,40.75
11852,Entity_11852,ComputerScience,2012,18.25
11853,Entity_11853,Biology,2019,73.76
11854,Entity_11854,ComputerScience,2018,71.08
11855,Entity_11855,Biology,2015,79.47
11856,Entity_11856,Economics,2010,15.01
11857,Entity_11857,Economics,2013,20.7
11858,Entity_11858,Mathematics,2018,23.85
11859,Entity_11859,Economics,2023,30.51
11860,Entity_11860,Engineering,2023,62.53
11861,Entity_11861,ComputerScience,2010,41.42
11862,Entity_11862,Biology,2013,88.65
11863,Entity_11863,Mathematics,2023,9.36
11864,Entity_11864,Mathematics,2015,91.91
11865,Entity_11865,Biology,2019,22.55
11866,Entity_11866,Engineering,2021,35.17
11867,Entity_11867,ComputerScience,2024,17.13
11868,Entity_11868,ComputerScience,2014,5.66
11869,Entity_11869,ComputerScience,2012,91.18
11870,Entity_11870,Physics,2013,9.59
11871,Entity_11871,Mathematics,2015,51.81
11872,Entity_11872,Engineering,2019,70.95
11873,Entity_11873,Economics,2019,2.18
11874,Entity_11874,Physics,2015,80.99
11875,Entity_11875,Economics,2017,10.9
11876,Entity_11876,Biology,2011,85.85
11877,Entity_11877,Engineering,2010,20.03
11878,Entity_11878,Mathematics,2016,50.53
11879,Entity_11879,ComputerScience,2024,57.74
11880,Entity_11880,ComputerScience,2012,26.11
11881,Entity_11881,Engineering,2016,1.48
11882,Entity_11882,ComputerScience,2016,26.08
11883,Entity_11883,Physics,2022,63.82
11884,Entity_11884,Economics,2019,32.76
11885,Entity_11885,Physics,2017,39.13
11886,Entity_11886,Mathematics,2011,75.85
11887,Entity_11887,Biology,2022,83.44
11888,Entity_11888,Biology,2017,86.7
11889,Entity_11889,Biology,2023,7.0
11890,Entity_11890,Biology,2014,23.22
11891,Entity_11891,Mathematics,2020,84.44
11892,Entity_11892,Economics,2022,71.88
11893,Entity_11893,Engineering,2020,67.16
11894,Entity_11894,Physics,2023,8.92
11895,Entity_11895,Biology,2022,24.4
11896,Entity_11896,Physics,2013,18.53
11897,Entity_11897,Economics,2022,42.6
11898,Entity_11898,Engineering,2021,45.67
11899,Entity_11899,Biology,2024,98.02
11900,Entity_11900,Mathematics,2011,78.17
11901,Entity_11901,Mathematics,2018,28.81
11902,Entity_11902,Economics,2023,5.28
11903,Entity_11903,Mathematics,2021,87.45
11904,Entity_11904,Biology,2021,80.4
11905,Entity_11905,ComputerScience,2018,10.18
11906,Entity_11906,Mathematics,2016,2.93
11907,Entity_11907,Mathematics,2023,29.66
11908,Entity_11908,Biology,2010,46.05
11909,Entity_11909,Economics,2024,93.99
11910,Entity_11910,Economics,2021,89.09
11911,Entity_11911,Biology,2016,83.36
11912,Entity_11912,ComputerScience,2011,6.07
11913,Entity_11913,Economics,2017,39.83
11914,Entity_11914,Biology,2015,29.7
11915,Entity_11915,Engineering,2015,42.41
11916,Entity_11916,Biology,2012,51.66
11917,Entity_11917,Biology,2012,17.48
11918,Entity_11918,Engineering,2019,21.8
11919,Entity_11919,Economics,2015,27.57
11920,Entity_11920,Engineering,2010,76.06
11921,Entity_11921,Economics,2010,61.28
11922,Entity_11922,Mathematics,2020,38.64
11923,Entity_11923,Mathematics,2021,42.27
11924,Entity_11924,Biology,2016,72.63
11925,Entity_11925,Engineering,2019,19.02
11926,Entity_11926,Engineering,2021,86.43
11927,Entity_11927,ComputerScience,2013,52.42
11928,Entity_11928,Biology,2022,55.24
11929,Entity_11929,ComputerScience,2019,76.99
11930,Entity_11930,Biology,2024,44.63
11931,Entity_11931,Biology,2017,60.02
11932,Entity_11932,Biology,2010,75.93
11933,Entity_11933,Physics,2019,56.94
11934,Entity_11934,Biology,2012,38.25
11935,Entity_11935,Biology,2017,59.34
11936,Entity_11936,Engineering,2022,76.12
11937,Entity_11937,Biology,2011,67.34
11938,Entity_11938,ComputerScience,2010,94.69
11939,Entity_11939,Physics,2015,13.2
11940,Entity_11940,Economics,2019,42.52
11941,Entity_11941,Physics,2020,79.5
11942,Entity_11942,Biology,2018,96.72
11943,Entity_11943,Engineering,2024,17.62
11944,Entity_11944,Physics,2012,23.95
11945,Entity_11945,Engineering,2022,24.94
11946,Entity_11946,Physics,2013,62.06
11947,Entity_11947,Physics,2014,28.71
11948,Entity_11948,ComputerScience,2022,40.71
11949,Entity_11949,Engineering,2024,3.73
11950,Entity_11950,Biology,2019,98.51
11951,Entity_11951,Mathematics,2021,23.43
11952,Entity_11952,ComputerScience,2016,61.59
11953,Entity_11953,Engineering,2012,19.88
11954,Entity_11954,Biology,2018,88.12
11955,Entity_11955,Mathematics,2022,14.92
11956,Entity_11956,Mathematics,2011,14.52
11957,Entity_11957,Mathematics,2013,48.76
11958,Entity_11958,ComputerScience,2010,78.76
11959,Entity_11959,Mathematics,2014,53.58
11960,Entity_11960,Economics,2015,29.44
11961,Entity_11961,Biology,2022,94.76
11962,Entity_11962,Physics,2011,12.53
11963,Entity_11963,Economics,2020,75.59
11964,Entity_11964,Economics,2022,1.97
11965,Entity_11965,Physics,2015,35.66
11966,Entity_11966,Mathematics,2024,15.17
11967,Entity_11967,ComputerScience,2015,25.51
11968,Entity_11968,Biology,2016,76.25
11969,Entity_11969,Mathematics,2012,37.15
11970,Entity_11970,ComputerScience,2017,56.16
11971,Entity_11971,Biology,2018,53.47
11972,Entity_11972,Biology,2018,40.29
11973,Entity_11973,Engineering,2012,5.16
11974,Entity_11974,Engineering,2019,95.14
11975,Entity_11975,Physics,2011,25.66
11976,Entity_11976,ComputerScience,2024,48.57
11977,Entity_11977,ComputerScience,2019,96.92
11978,Entity_11978,Mathematics,2018,40.73
11979,Entity_11979,Biology,2024,21.68
11980,Entity_11980,Economics,2022,58.09
11981,Entity_11981,Physics,2018,81.3
11982,Entity_11982,Economics,2018,77.9
11983,Entity_11983,Physics,2024,88.67
11984,Entity_11984,Biology,2013,82.81
11985,Entity_11985,Engineering,2011,25.91
11986,Entity_11986,Physics,2022,31.66
11987,Entity_11987,Mathematics,2022,41.46
11988,Entity_11988,Economics,2023,12.2
11989,Entity_11989,Engineering,2019,39.84
11990,Entity_11990,Mathematics,2011,43.28
11991,Entity_11991,Physics,2013,76.26
11992,Entity_11992,Economics,2018,51.15
11993,Entity_11993,Biology,2010,2.92
11994,Entity_11994,ComputerScience,2021,5.09
11995,Entity_11995,Economics,2017,31.91
11996,Entity_11996,Engineering,2011,15.86
11997,Entity_11997,ComputerScience,2012,68.43
11998,Entity_11998,Engineering,2021,65.95
11999,Entity_11999,ComputerScience,2011,72.59
12000,Entity_12000,Biology,2015,30.46
12001,Entity_12001,Mathematics,2011,40.44
12002,Entity_12002,Economics,2017,62.33
12003,Entity_12003,Engineering,2023,69.92
12004,Entity_12004,ComputerScience,2023,88.92
12005,Entity_12005,Biology,2016,14.03
12006,Entity_12006,Biology,2015,65.37
12007,Entity_12007,ComputerScience,2022,10.67
12008,Entity_12008,Physics,2016,68.41
12009,Entity_12009,Economics,2017,26.03
12010,Entity_12010,Physics,2023,6.03
12011,Entity_12011,Engineering,2016,6.48
12012,Entity_12012,Economics,2024,76.93
12013,Entity_12013,Mathematics,2021,54.74
12014,Entity_12014,Physics,2013,2.33
12015,Entity_12015,Mathematics,2018,95.28
12016,Entity_12016,Physics,2024,24.55
12017,Entity_12017,Economics,2013,40.39
12018,Entity_12018,Engineering,2020,2.04
12019,Entity_12019,ComputerScience,2022,9.7
12020,Entity_12020,Mathematics,2015,45.1
12021,Entity_12021,Economics,2012,23.68
12022,Entity_12022,Biology,2017,8.47
12023,Entity_12023,Engineering,2020,53.62
12024,Entity_12024,Economics,2021,10.87
12025,Entity_12025,Engineering,2017,1.69
12026,Entity_12026,Mathematics,2010,72.51
12027,Entity_12027,Economics,2016,50.14
12028,Entity_12028,Biology,2020,14.09
12029,Entity_12029,Economics,2012,35.69
12030,Entity_12030,Economics,2012,5.58
12031,Entity_12031,Economics,2012,55.42
12032,Entity_12032,Engineering,2015,13.51
12033,Entity_12033,Physics,2021,15.79
12034,Entity_12034,Economics,2017,84.34
12035,Entity_12035,Mathematics,2019,65.1
12036,Entity_12036,Physics,2022,48.19
12037,Entity_12037,Mathematics,2018,16.99
12038,Entity_12038,ComputerScience,2015,54.02
12039,Entity_12039,Engineering,2024,37.82
12040,Entity_12040,Mathematics,2022,13.36
12041,Entity_12041,Biology,2023,21.89
12042,Entity_12042,Economics,2020,44.92
12043,Entity_12043,Mathematics,2019,17.32
12044,Entity_12044,ComputerScience,2024,78.97
12045,Entity_12045,Mathematics,2023,93.7
12046,Entity_12046,Mathematics,2021,86.06
12047,Entity_12047,Mathematics,2024,19.17
12048,Entity_12048,Economics,2022,47.31
12049,Entity_12049,Physics,2019,41.79
12050,Entity_12050,Biology,2012,35.24
12051,Entity_12051,ComputerScience,2018,92.64
12052,Entity_12052,Physics,2021,7.94
12053,Entity_12053,Mathematics,2020,57.94
12054,Entity_12054,Biology,2021,45.5
12055,Entity_12055,Engineering,2016,71.12
12056,Entity_12056,Biology,2017,18.01
12057,Entity_12057,Mathematics,2014,19.94
12058,Entity_12058,Mathematics,2013,63.34
12059,Entity_12059,Mathematics,2023,31.13
12060,Entity_12060,Biology,2018,50.05
12061,Entity_12061,Economics,2023,38.26
12062,Entity_12062,Biology,2011,34.42
12063,Entity_12063,Biology,2022,71.39
12064,Entity_12064,Mathematics,2013,89.54
12065,Entity_12065,Engineering,2020,5.26
12066,Entity_12066,Physics,2019,91.66
12067,Entity_12067,ComputerScience,2022,80.8
12068,Entity_12068,Mathematics,2024,53.86
12069,Entity_12069,ComputerScience,2020,30.39
12070,Entity_12070,Mathematics,2017,58.54
12071,Entity_12071,Biology,2010,63.02
12072,Entity_12072,Engineering,2010,57.19
12073,Entity_12073,ComputerScience,2019,7.52
12074,Entity_12074,Engineering,2015,48.81
12075,Entity_12075,Biology,2016,13.62
12076,Entity_12076,Physics,2016,38.81
12077,Entity_12077,Engineering,2023,14.7
12078,Entity_12078,Mathematics,2014,59.8
12079,Entity_12079,ComputerScience,2013,41.85
12080,Entity_12080,Economics,2013,6.25
12081,Entity_12081,ComputerScience,2021,95.79
12082,Entity_12082,Engineering,2010,91.32
12083,Entity_12083,Engineering,2015,15.68
12084,Entity_12084,Physics,2011,94.48
12085,Entity_12085,ComputerScience,2022,46.55
12086,Entity_12086,Physics,2016,31.76
12087,Entity_12087,ComputerScience,2014,49.64
12088,Entity_12088,Mathematics,2016,57.59
12089,Entity_12089,ComputerScience,2024,2.14
12090,Entity_12090,ComputerScience,2018,27.32
12091,Entity_12091,Economics,2022,23.05
12092,Entity_12092,Mathematics,2019,53.22
12093,Entity_12093,Engineering,2014,45.39
12094,Entity_12094,Mathematics,2012,16.63
12095,Entity_12095,Economics,2020,24.99
12096,Entity_12096,Engineering,2022,32.98
12097,Entity_12097,Biology,2020,42.13
12098,Entity_12098,Engineering,2017,78.96
12099,Entity_12099,ComputerScience,2015,25.67
12100,Entity_12100,Economics,2010,79.17
12101,Entity_12101,Physics,2016,77.15
12102,Entity_12102,Physics,2021,30.82
12103,Entity_12103,Engineering,2022,24.39
12104,Entity_12104,Mathematics,2010,5.23
12105,Entity_12105,Physics,2012,60.91
12106,Entity_12106,ComputerScience,2019,4.76
12107,Entity_12107,Engineering,2010,43.8
12108,Entity_12108,Biology,2016,7.69
12109,Entity_12109,Engineering,2014,30.81
12110,Entity_12110,Biology,2018,49.4
12111,Entity_12111,Engineering,2021,33.16
12112,Entity_12112,Mathematics,2020,93.9
12113,Entity_12113,Engineering,2024,29.13
12114,Entity_12114,Engineering,2013,13.37
12115,Entity_12115,Economics,2017,60.27
12116,Entity_12116,Engineering,2021,75.24
12117,Entity_12117,Engineering,2016,44.84
12118,Entity_12118,Mathematics,2022,86.44
12119,Entity_12119,Economics,2013,62.58
12120,Entity_12120,Mathematics,2013,68.71
12121,Entity_12121,Biology,2019,2.9
12122,Entity_12122,Mathematics,2023,21.99
12123,Entity_12123,Engineering,2019,86.65
12124,Entity_12124,Engineering,2015,18.28
12125,Entity_12125,Biology,2018,69.7
12126,Entity_12126,Mathematics,2017,20.61
12127,Entity_12127,Economics,2011,89.3
12128,Entity_12128,Physics,2010,93.49
12129,Entity_12129,Physics,2014,34.7
12130,Entity_12130,Engineering,2024,83.99
12131,Entity_12131,Physics,2010,18.9
12132,Entity_12132,Physics,2016,31.71
12133,Entity_12133,Physics,2012,30.02
12134,Entity_12134,Biology,2024,26.1
12135,Entity_12135,Engineering,2019,54.33
12136,Entity_12136,Physics,2021,82.07
12137,Entity_12137,Physics,2010,24.93
12138,Entity_12138,Mathematics,2010,33.1
12139,Entity_12139,ComputerScience,2016,5.77
12140,Entity_12140,Physics,2023,14.07
12141,Entity_12141,ComputerScience,2023,3.81
12142,Entity_12142,Engineering,2011,37.2
12143,Entity_12143,Mathematics,2015,53.9
12144,Entity_12144,Biology,2010,80.59
12145,Entity_12145,Mathematics,2020,99.77
12146,Entity_12146,ComputerScience,2014,16.04
12147,Entity_12147,Engineering,2023,69.02
12148,Entity_12148,Mathematics,2015,39.93
12149,Entity_12149,ComputerScience,2011,59.78
12150,Entity_12150,Physics,2015,81.49
12151,Entity_12151,ComputerScience,2012,32.75
12152,Entity_12152,Economics,2022,81.45
12153,Entity_12153,Biology,2022,52.17
12154,Entity_12154,Economics,2011,84.6
12155,Entity_12155,Engineering,2024,35.18
12156,Entity_12156,ComputerScience,2015,71.83
12157,Entity_12157,Physics,2021,69.17
12158,Entity_12158,Economics,2014,93.23
12159,Entity_12159,ComputerScience,2019,71.58
12160,Entity_12160,Biology,2011,33.98
12161,Entity_12161,Biology,2023,75.89
12162,Entity_12162,Mathematics,2017,94.99
12163,Entity_12163,Biology,2016,79.96
12164,Entity_12164,Physics,2018,63.55
12165,Entity_12165,Physics,2014,41.55
12166,Entity_12166,ComputerScience,2023,78.6
12167,Entity_12167,ComputerScience,2021,41.64
12168,Entity_12168,ComputerScience,2020,67.29
12169,Entity_12169,Economics,2020,37.1
12170,Entity_12170,Engineering,2016,24.51
12171,Entity_12171,Physics,2010,87.53
12172,Entity_12172,ComputerScience,2017,44.15
12173,Entity_12173,ComputerScience,2015,5.11
12174,Entity_12174,Physics,2010,32.12
12175,Entity_12175,Economics,2020,39.16
12176,Entity_12176,Mathematics,2020,65.56
12177,Entity_12177,Economics,2017,46.6
12178,Entity_12178,ComputerScience,2014,19.79
12179,Entity_12179,Physics,2021,96.47
12180,Entity_12180,ComputerScience,2024,93.39
12181,Entity_12181,ComputerScience,2021,76.78
12182,Entity_12182,ComputerScience,2011,5.37
12183,Entity_12183,Mathematics,2022,75.68
12184,Entity_12184,Engineering,2011,85.11
12185,Entity_12185,Engineering,2013,60.39
12186,Entity_12186,Biology,2023,51.83
12187,Entity_12187,Economics,2018,10.72
12188,Entity_12188,Economics,2013,4.79
12189,Entity_12189,Biology,2020,12.34
12190,Entity_12190,Physics,2018,52.78
12191,Entity_12191,Biology,2018,47.84
12192,Entity_12192,Economics,2021,35.88
12193,Entity_12193,Economics,2023,68.82
12194,Entity_12194,Biology,2024,59.99
12195,Entity_12195,Mathematics,2020,4.48
12196,Entity_12196,Economics,2016,34.07
12197,Entity_12197,Biology,2022,56.12
12198,Entity_12198,Physics,2016,48.38
12199,Entity_12199,Economics,2010,2.19
12200,Entity_12200,Physics,2021,49.34
12201,Entity_12201,ComputerScience,2021,64.19
12202,Entity_12202,Economics,2011,67.65
12203,Entity_12203,Mathematics,2017,16.28
12204,Entity_12204,Physics,2017,21.87
12205,Entity_12205,Biology,2014,2.76
12206,Entity_12206,Economics,2013,72.99
12207,Entity_12207,Engineering,2022,3.85
12208,Entity_12208,Economics,2013,5.92
12209,Entity_12209,Biology,2019,44.9
12210,Entity_12210,Economics,2022,60.24
12211,Entity_12211,Engineering,2019,37.75
12212,Entity_12212,Engineering,2014,35.32
12213,Entity_12213,Mathematics,2019,55.31
12214,Entity_12214,Biology,2017,89.28
12215,Entity_12215,Mathematics,2016,48.6
12216,Entity_12216,Economics,2010,94.44
12217,Entity_12217,Biology,2018,52.0
12218,Entity_12218,Biology,2017,37.88
12219,Entity_12219,Economics,2015,76.52
12220,Entity_12220,ComputerScience,2011,43.07
12221,Entity_12221,Mathematics,2016,5.5
12222,Entity_12222,Engineering,2019,79.76
12223,Entity_12223,Biology,2013,99.69
12224,Entity_12224,Physics,2024,75.3
12225,Entity_12225,Economics,2010,91.69
12226,Entity_12226,Engineering,2017,21.74
12227,Entity_12227,Physics,2010,72.26
12228,Entity_12228,Physics,2015,53.4
12229,Entity_12229,Mathematics,2016,33.8
12230,Entity_12230,Physics,2013,77.28
12231,Entity_12231,Engineering,2017,48.73
12232,Entity_12232,Physics,2010,68.02
12233,Entity_12233,ComputerScience,2016,50.02
12234,Entity_12234,Economics,2017,11.72
12235,Entity_12235,Physics,2023,42.15
12236,Entity_12236,Mathematics,2014,55.2
12237,Entity_12237,Engineering,2012,2.25
12238,Entity_12238,ComputerScience,2012,27.0
12239,Entity_12239,ComputerScience,2012,95.44
12240,Entity_12240,Mathematics,2015,32.8
12241,Entity_12241,Engineering,2010,99.68
12242,Entity_12242,Mathematics,2019,99.26
12243,Entity_12243,Economics,2021,72.27
12244,Entity_12244,Engineering,2019,59.03
12245,Entity_12245,Economics,2023,21.67
12246,Entity_12246,Biology,2016,63.48
12247,Entity_12247,Physics,2018,51.49
12248,Entity_12248,Physics,2014,38.37
12249,Entity_12249,Biology,2013,2.31
12250,Entity_12250,Mathematics,2013,53.09
12251,Entity_12251,Engineering,2010,3.72
12252,Entity_12252,Economics,2011,29.81
12253,Entity_12253,Mathematics,2012,61.89
12254,Entity_12254,Economics,2024,23.38
12255,Entity_12255,ComputerScience,2017,69.47
12256,Entity_12256,Engineering,2014,11.53
12257,Entity_12257,Economics,2019,96.22
12258,Entity_12258,Biology,2015,99.05
12259,Entity_12259,Biology,2022,39.36
12260,Entity_12260,Economics,2019,50.16
12261,Entity_12261,Physics,2015,10.88
12262,Entity_12262,Economics,2022,38.38
12263,Entity_12263,Physics,2015,16.37
12264,Entity_12264,Mathematics,2020,41.02
12265,Entity_12265,ComputerScience,2012,13.61
12266,Entity_12266,ComputerScience,2012,23.22
12267,Entity_12267,Mathematics,2010,37.86
12268,Entity_12268,Engineering,2017,45.71
12269,Entity_12269,ComputerScience,2012,36.58
12270,Entity_12270,Engineering,2015,52.35
12271,Entity_12271,Engineering,2010,82.78
12272,Entity_12272,ComputerScience,2024,52.14
12273,Entity_12273,Engineering,2012,77.45
12274,Entity_12274,Economics,2024,90.91
12275,Entity_12275,Mathematics,2011,41.87
12276,Entity_12276,Biology,2010,71.25
12277,Entity_12277,ComputerScience,2023,18.79
12278,Entity_12278,Economics,2012,49.29
12279,Entity_12279,Economics,2014,77.36
12280,Entity_12280,Biology,2020,61.81
12281,Entity_12281,Economics,2018,38.78
12282,Entity_12282,Physics,2016,9.21
12283,Entity_12283,Physics,2017,39.7
12284,Entity_12284,Mathematics,2023,55.61
12285,Entity_12285,Mathematics,2014,30.99
12286,Entity_12286,ComputerScience,2012,16.85
12287,Entity_12287,Mathematics,2021,55.98
12288,Entity_12288,Mathematics,2018,54.88
12289,Entity_12289,Biology,2013,72.69
12290,Entity_12290,Physics,2023,46.69
12291,Entity_12291,Biology,2011,30.72
12292,Entity_12292,ComputerScience,2013,94.36
12293,Entity_12293,ComputerScience,2024,53.77
12294,Entity_12294,Engineering,2012,38.65
12295,Entity_12295,Biology,2020,59.13
12296,Entity_12296,ComputerScience,2024,27.09
12297,Entity_12297,ComputerScience,2019,76.46
12298,Entity_12298,Engineering,2019,41.47
12299,Entity_12299,Biology,2011,3.43
12300,Entity_12300,Biology,2024,78.47
12301,Entity_12301,ComputerScience,2023,50.63
12302,Entity_12302,Engineering,2011,83.25
12303,Entity_12303,Economics,2022,80.16
12304,Entity_12304,Physics,2021,32.22
12305,Entity_12305,Biology,2020,67.98
12306,Entity_12306,Physics,2024,31.07
12307,Entity_12307,Biology,2016,56.46
12308,Entity_12308,Engineering,2022,21.93
12309,Entity_12309,ComputerScience,2010,22.82
12310,Entity_12310,ComputerScience,2014,10.23
12311,Entity_12311,ComputerScience,2018,11.26
12312,Entity_12312,Economics,2020,11.25
12313,Entity_12313,ComputerScience,2015,92.24
12314,Entity_12314,Engineering,2021,23.91
12315,Entity_12315,Mathematics,2020,12.47
12316,Entity_12316,Economics,2020,1.22
12317,Entity_12317,Mathematics,2017,4.82
12318,Entity_12318,Mathematics,2016,1.13
12319,Entity_12319,Engineering,2014,79.45
12320,Entity_12320,Biology,2017,10.91
12321,Entity_12321,Engineering,2023,50.83
12322,Entity_12322,Economics,2013,7.85
12323,Entity_12323,Physics,2011,27.0
12324,Entity_12324,Mathematics,2022,91.13
12325,Entity_12325,Mathematics,2015,47.91
12326,Entity_12326,Physics,2017,33.48
12327,Entity_12327,Biology,2019,27.61
12328,Entity_12328,ComputerScience,2017,72.84
12329,Entity_12329,ComputerScience,2013,22.26
12330,Entity_12330,Biology,2014,26.57
12331,Entity_12331,Engineering,2019,61.73
12332,Entity_12332,Economics,2017,1.37
12333,Entity_12333,Physics,2013,61.24
12334,Entity_12334,Engineering,2013,39.93
12335,Entity_12335,Economics,2014,9.81
12336,Entity_12336,Engineering,2016,96.38
12337,Entity_12337,ComputerScience,2010,83.51
12338,Entity_12338,ComputerScience,2013,17.62
12339,Entity_12339,Biology,2015,24.14
12340,Entity_12340,ComputerScience,2021,64.94
12341,Entity_12341,ComputerScience,2015,49.4
12342,Entity_12342,Biology,2013,9.67
12343,Entity_12343,ComputerScience,2011,3.65
12344,Entity_12344,Economics,2019,41.2
12345,Entity_12345,Mathematics,2014,41.29
12346,Entity_12346,ComputerScience,2012,32.89
12347,Entity_12347,Biology,2010,39.46
12348,Entity_12348,Mathematics,2010,7.08
12349,Entity_12349,Biology,2014,95.11
12350,Entity_12350,Biology,2017,60.35
12351,Entity_12351,Economics,2016,77.71
12352,Entity_12352,Engineering,2019,81.81
12353,Entity_12353,Economics,2014,51.37
12354,Entity_12354,Economics,2011,47.26
12355,Entity_12355,Engineering,2013,41.12
12356,Entity_12356,ComputerScience,2010,98.83
12357,Entity_12357,Biology,2022,47.38
12358,Entity_12358,ComputerScience,2017,49.14
12359,Entity_12359,Physics,2020,48.57
12360,Entity_12360,Economics,2024,31.68
12361,Entity_12361,Physics,2022,21.0
12362,Entity_12362,ComputerScience,2017,53.25
12363,Entity_12363,ComputerScience,2024,88.61
12364,Entity_12364,Biology,2011,57.8
12365,Entity_12365,Biology,2023,6.16
12366,Entity_12366,ComputerScience,2014,61.99
12367,Entity_12367,Physics,2024,10.19
12368,Entity_12368,Mathematics,2014,9.53
12369,Entity_12369,Mathematics,2015,85.07
12370,Entity_12370,Biology,2017,28.65
12371,Entity_12371,Physics,2013,66.89
12372,Entity_12372,Economics,2014,66.7
12373,Entity_12373,Engineering,2016,98.51
12374,Entity_12374,Mathematics,2015,94.07
12375,Entity_12375,Physics,2019,98.58
12376,Entity_12376,Biology,2022,68.29
12377,Entity_12377,Physics,2021,24.18
12378,Entity_12378,Physics,2024,1.12
12379,Entity_12379,ComputerScience,2014,62.1
12380,Entity_12380,Economics,2019,18.83
12381,Entity_12381,Engineering,2016,98.01
12382,Entity_12382,Physics,2021,39.21
12383,Entity_12383,ComputerScience,2021,61.73
12384,Entity_12384,Engineering,2023,46.18
12385,Entity_12385,ComputerScience,2017,22.43
12386,Entity_12386,Economics,2023,31.04
12387,Entity_12387,Biology,2021,91.39
12388,Entity_12388,Mathematics,2018,50.04
12389,Entity_12389,Engineering,2012,92.98
12390,Entity_12390,Physics,2022,74.88
12391,Entity_12391,Economics,2023,35.55
12392,Entity_12392,Economics,2016,85.92
12393,Entity_12393,Engineering,2013,83.72
12394,Entity_12394,Physics,2023,48.44
12395,Entity_12395,Biology,2018,45.87
12396,Entity_12396,ComputerScience,2014,70.43
12397,Entity_12397,Physics,2014,58.07
12398,Entity_12398,ComputerScience,2024,76.75
12399,Entity_12399,Economics,2016,44.59
12400,Entity_12400,ComputerScience,2016,1.58
12401,Entity_12401,Mathematics,2018,64.47
12402,Entity_12402,Biology,2023,23.67
12403,Entity_12403,Mathematics,2017,61.14
12404,Entity_12404,ComputerScience,2024,71.99
12405,Entity_12405,Biology,2012,34.56
12406,Entity_12406,Biology,2021,81.34
12407,Entity_12407,Economics,2019,19.61
12408,Entity_12408,Mathematics,2022,27.03
12409,Entity_12409,Mathematics,2016,21.65
12410,Entity_12410,Economics,2018,69.7
12411,Entity_12411,Biology,2010,11.06
12412,Entity_12412,Mathematics,2020,97.74
12413,Entity_12413,Engineering,2015,36.7
12414,Entity_12414,ComputerScience,2023,87.52
12415,Entity_12415,Economics,2021,24.5
12416,Entity_12416,Engineering,2012,48.07
12417,Entity_12417,ComputerScience,2021,54.56
12418,Entity_12418,Biology,2016,95.42
12419,Entity_12419,Economics,2012,36.85
12420,Entity_12420,Physics,2019,83.54
12421,Entity_12421,Engineering,2010,33.6
12422,Entity_12422,Economics,2024,18.19
12423,Entity_12423,ComputerScience,2010,5.74
12424,Entity_12424,ComputerScience,2022,95.88
12425,Entity_12425,ComputerScience,2020,77.3
12426,Entity_12426,ComputerScience,2011,81.98
12427,Entity_12427,Biology,2011,42.11
12428,Entity_12428,Economics,2017,20.06
12429,Entity_12429,Mathematics,2022,25.99
12430,Entity_12430,Engineering,2019,63.05
12431,Entity_12431,ComputerScience,2012,94.81
12432,Entity_12432,Physics,2010,5.64
12433,Entity_12433,Engineering,2018,51.69
12434,Entity_12434,Engineering,2022,20.13
12435,Entity_12435,Mathematics,2020,97.18
12436,Entity_12436,Economics,2019,6.07
12437,Entity_12437,Engineering,2020,95.06
12438,Entity_12438,Engineering,2023,56.51
12439,Entity_12439,Biology,2017,13.66
12440,Entity_12440,Engineering,2024,22.59
12441,Entity_12441,ComputerScience,2014,66.87
12442,Entity_12442,Economics,2011,49.89
12443,Entity_12443,Biology,2020,25.26
12444,Entity_12444,Biology,2023,90.2
12445,Entity_12445,Mathematics,2015,72.74
12446,Entity_12446,ComputerScience,2019,14.71
12447,Entity_12447,ComputerScience,2022,99.14
12448,Entity_12448,Economics,2012,88.0
12449,Entity_12449,ComputerScience,2016,22.12
12450,Entity_12450,ComputerScience,2018,73.0
12451,Entity_12451,Biology,2023,29.46
12452,Entity_12452,Biology,2016,7.25
12453,Entity_12453,Engineering,2020,97.5
12454,Entity_12454,Physics,2023,3.88
12455,Entity_12455,Physics,2016,26.92
12456,Entity_12456,ComputerScience,2021,63.15
12457,Entity_12457,Economics,2013,42.93
12458,Entity_12458,Physics,2015,91.39
12459,Entity_12459,Economics,2019,7.55
12460,Entity_12460,Biology,2016,28.12
12461,Entity_12461,Physics,2012,23.31
12462,Entity_12462,Economics,2020,7.7
12463,Entity_12463,Economics,2021,23.58
12464,Entity_12464,Physics,2015,14.85
12465,Entity_12465,Economics,2012,88.67
12466,Entity_12466,Engineering,2022,40.83
12467,Entity_12467,Biology,2024,11.07
12468,Entity_12468,Biology,2024,60.65
12469,Entity_12469,Biology,2019,26.74
12470,Entity_12470,Economics,2019,32.77
12471,Entity_12471,Physics,2024,19.46
12472,Entity_12472,Physics,2024,61.88
12473,Entity_12473,Mathematics,2014,30.83
12474,Entity_12474,Economics,2014,76.25
12475,Entity_12475,Physics,2022,92.26
12476,Entity_12476,Engineering,2016,76.91
12477,Entity_12477,Engineering,2018,44.07
12478,Entity_12478,ComputerScience,2023,97.23
12479,Entity_12479,ComputerScience,2011,31.6
12480,Entity_12480,Physics,2013,5.59
12481,Entity_12481,Mathematics,2010,60.89
12482,Entity_12482,Economics,2010,32.73
12483,Entity_12483,Biology,2017,9.43
12484,Entity_12484,Mathematics,2015,70.55
12485,Entity_12485,Economics,2020,66.33
12486,Entity_12486,Engineering,2010,77.32
12487,Entity_12487,Biology,2021,88.99
12488,Entity_12488,Biology,2018,48.41
12489,Entity_12489,Economics,2010,18.0
12490,Entity_12490,Mathematics,2019,10.7
12491,Entity_12491,Physics,2010,71.61
12492,Entity_12492,Mathematics,2016,95.42
12493,Entity_12493,Biology,2012,12.51
12494,Entity_12494,Physics,2024,72.72
12495,Entity_12495,Biology,2016,72.76
12496,Entity_12496,Physics,2012,19.84
12497,Entity_12497,Economics,2014,8.17
12498,Entity_12498,ComputerScience,2012,62.63
12499,Entity_12499,Mathematics,2020,62.3
12500,Entity_12500,Economics,2017,47.37
12501,Entity_12501,Physics,2021,46.08
12502,Entity_12502,Economics,2013,60.56
12503,Entity_12503,Mathematics,2017,85.42
12504,Entity_12504,Mathematics,2022,35.28
12505,Entity_12505,Economics,2020,81.8
12506,Entity_12506,Mathematics,2021,45.69
12507,Entity_12507,Engineering,2011,8.28
12508,Entity_12508,Biology,2020,22.44
12509,Entity_12509,Biology,2024,46.15
12510,Entity_12510,Physics,2021,53.24
12511,Entity_12511,Physics,2015,39.9
12512,Entity_12512,Engineering,2017,86.42
12513,Entity_12513,ComputerScience,2011,16.87
12514,Entity_12514,Economics,2014,73.3
12515,Entity_12515,Physics,2013,21.59
12516,Entity_12516,ComputerScience,2018,5.25
12517,Entity_12517,Biology,2013,4.18
12518,Entity_12518,Economics,2021,15.47
12519,Entity_12519,Physics,2020,26.02
12520,Entity_12520,Engineering,2018,14.79
12521,Entity_12521,Biology,2013,96.19
12522,Entity_12522,Physics,2022,11.95
12523,Entity_12523,Biology,2020,71.9
12524,Entity_12524,Economics,2013,9.24
12525,Entity_12525,Engineering,2017,23.72
12526,Entity_12526,Biology,2015,76.49
12527,Entity_12527,Mathematics,2018,35.54
12528,Entity_12528,Physics,2010,47.72
12529,Entity_12529,ComputerScience,2011,62.1
12530,Entity_12530,ComputerScience,2018,30.2
12531,Entity_12531,Economics,2017,26.09
12532,Entity_12532,Engineering,2011,44.25
12533,Entity_12533,Engineering,2012,49.52
12534,Entity_12534,Engineering,2016,76.44
12535,Entity_12535,Physics,2020,40.16
12536,Entity_12536,ComputerScience,2012,62.85
12537,Entity_12537,Engineering,2015,35.99
12538,Entity_12538,ComputerScience,2020,71.23
12539,Entity_12539,ComputerScience,2015,88.62
12540,Entity_12540,ComputerScience,2018,12.37
12541,Entity_12541,Mathematics,2021,54.24
12542,Entity_12542,Mathematics,2021,13.76
12543,Entity_12543,Biology,2024,18.12
12544,Entity_12544,Engineering,2010,2.27
12545,Entity_12545,Biology,2010,99.61
12546,Entity_12546,Physics,2012,24.82
12547,Entity_12547,ComputerScience,2012,74.84
12548,Entity_12548,Economics,2013,1.28
12549,Entity_12549,Physics,2020,27.9
12550,Entity_12550,Physics,2024,82.11
12551,Entity_12551,Mathematics,2013,99.58
12552,Entity_12552,Mathematics,2022,21.27
12553,Entity_12553,ComputerScience,2016,76.98
12554,Entity_12554,Physics,2023,95.71
12555,Entity_12555,ComputerScience,2023,61.01
12556,Entity_12556,Biology,2021,40.24
12557,Entity_12557,ComputerScience,2016,84.18
12558,Entity_12558,Biology,2019,39.17
12559,Entity_12559,Economics,2017,72.96
12560,Entity_12560,Mathematics,2010,25.62
12561,Entity_12561,ComputerScience,2014,38.01
12562,Entity_12562,Mathematics,2011,94.34
12563,Entity_12563,Biology,2011,44.15
12564,Entity_12564,Mathematics,2019,46.97
12565,Entity_12565,ComputerScience,2020,55.11
12566,Entity_12566,Mathematics,2022,73.7
12567,Entity_12567,Economics,2010,10.89
12568,Entity_12568,Engineering,2020,10.4
12569,Entity_12569,Biology,2014,15.13
12570,Entity_12570,Biology,2023,69.64
12571,Entity_12571,Economics,2010,59.05
12572,Entity_12572,Mathematics,2011,12.78
12573,Entity_12573,ComputerScience,2015,81.99
12574,Entity_12574,Engineering,2019,96.47
12575,Entity_12575,Biology,2019,57.74
12576,Entity_12576,Engineering,2016,10.77
12577,Entity_12577,Engineering,2022,20.32
12578,Entity_12578,Mathematics,2023,17.08
12579,Entity_12579,Mathematics,2015,16.82
12580,Entity_12580,Physics,2021,17.1
12581,Entity_12581,Engineering,2022,97.98
12582,Entity_12582,ComputerScience,2015,50.82
12583,Entity_12583,Economics,2013,98.43
12584,Entity_12584,Engineering,2017,63.96
12585,Entity_12585,Physics,2015,92.2
12586,Entity_12586,Engineering,2010,95.51
12587,Entity_12587,Engineering,2014,50.2
12588,Entity_12588,Biology,2012,93.9
12589,Entity_12589,Engineering,2023,67.96
12590,Entity_12590,Economics,2015,5.63
12591,Entity_12591,ComputerScience,2011,12.47
12592,Entity_12592,Mathematics,2022,16.76
12593,Entity_12593,Mathematics,2015,51.15
12594,Entity_12594,Biology,2023,18.98
12595,Entity_12595,Biology,2021,54.79
12596,Entity_12596,Economics,2012,40.78
12597,Entity_12597,Physics,2011,98.33
12598,Entity_12598,Mathematics,2018,59.17
12599,Entity_12599,Physics,2010,26.22
12600,Entity_12600,Mathematics,2022,90.34
12601,Entity_12601,Economics,2010,70.96
12602,Entity_12602,Economics,2017,12.66
12603,Entity_12603,Economics,2016,7.67
12604,Entity_12604,Mathematics,2023,90.21
12605,Entity_12605,Physics,2019,99.17
12606,Entity_12606,Physics,2015,95.77
12607,Entity_12607,Mathematics,2021,77.05
12608,Entity_12608,Engineering,2021,37.08
12609,Entity_12609,Physics,2010,33.27
12610,Entity_12610,Mathematics,2019,41.27
12611,Entity_12611,Mathematics,2017,50.1
12612,Entity_12612,Economics,2023,9.74
12613,Entity_12613,Engineering,2013,78.74
12614,Entity_12614,Economics,2022,55.28
12615,Entity_12615,ComputerScience,2021,31.24
12616,Entity_12616,Mathematics,2017,41.76
12617,Entity_12617,Physics,2017,87.53
12618,Entity_12618,Mathematics,2022,86.93
12619,Entity_12619,ComputerScience,2011,99.73
12620,Entity_12620,ComputerScience,2018,57.43
12621,Entity_12621,Mathematics,2018,57.47
12622,Entity_12622,ComputerScience,2022,75.89
12623,Entity_12623,Mathematics,2020,92.91
12624,Entity_12624,Physics,2012,12.51
12625,Entity_12625,Physics,2013,38.51
12626,Entity_12626,Economics,2019,77.91
12627,Entity_12627,ComputerScience,2010,91.63
12628,Entity_12628,Physics,2014,46.39
12629,Entity_12629,Engineering,2021,7.96
12630,Entity_12630,Engineering,2018,63.93
12631,Entity_12631,Economics,2019,62.13
12632,Entity_12632,Physics,2010,69.0
12633,Entity_12633,Biology,2014,39.65
12634,Entity_12634,ComputerScience,2021,12.57
12635,Entity_12635,Physics,2021,83.87
12636,Entity_12636,Economics,2022,64.27
12637,Entity_12637,Economics,2024,86.17
12638,Entity_12638,Economics,2012,47.19
12639,Entity_12639,Engineering,2024,92.97
12640,Entity_12640,Engineering,2016,93.57
12641,Entity_12641,Physics,2013,52.57
12642,Entity_12642,Biology,2021,54.56
12643,Entity_12643,Economics,2020,35.92
12644,Entity_12644,Physics,2018,37.18
12645,Entity_12645,Engineering,2018,86.22
12646,Entity_12646,Economics,2016,51.74
12647,Entity_12647,ComputerScience,2018,77.52
12648,Entity_12648,Mathematics,2022,24.25
12649,Entity_12649,Economics,2017,40.2
12650,Entity_12650,Physics,2010,71.46
12651,Entity_12651,Economics,2010,64.86
12652,Entity_12652,Biology,2013,50.15
12653,Entity_12653,Mathematics,2019,58.66
12654,Entity_12654,Economics,2023,78.51
12655,Entity_12655,Engineering,2020,82.56
12656,Entity_12656,Mathematics,2015,46.79
12657,Entity_12657,Engineering,2020,26.01
12658,Entity_12658,Mathematics,2014,11.92
12659,Entity_12659,ComputerScience,2017,40.9
12660,Entity_12660,Physics,2021,43.18
12661,Entity_12661,Biology,2020,77.35
12662,Entity_12662,Mathematics,2014,65.77
12663,Entity_12663,Mathematics,2022,45.74
12664,Entity_12664,Mathematics,2019,11.8
12665,Entity_12665,Biology,2010,93.73
12666,Entity_12666,Engineering,2014,25.7
12667,Entity_12667,Economics,2020,92.04
12668,Entity_12668,Physics,2024,61.51
12669,Entity_12669,Mathematics,2020,64.05
12670,Entity_12670,Economics,2021,6.36
12671,Entity_12671,Economics,2021,78.5
12672,Entity_12672,Biology,2015,51.12
12673,Entity_12673,Mathematics,2017,51.23
12674,Entity_12674,Physics,2024,67.52
12675,Entity_12675,Mathematics,2016,66.93
12676,Entity_12676,Economics,2011,38.46
12677,Entity_12677,Economics,2014,99.6
12678,Entity_12678,Physics,2014,68.04
12679,Entity_12679,Biology,2023,95.57
12680,Entity_12680,Physics,2010,99.61
12681,Entity_12681,Engineering,2020,10.69
12682,Entity_12682,Engineering,2023,47.13
12683,Entity_12683,Biology,2011,88.14
12684,Entity_12684,Engineering,2020,86.13
12685,Entity_12685,Mathematics,2020,3.53
12686,Entity_12686,Engineering,2010,49.7
12687,Entity_12687,Economics,2013,39.4
12688,Entity_12688,Physics,2012,19.88
12689,Entity_12689,Engineering,2021,50.6
12690,Entity_12690,Mathematics,2010,24.39
12691,Entity_12691,Physics,2016,58.58
12692,Entity_12692,Economics,2015,13.86
12693,Entity_12693,Economics,2015,68.53
12694,Entity_12694,ComputerScience,2021,19.54
12695,Entity_12695,ComputerScience,2022,99.97
12696,Entity_12696,Physics,2024,82.31
12697,Entity_12697,Biology,2015,20.36
12698,Entity_12698,Biology,2013,32.04
12699,Entity_12699,Engineering,2021,33.77
12700,Entity_12700,ComputerScience,2014,62.68
12701,Entity_12701,Physics,2014,59.83
12702,Entity_12702,ComputerScience,2013,14.83
12703,Entity_12703,Physics,2013,27.52
12704,Entity_12704,Biology,2011,29.91
12705,Entity_12705,Economics,2015,88.74
12706,Entity_12706,Economics,2013,71.33
12707,Entity_12707,Mathematics,2015,35.12
12708,Entity_12708,Biology,2010,91.41
12709,Entity_12709,Physics,2010,5.05
12710,Entity_12710,ComputerScience,2017,25.9
12711,Entity_12711,Physics,2016,97.46
12712,Entity_12712,Mathematics,2024,93.4
12713,Entity_12713,Mathematics,2019,28.14
12714,Entity_12714,Biology,2022,39.77
12715,Entity_12715,Physics,2011,55.55
12716,Entity_12716,Physics,2024,66.6
12717,Entity_12717,ComputerScience,2020,15.6
12718,Entity_12718,Engineering,2021,75.83
12719,Entity_12719,ComputerScience,2023,42.43
12720,Entity_12720,ComputerScience,2017,73.76
12721,Entity_12721,ComputerScience,2024,16.23
12722,Entity_12722,Physics,2024,97.86
12723,Entity_12723,Engineering,2013,65.97
12724,Entity_12724,Engineering,2010,37.1
12725,Entity_12725,Mathematics,2014,42.51
12726,Entity_12726,Engineering,2015,25.58
12727,Entity_12727,ComputerScience,2024,26.41
12728,Entity_12728,Mathematics,2015,81.32
12729,Entity_12729,Mathematics,2019,33.96
12730,Entity_12730,Physics,2016,22.01
12731,Entity_12731,Mathematics,2016,1.66
12732,Entity_12732,Biology,2017,77.05
12733,Entity_12733,Economics,2022,67.54
12734,Entity_12734,Physics,2013,64.97
12735,Entity_12735,Biology,2016,85.92
12736,Entity_12736,Physics,2019,72.59
12737,Entity_12737,ComputerScience,2014,68.16
12738,Entity_12738,Biology,2010,3.89
12739,Entity_12739,Physics,2021,74.44
12740,Entity_12740,Physics,2016,56.99
12741,Entity_12741,Engineering,2020,98.32
12742,Entity_12742,Physics,2016,89.09
12743,Entity_12743,Economics,2010,19.19
12744,Entity_12744,Engineering,2012,15.82
12745,Entity_12745,Economics,2017,38.08
12746,Entity_12746,Mathematics,2020,3.31
12747,Entity_12747,ComputerScience,2017,77.55
12748,Entity_12748,ComputerScience,2016,64.69
12749,Entity_12749,Biology,2010,91.85
12750,Entity_12750,ComputerScience,2015,68.14
12751,Entity_12751,Physics,2010,6.53
12752,Entity_12752,Economics,2023,21.67
12753,Entity_12753,Mathematics,2019,4.28
12754,Entity_12754,Biology,2019,48.09
12755,Entity_12755,Physics,2024,12.34
12756,Entity_12756,Physics,2021,8.31
12757,Entity_12757,Engineering,2013,68.9
12758,Entity_12758,Engineering,2023,23.89
12759,Entity_12759,Engineering,2020,85.66
12760,Entity_12760,ComputerScience,2021,60.03
12761,Entity_12761,Economics,2024,38.41
12762,Entity_12762,Engineering,2019,15.52
12763,Entity_12763,ComputerScience,2023,34.38
12764,Entity_12764,ComputerScience,2017,9.42
12765,Entity_12765,Physics,2024,42.37
12766,Entity_12766,ComputerScience,2024,56.36
12767,Entity_12767,Physics,2018,24.08
12768,Entity_12768,Biology,2017,75.11
12769,Entity_12769,Physics,2017,78.16
12770,Entity_12770,Mathematics,2014,62.42
12771,Entity_12771,Mathematics,2017,73.8
12772,Entity_12772,Economics,2024,45.05
12773,Entity_12773,Physics,2024,55.2
12774,Entity_12774,Physics,2010,40.62
12775,Entity_12775,Physics,2012,69.6
12776,Entity_12776,Economics,2023,69.68
12777,Entity_12777,Engineering,2010,96.04
12778,Entity_12778,Physics,2016,97.63
12779,Entity_12779,Economics,2010,90.25
12780,Entity_12780,Mathematics,2016,70.67
12781,Entity_12781,Mathematics,2018,58.38
12782,Entity_12782,Physics,2021,88.22
12783,Entity_12783,Biology,2016,2.3
12784,Entity_12784,Economics,2016,82.03
12785,Entity_12785,ComputerScience,2020,43.23
12786,Entity_12786,Mathematics,2017,16.41
12787,Entity_12787,Engineering,2014,91.76
12788,Entity_12788,Mathematics,2012,36.82
12789,Entity_12789,Physics,2017,55.46
12790,Entity_12790,Engineering,2014,47.46
12791,Entity_12791,Economics,2024,54.1
12792,Entity_12792,ComputerScience,2017,1.36
12793,Entity_12793,Engineering,2021,60.99
12794,Entity_12794,Biology,2015,48.38
12795,Entity_12795,Biology,2022,86.89
12796,Entity_12796,Biology,2011,15.09
12797,Entity_12797,Economics,2018,50.51
12798,Entity_12798,Biology,2024,16.16
12799,Entity_12799,Mathematics,2012,40.49
12800,Entity_12800,ComputerScience,2022,60.28
12801,Entity_12801,Economics,2022,98.9
12802,Entity_12802,Biology,2020,72.24
12803,Entity_12803,Engineering,2020,75.83
12804,Entity_12804,Mathematics,2011,44.32
12805,Entity_12805,ComputerScience,2015,20.39
12806,Entity_12806,Biology,2011,64.9
12807,Entity_12807,Biology,2010,34.13
12808,Entity_12808,Engineering,2021,40.38
12809,Entity_12809,Economics,2010,79.69
12810,Entity_12810,ComputerScience,2021,84.09
12811,Entity_12811,Engineering,2016,38.42
12812,Entity_12812,Biology,2023,58.15
12813,Entity_12813,Mathematics,2020,7.35
12814,Entity_12814,Biology,2019,52.85
12815,Entity_12815,ComputerScience,2024,18.25
12816,Entity_12816,Mathematics,2012,56.11
12817,Entity_12817,Mathematics,2013,98.32
12818,Entity_12818,Engineering,2020,27.74
12819,Entity_12819,Biology,2022,2.78
12820,Entity_12820,Economics,2019,9.47
12821,Entity_12821,Economics,2018,68.41
12822,Entity_12822,Economics,2010,52.71
12823,Entity_12823,ComputerScience,2024,70.54
12824,Entity_12824,Biology,2010,69.52
12825,Entity_12825,Engineering,2020,40.64
12826,Entity_12826,ComputerScience,2015,17.88
12827,Entity_12827,Biology,2017,65.24
12828,Entity_12828,Engineering,2010,47.66
12829,Entity_12829,Mathematics,2010,29.21
12830,Entity_12830,Physics,2016,97.53
12831,Entity_12831,Economics,2015,73.47
12832,Entity_12832,Economics,2016,45.85
12833,Entity_12833,Physics,2020,91.29
12834,Entity_12834,Biology,2011,67.3
12835,Entity_12835,Mathematics,2011,10.07
12836,Entity_12836,Economics,2024,1.05
12837,Entity_12837,Engineering,2017,6.05
12838,Entity_12838,ComputerScience,2017,55.97
12839,Entity_12839,Mathematics,2010,72.92
12840,Entity_12840,ComputerScience,2015,5.76
12841,Entity_12841,Mathematics,2020,29.62
12842,Entity_12842,Biology,2012,68.92
12843,Entity_12843,Engineering,2013,70.63
12844,Entity_12844,Economics,2012,4.24
12845,Entity_12845,ComputerScience,2020,18.04
12846,Entity_12846,Biology,2015,90.54
12847,Entity_12847,Economics,2017,27.63
12848,Entity_12848,Biology,2020,69.59
12849,Entity_12849,Engineering,2023,93.77
12850,Entity_12850,Engineering,2013,86.95
12851,Entity_12851,Biology,2015,59.91
12852,Entity_12852,Engineering,2017,75.07
12853,Entity_12853,Mathematics,2023,76.25
12854,Entity_12854,Mathematics,2012,38.97
12855,Entity_12855,Engineering,2020,61.94
12856,Entity_12856,Engineering,2014,67.23
12857,Entity_12857,Physics,2010,28.85
12858,Entity_12858,Biology,2014,12.19
12859,Entity_12859,Engineering,2013,44.64
12860,Entity_12860,ComputerScience,2022,78.9
12861,Entity_12861,Mathematics,2011,90.15
12862,Entity_12862,Physics,2013,46.4
12863,Entity_12863,Economics,2022,23.75
12864,Entity_12864,Biology,2022,42.95
12865,Entity_12865,Biology,2021,57.77
12866,Entity_12866,Engineering,2019,45.28
12867,Entity_12867,Economics,2011,74.61
12868,Entity_12868,Biology,2022,91.81
12869,Entity_12869,Economics,2015,35.01
12870,Entity_12870,ComputerScience,2022,79.78
12871,Entity_12871,Mathematics,2019,66.07
12872,Entity_12872,Mathematics,2018,30.53
12873,Entity_12873,Engineering,2016,52.1
12874,Entity_12874,ComputerScience,2014,28.01
12875,Entity_12875,Economics,2010,52.04
12876,Entity_12876,Physics,2023,79.9
12877,Entity_12877,Economics,2016,17.92
12878,Entity_12878,Engineering,2010,67.71
12879,Entity_12879,Biology,2014,27.29
12880,Entity_12880,ComputerScience,2019,62.1
12881,Entity_12881,Economics,2016,21.7
12882,Entity_12882,Mathematics,2015,76.72
12883,Entity_12883,Mathematics,2012,97.43
12884,Entity_12884,Engineering,2019,11.82
12885,Entity_12885,ComputerScience,2011,69.46
12886,Entity_12886,ComputerScience,2024,70.41
12887,Entity_12887,Mathematics,2022,69.61
12888,Entity_12888,ComputerScience,2018,25.78
12889,Entity_12889,Engineering,2016,89.81
12890,Entity_12890,Economics,2018,67.16
12891,Entity_12891,Engineering,2015,60.05
12892,Entity_12892,Physics,2011,25.03
12893,Entity_12893,Economics,2016,12.66
12894,Entity_12894,Engineering,2013,6.18
12895,Entity_12895,Engineering,2017,72.6
12896,Entity_12896,Physics,2020,28.22
12897,Entity_12897,Economics,2010,87.88
12898,Entity_12898,ComputerScience,2024,16.46
12899,Entity_12899,Engineering,2023,42.44
12900,Entity_12900,Physics,2015,62.0
12901,Entity_12901,Biology,2020,93.31
12902,Entity_12902,ComputerScience,2015,85.3
12903,Entity_12903,Mathematics,2018,82.8
12904,Entity_12904,Economics,2018,87.1
12905,Entity_12905,Biology,2024,79.38
12906,Entity_12906,ComputerScience,2021,61.37
12907,Entity_12907,ComputerScience,2023,76.11
12908,Entity_12908,Mathematics,2017,97.2
12909,Entity_12909,Mathematics,2019,73.16
12910,Entity_12910,Mathematics,2017,31.2
12911,Entity_12911,ComputerScience,2014,18.28
12912,Entity_12912,Physics,2024,46.11
12913,Entity_12913,ComputerScience,2017,72.38
12914,Entity_12914,Mathematics,2020,47.97
12915,Entity_12915,Physics,2011,26.96
12916,Entity_12916,ComputerScience,2017,19.13
12917,Entity_12917,Mathematics,2018,5.69
12918,Entity_12918,Mathematics,2015,80.26
12919,Entity_12919,Economics,2023,89.81
12920,Entity_12920,Biology,2017,86.56
12921,Entity_12921,Biology,2019,92.03
12922,Entity_12922,Economics,2020,62.25
12923,Entity_12923,Economics,2018,52.95
12924,Entity_12924,Biology,2015,30.03
12925,Entity_12925,Mathematics,2018,26.54
12926,Entity_12926,Biology,2022,30.2
12927,Entity_12927,ComputerScience,2013,28.49
12928,Entity_12928,ComputerScience,2024,61.43
12929,Entity_12929,Physics,2021,93.63
12930,Entity_12930,Engineering,2013,42.18
12931,Entity_12931,ComputerScience,2021,33.5
12932,Entity_12932,Economics,2016,19.02
12933,Entity_12933,Biology,2015,66.69
12934,Entity_12934,ComputerScience,2021,58.56
12935,Entity_12935,Mathematics,2016,89.69
12936,Entity_12936,Economics,2019,3.69
12937,Entity_12937,Physics,2023,28.6
12938,Entity_12938,Economics,2014,78.97
12939,Entity_12939,Biology,2019,25.0
12940,Entity_12940,Engineering,2022,67.24
12941,Entity_12941,Biology,2011,92.19
12942,Entity_12942,ComputerScience,2015,41.55
12943,Entity_12943,Biology,2012,70.82
12944,Entity_12944,Engineering,2024,24.76
12945,Entity_12945,ComputerScience,2022,47.07
12946,Entity_12946,Engineering,2016,34.19
12947,Entity_12947,Mathematics,2018,4.0
12948,Entity_12948,Mathematics,2013,11.11
12949,Entity_12949,ComputerScience,2012,70.95
12950,Entity_12950,Biology,2020,92.46
12951,Entity_12951,Physics,2013,6.23
12952,Entity_12952,Biology,2020,18.45
12953,Entity_12953,Engineering,2021,75.3
12954,Entity_12954,Biology,2011,54.15
12955,Entity_12955,Engineering,2020,17.03
12956,Entity_12956,Mathematics,2017,87.35
12957,Entity_12957,Mathematics,2016,19.62
12958,Entity_12958,ComputerScience,2022,80.84
12959,Entity_12959,Physics,2020,8.57
12960,Entity_12960,Economics,2021,2.42
12961,Entity_12961,Economics,2023,19.41
12962,Entity_12962,Biology,2018,76.07
12963,Entity_12963,ComputerScience,2024,40.11
12964,Entity_12964,ComputerScience,2015,70.0
12965,Entity_12965,Mathematics,2015,62.64
12966,Entity_12966,Economics,2015,51.85
12967,Entity_12967,Biology,2013,36.01
12968,Entity_12968,Mathematics,2021,83.5
12969,Entity_12969,ComputerScience,2018,93.08
12970,Entity_12970,Physics,2020,85.6
12971,Entity_12971,Engineering,2018,18.43
12972,Entity_12972,Physics,2011,93.88
12973,Entity_12973,Engineering,2018,70.78
12974,Entity_12974,Biology,2016,58.82
12975,Entity_12975,Mathematics,2023,95.28
12976,Entity_12976,Mathematics,2016,59.34
12977,Entity_12977,Engineering,2019,53.07
12978,Entity_12978,Mathematics,2012,54.15
12979,Entity_12979,Physics,2021,84.23
12980,Entity_12980,Mathematics,2017,88.46
12981,Entity_12981,Mathematics,2012,5.4
12982,Entity_12982,ComputerScience,2020,22.8
12983,Entity_12983,Engineering,2012,81.63
12984,Entity_12984,Economics,2018,86.84
12985,Entity_12985,Biology,2011,79.47
12986,Entity_12986,Physics,2013,74.83
12987,Entity_12987,ComputerScience,2013,86.88
12988,Entity_12988,Biology,2018,44.21
12989,Entity_12989,Mathematics,2012,78.98
12990,Entity_12990,Engineering,2017,54.97
12991,Entity_12991,Physics,2016,94.53
12992,Entity_12992,Engineering,2020,78.0
12993,Entity_12993,Physics,2017,15.26
12994,Entity_12994,Biology,2021,38.49
12995,Entity_12995,ComputerScience,2021,25.08
12996,Entity_12996,ComputerScience,2018,99.4
12997,Entity_12997,Biology,2017,56.54
12998,Entity_12998,Mathematics,2017,97.02
12999,Entity_12999,Engineering,2010,41.26
13000,Entity_13000,Engineering,2018,23.53
13001,Entity_13001,Physics,2014,64.13
13002,Entity_13002,Mathematics,2023,87.14
13003,Entity_13003,Engineering,2021,37.46
13004,Entity_13004,Physics,2015,89.18
13005,Entity_13005,Physics,2013,95.45
13006,Entity_13006,Physics,2023,80.62
13007,Entity_13007,Biology,2017,64.79
13008,Entity_13008,ComputerScience,2010,26.21
13009,Entity_13009,Physics,2015,53.54
13010,Entity_13010,Engineering,2019,47.51
13011,Entity_13011,ComputerScience,2012,77.82
13012,Entity_13012,Physics,2021,63.97
13013,Entity_13013,Physics,2012,55.52
13014,Entity_13014,Biology,2024,91.25
13015,Entity_13015,Mathematics,2021,17.16
13016,Entity_13016,Mathematics,2010,76.57
13017,Entity_13017,Physics,2015,34.88
13018,Entity_13018,Mathematics,2024,41.64
13019,Entity_13019,Economics,2021,79.18
13020,Entity_13020,Engineering,2013,98.13
13021,Entity_13021,Biology,2024,91.63
13022,Entity_13022,Biology,2020,4.83
13023,Entity_13023,ComputerScience,2011,42.14
13024,Entity_13024,Economics,2018,85.53
13025,Entity_13025,ComputerScience,2015,79.08
13026,Entity_13026,Biology,2020,78.65
13027,Entity_13027,Mathematics,2016,87.08
13028,Entity_13028,Biology,2013,53.24
13029,Entity_13029,Mathematics,2016,61.26
13030,Entity_13030,Mathematics,2014,51.98
13031,Entity_13031,Mathematics,2021,67.44
13032,Entity_13032,Biology,2021,23.6
13033,Entity_13033,Physics,2021,18.65
13034,Entity_13034,ComputerScience,2021,17.14
13035,Entity_13035,Economics,2019,33.7
13036,Entity_13036,Economics,2017,91.88
13037,Entity_13037,Biology,2010,2.05
13038,Entity_13038,Biology,2024,17.01
13039,Entity_13039,Engineering,2019,26.92
13040,Entity_13040,Mathematics,2019,84.19
13041,Entity_13041,Engineering,2023,28.63
13042,Entity_13042,Physics,2016,28.18
13043,Entity_13043,Biology,2016,3.38
13044,Entity_13044,Economics,2019,32.98
13045,Entity_13045,ComputerScience,2011,13.75
13046,Entity_13046,Engineering,2010,23.31
13047,Entity_13047,Physics,2019,51.65
13048,Entity_13048,Engineering,2011,24.89
13049,Entity_13049,Economics,2017,10.02
13050,Entity_13050,Biology,2012,54.89
13051,Entity_13051,Physics,2015,43.01
13052,Entity_13052,Economics,2010,32.73
13053,Entity_13053,Economics,2022,99.82
13054,Entity_13054,ComputerScience,2018,67.69
13055,Entity_13055,ComputerScience,2015,82.04
13056,Entity_13056,Physics,2017,28.74
13057,Entity_13057,Physics,2015,40.97
13058,Entity_13058,ComputerScience,2012,63.95
13059,Entity_13059,Biology,2017,17.4
13060,Entity_13060,Biology,2011,99.8
13061,Entity_13061,Biology,2015,61.21
13062,Entity_13062,Engineering,2019,37.44
13063,Entity_13063,Engineering,2024,58.56
13064,Entity_13064,Mathematics,2015,96.11
13065,Entity_13065,Mathematics,2019,34.98
13066,Entity_13066,Economics,2015,97.65
13067,Entity_13067,ComputerScience,2024,34.92
13068,Entity_13068,Engineering,2013,69.14
13069,Entity_13069,Biology,2012,56.75
13070,Entity_13070,Engineering,2011,44.87
13071,Entity_13071,Mathematics,2018,37.09
13072,Entity_13072,Mathematics,2024,8.36
13073,Entity_13073,Physics,2019,35.15
13074,Entity_13074,Physics,2021,31.98
13075,Entity_13075,Engineering,2023,66.62
13076,Entity_13076,Mathematics,2012,81.09
13077,Entity_13077,ComputerScience,2017,89.53
13078,Entity_13078,Economics,2020,97.68
13079,Entity_13079,Physics,2022,76.17
13080,Entity_13080,Biology,2020,32.02
13081,Entity_13081,ComputerScience,2019,63.29
13082,Entity_13082,Physics,2011,30.64
13083,Entity_13083,Mathematics,2017,30.24
13084,Entity_13084,Mathematics,2015,15.74
13085,Entity_13085,Physics,2010,79.16
13086,Entity_13086,Engineering,2012,47.88
13087,Entity_13087,Biology,2022,62.67
13088,Entity_13088,Mathematics,2017,21.05
13089,Entity_13089,Economics,2021,77.69
13090,Entity_13090,Physics,2014,95.16
13091,Entity_13091,Physics,2023,73.15
13092,Entity_13092,Engineering,2023,24.96
13093,Entity_13093,Engineering,2024,10.06
13094,Entity_13094,Physics,2021,99.21
13095,Entity_13095,Mathematics,2010,73.94
13096,Entity_13096,Physics,2019,20.83
13097,Entity_13097,Biology,2013,29.67
13098,Entity_13098,ComputerScience,2019,25.8
13099,Entity_13099,Physics,2022,71.94
13100,Entity_13100,Economics,2024,4.84
13101,Entity_13101,Engineering,2023,66.34
13102,Entity_13102,Mathematics,2017,57.6
13103,Entity_13103,Economics,2019,7.05
13104,Entity_13104,ComputerScience,2014,92.58
13105,Entity_13105,Biology,2019,91.4
13106,Entity_13106,ComputerScience,2012,80.25
13107,Entity_13107,Engineering,2013,90.52
13108,Entity_13108,Mathematics,2014,41.26
13109,Entity_13109,ComputerScience,2018,90.1
13110,Entity_13110,ComputerScience,2022,12.27
13111,Entity_13111,Mathematics,2021,96.36
13112,Entity_13112,Physics,2014,80.3
13113,Entity_13113,Engineering,2015,47.83
13114,Entity_13114,Physics,2013,60.48
13115,Entity_13115,Engineering,2019,43.81
13116,Entity_13116,Physics,2024,46.71
13117,Entity_13117,Economics,2016,9.63
13118,Entity_13118,Biology,2013,29.75
13119,Entity_13119,Physics,2011,77.03
13120,Entity_13120,Physics,2010,77.55
13121,Entity_13121,Economics,2011,88.4
13122,Entity_13122,Engineering,2013,50.75
13123,Entity_13123,Physics,2010,10.13
13124,Entity_13124,Economics,2023,31.23
13125,Entity_13125,ComputerScience,2012,62.19
13126,Entity_13126,Economics,2010,56.05
13127,Entity_13127,Engineering,2018,71.43
13128,Entity_13128,Economics,2016,68.07
13129,Entity_13129,Mathematics,2022,36.69
13130,Entity_13130,Physics,2011,82.63
13131,Entity_13131,ComputerScience,2020,58.0
13132,Entity_13132,Economics,2010,51.8
13133,Entity_13133,ComputerScience,2020,22.48
13134,Entity_13134,Mathematics,2016,96.46
13135,Entity_13135,Engineering,2023,69.92
13136,Entity_13136,ComputerScience,2017,95.95
13137,Entity_13137,Physics,2022,43.67
13138,Entity_13138,Engineering,2016,49.42
13139,Entity_13139,Mathematics,2024,71.44
13140,Entity_13140,Engineering,2011,91.22
13141,Entity_13141,ComputerScience,2010,85.97
13142,Entity_13142,Physics,2021,55.24
13143,Entity_13143,Economics,2011,62.22
13144,Entity_13144,Economics,2022,76.51
13145,Entity_13145,Mathematics,2010,32.78
13146,Entity_13146,ComputerScience,2011,24.68
13147,Entity_13147,Physics,2022,16.73
13148,Entity_13148,Physics,2014,95.32
13149,Entity_13149,Mathematics,2019,37.42
13150,Entity_13150,ComputerScience,2017,8.58
13151,Entity_13151,Economics,2017,77.22
13152,Entity_13152,Mathematics,2010,82.81
13153,Entity_13153,Biology,2017,35.33
13154,Entity_13154,Engineering,2012,36.45
13155,Entity_13155,Engineering,2017,16.05
13156,Entity_13156,ComputerScience,2023,38.36
13157,Entity_13157,Engineering,2013,12.65
13158,Entity_13158,ComputerScience,2023,20.39
13159,Entity_13159,Biology,2020,50.88
13160,Entity_13160,ComputerScience,2011,65.58
13161,Entity_13161,Engineering,2021,97.68
13162,Entity_13162,ComputerScience,2015,77.28
13163,Entity_13163,Engineering,2022,44.51
13164,Entity_13164,ComputerScience,2013,76.21
13165,Entity_13165,Economics,2019,38.53
13166,Entity_13166,Physics,2010,43.03
13167,Entity_13167,Biology,2010,2.35
13168,Entity_13168,Economics,2019,28.81
13169,Entity_13169,Economics,2023,83.89
13170,Entity_13170,Biology,2016,68.96
13171,Entity_13171,Physics,2023,71.86
13172,Entity_13172,Physics,2013,69.31
13173,Entity_13173,ComputerScience,2010,49.82
13174,Entity_13174,Engineering,2020,32.51
13175,Entity_13175,ComputerScience,2022,3.62
13176,Entity_13176,Biology,2023,91.39
13177,Entity_13177,Mathematics,2020,5.81
13178,Entity_13178,Biology,2013,25.72
13179,Entity_13179,Physics,2014,22.33
13180,Entity_13180,ComputerScience,2022,75.51
13181,Entity_13181,Mathematics,2024,53.92
13182,Entity_13182,Biology,2014,29.25
13183,Entity_13183,Engineering,2018,69.66
13184,Entity_13184,Economics,2013,62.68
13185,Entity_13185,Engineering,2012,25.1
13186,Entity_13186,Mathematics,2019,73.49
13187,Entity_13187,Economics,2017,19.46
13188,Entity_13188,Economics,2023,89.04
13189,Entity_13189,Economics,2023,69.55
13190,Entity_13190,Engineering,2015,55.49
13191,Entity_13191,Mathematics,2021,28.16
13192,Entity_13192,Mathematics,2023,12.14
13193,Entity_13193,Economics,2022,12.32
13194,Entity_13194,Economics,2016,78.39
13195,Entity_13195,Physics,2024,31.77
13196,Entity_13196,Physics,2022,75.35
13197,Entity_13197,Biology,2017,54.72
13198,Entity_13198,Physics,2018,71.33
13199,Entity_13199,Physics,2016,87.93
13200,Entity_13200,Engineering,2013,15.39
13201,Entity_13201,Physics,2018,2.68
13202,Entity_13202,Mathematics,2021,24.3
13203,Entity_13203,Mathematics,2017,37.05
13204,Entity_13204,Mathematics,2016,42.69
13205,Entity_13205,Mathematics,2018,43.64
13206,Entity_13206,Biology,2021,27.31
13207,Entity_13207,Biology,2013,49.62
13208,Entity_13208,ComputerScience,2012,4.82
13209,Entity_13209,Physics,2011,46.28
13210,Entity_13210,Mathematics,2024,17.7
13211,Entity_13211,Biology,2017,40.56
13212,Entity_13212,ComputerScience,2014,36.48
13213,Entity_13213,Mathematics,2010,51.77
13214,Entity_13214,ComputerScience,2021,77.85
13215,Entity_13215,Mathematics,2022,8.87
13216,Entity_13216,Biology,2012,54.86
13217,Entity_13217,Engineering,2014,71.42
13218,Entity_13218,Engineering,2016,89.27
13219,Entity_13219,ComputerScience,2016,54.36
13220,Entity_13220,ComputerScience,2011,31.38
13221,Entity_13221,ComputerScience,2023,20.63
13222,Entity_13222,Biology,2011,9.84
13223,Entity_13223,Economics,2012,40.57
13224,Entity_13224,Engineering,2010,78.49
13225,Entity_13225,Mathematics,2015,71.22
13226,Entity_13226,Mathematics,2016,97.16
13227,Entity_13227,Mathematics,2012,74.41
13228,Entity_13228,Economics,2013,38.6
13229,Entity_13229,Mathematics,2024,85.08
13230,Entity_13230,Physics,2017,45.76
13231,Entity_13231,Mathematics,2022,3.7
13232,Entity_13232,Mathematics,2024,80.13
13233,Entity_13233,Mathematics,2020,68.91
13234,Entity_13234,Mathematics,2015,84.91
13235,Entity_13235,Mathematics,2020,41.62
13236,Entity_13236,Biology,2010,1.88
13237,Entity_13237,ComputerScience,2023,9.54
13238,Entity_13238,Economics,2016,64.71
13239,Entity_13239,Physics,2012,50.16
13240,Entity_13240,Physics,2013,96.9
13241,Entity_13241,Biology,2022,59.12
13242,Entity_13242,Mathematics,2020,13.45
13243,Entity_13243,ComputerScience,2020,85.87
13244,Entity_13244,Biology,2021,87.36
13245,Entity_13245,Physics,2016,79.99
13246,Entity_13246,Physics,2018,37.4
13247,Entity_13247,ComputerScience,2019,33.16
13248,Entity_13248,Engineering,2020,45.65
13249,Entity_13249,Economics,2013,26.61
13250,Entity_13250,Engineering,2019,57.79
13251,Entity_13251,Biology,2020,91.95
13252,Entity_13252,Mathematics,2010,54.82
13253,Entity_13253,ComputerScience,2013,41.77
13254,Entity_13254,Engineering,2022,26.7
13255,Entity_13255,ComputerScience,2013,28.23
13256,Entity_13256,Economics,2020,25.94
13257,Entity_13257,Mathematics,2013,87.29
13258,Entity_13258,Biology,2023,46.88
13259,Entity_13259,ComputerScience,2021,42.58
13260,Entity_13260,Biology,2024,57.47
13261,Entity_13261,Engineering,2020,58.06
13262,Entity_13262,Engineering,2011,31.18
13263,Entity_13263,Physics,2019,95.51
13264,Entity_13264,Mathematics,2014,61.69
13265,Entity_13265,Biology,2016,58.03
13266,Entity_13266,Mathematics,2012,83.7
13267,Entity_13267,Engineering,2022,69.97
13268,Entity_13268,Engineering,2021,96.95
13269,Entity_13269,Biology,2012,47.99
13270,Entity_13270,Physics,2018,1.77
13271,Entity_13271,ComputerScience,2011,42.08
13272,Entity_13272,Engineering,2024,99.61
13273,Entity_13273,Engineering,2023,7.62
13274,Entity_13274,Biology,2013,27.82
13275,Entity_13275,Biology,2019,66.56
13276,Entity_13276,Mathematics,2021,75.37
13277,Entity_13277,Economics,2012,24.19
13278,Entity_13278,Engineering,2011,81.8
13279,Entity_13279,Engineering,2013,55.53
13280,Entity_13280,Physics,2016,28.57
13281,Entity_13281,Engineering,2018,61.0
13282,Entity_13282,Engineering,2011,69.0
13283,Entity_13283,Engineering,2023,5.57
13284,Entity_13284,ComputerScience,2017,2.26
13285,Entity_13285,Economics,2011,13.42
13286,Entity_13286,Engineering,2019,29.1
13287,Entity_13287,Engineering,2015,45.4
13288,Entity_13288,ComputerScience,2021,74.11
13289,Entity_13289,ComputerScience,2023,27.79
13290,Entity_13290,Economics,2014,56.38
13291,Entity_13291,ComputerScience,2021,92.18
13292,Entity_13292,Mathematics,2012,62.93
13293,Entity_13293,Engineering,2023,89.07
13294,Entity_13294,Physics,2015,71.65
13295,Entity_13295,Physics,2022,99.65
13296,Entity_13296,Economics,2013,64.35
13297,Entity_13297,Biology,2012,67.78
13298,Entity_13298,Biology,2021,36.56
13299,Entity_13299,Biology,2020,49.7
13300,Entity_13300,Economics,2011,66.29
13301,Entity_13301,ComputerScience,2024,14.71
13302,Entity_13302,Mathematics,2016,28.12
13303,Entity_13303,Biology,2021,47.76
13304,Entity_13304,ComputerScience,2015,52.25
13305,Entity_13305,Physics,2024,73.15
13306,Entity_13306,ComputerScience,2023,52.94
13307,Entity_13307,Biology,2010,67.84
13308,Entity_13308,Economics,2022,59.86
13309,Entity_13309,ComputerScience,2024,72.43
13310,Entity_13310,ComputerScience,2017,73.04
13311,Entity_13311,ComputerScience,2011,98.9
13312,Entity_13312,ComputerScience,2011,30.77
13313,Entity_13313,Biology,2014,26.2
13314,Entity_13314,Engineering,2020,9.09
13315,Entity_13315,ComputerScience,2019,85.77
13316,Entity_13316,Physics,2010,76.07
13317,Entity_13317,Biology,2015,80.22
13318,Entity_13318,Physics,2021,76.98
13319,Entity_13319,Biology,2013,96.0
13320,Entity_13320,Engineering,2018,91.81
13321,Entity_13321,Engineering,2022,34.31
13322,Entity_13322,Engineering,2012,24.88
13323,Entity_13323,Engineering,2020,48.8
13324,Entity_13324,Mathematics,2018,67.79
13325,Entity_13325,Engineering,2017,46.39
13326,Entity_13326,ComputerScience,2017,56.47
13327,Entity_13327,ComputerScience,2020,15.56
13328,Entity_13328,Physics,2012,34.1
13329,Entity_13329,ComputerScience,2012,9.57
13330,Entity_13330,Engineering,2021,77.32
13331,Entity_13331,ComputerScience,2018,96.92
13332,Entity_13332,Physics,2016,48.82
13333,Entity_13333,Economics,2010,61.84
13334,Entity_13334,Engineering,2016,41.78
13335,Entity_13335,ComputerScience,2012,54.57
13336,Entity_13336,Mathematics,2024,72.17
13337,Entity_13337,Physics,2018,99.28
13338,Entity_13338,Economics,2020,99.75
13339,Entity_13339,Biology,2011,41.58
13340,Entity_13340,Biology,2022,82.7
13341,Entity_13341,Economics,2012,97.53
13342,Entity_13342,Engineering,2010,83.08
13343,Entity_13343,Physics,2020,99.31
13344,Entity_13344,Biology,2010,83.36
13345,Entity_13345,Engineering,2019,84.44
13346,Entity_13346,ComputerScience,2017,5.62
13347,Entity_13347,Physics,2017,52.5
13348,Entity_13348,ComputerScience,2018,63.52
13349,Entity_13349,Engineering,2016,91.99
13350,Entity_13350,Engineering,2022,44.03
13351,Entity_13351,Economics,2013,17.26
13352,Entity_13352,Biology,2022,84.22
13353,Entity_13353,Engineering,2010,57.49
13354,Entity_13354,Economics,2013,28.02
13355,Entity_13355,Mathematics,2019,16.3
13356,Entity_13356,Engineering,2021,44.08
13357,Entity_13357,Engineering,2014,54.54
13358,Entity_13358,Biology,2024,68.73
13359,Entity_13359,Economics,2016,35.41
13360,Entity_13360,Biology,2022,29.35
13361,Entity_13361,Mathematics,2022,34.69
13362,Entity_13362,Mathematics,2017,14.19
13363,Entity_13363,Biology,2016,36.68
13364,Entity_13364,Mathematics,2011,77.57
13365,Entity_13365,Economics,2012,50.71
13366,Entity_13366,Biology,2019,27.87
13367,Entity_13367,Biology,2019,35.65
13368,Entity_13368,ComputerScience,2013,31.43
13369,Entity_13369,Physics,2022,15.77
13370,Entity_13370,Physics,2016,97.52
13371,Entity_13371,Biology,2019,99.18
13372,Entity_13372,Physics,2010,22.45
13373,Entity_13373,Engineering,2016,66.67
13374,Entity_13374,Mathematics,2015,18.01
13375,Entity_13375,Mathematics,2017,23.05
13376,Entity_13376,ComputerScience,2019,91.14
13377,Entity_13377,ComputerScience,2017,75.6
13378,Entity_13378,Mathematics,2022,76.3
13379,Entity_13379,Engineering,2016,23.48
13380,Entity_13380,ComputerScience,2016,51.98
13381,Entity_13381,Physics,2020,15.7
13382,Entity_13382,Biology,2016,74.72
13383,Entity_13383,Mathematics,2011,13.39
13384,Entity_13384,Engineering,2018,20.81
13385,Entity_13385,Engineering,2019,59.76
13386,Entity_13386,ComputerScience,2010,72.29
13387,Entity_13387,Mathematics,2023,83.99
13388,Entity_13388,Physics,2016,72.61
13389,Entity_13389,Biology,2019,93.14
13390,Entity_13390,Physics,2012,49.76
13391,Entity_13391,Physics,2013,99.3
13392,Entity_13392,Physics,2012,53.75
13393,Entity_13393,Mathematics,2021,40.62
13394,Entity_13394,Economics,2013,47.07
13395,Entity_13395,Physics,2017,67.74
13396,Entity_13396,Physics,2015,75.34
13397,Entity_13397,Physics,2011,4.5
13398,Entity_13398,Physics,2021,47.68
13399,Entity_13399,Engineering,2021,71.72
13400,Entity_13400,ComputerScience,2010,54.78
13401,Entity_13401,Economics,2014,15.11
13402,Entity_13402,Physics,2014,93.62
13403,Entity_13403,ComputerScience,2013,74.56
13404,Entity_13404,ComputerScience,2014,20.55
13405,Entity_13405,Physics,2024,76.4
13406,Entity_13406,Engineering,2011,63.59
13407,Entity_13407,Economics,2024,81.26
13408,Entity_13408,Physics,2018,28.81
13409,Entity_13409,Biology,2020,76.84
13410,Entity_13410,ComputerScience,2012,36.64
13411,Entity_13411,Biology,2024,55.2
13412,Entity_13412,ComputerScience,2014,47.01
13413,Entity_13413,Biology,2011,59.65
13414,Entity_13414,Engineering,2020,63.0
13415,Entity_13415,Engineering,2020,12.25
13416,Entity_13416,Biology,2019,66.21
13417,Entity_13417,Economics,2010,89.47
13418,Entity_13418,Engineering,2020,39.23
13419,Entity_13419,Mathematics,2023,70.9
13420,Entity_13420,Mathematics,2014,73.06
13421,Entity_13421,Engineering,2012,10.49
13422,Entity_13422,Biology,2020,69.98
13423,Entity_13423,Physics,2017,62.45
13424,Entity_13424,Physics,2016,29.65
13425,Entity_13425,Mathematics,2013,71.62
13426,Entity_13426,Engineering,2023,45.58
13427,Entity_13427,Engineering,2019,43.44
13428,Entity_13428,Economics,2015,62.06
13429,Entity_13429,Mathematics,2021,96.19
13430,Entity_13430,Economics,2018,22.13
13431,Entity_13431,Economics,2010,22.87
13432,Entity_13432,Biology,2019,91.11
13433,Entity_13433,Biology,2024,91.71
13434,Entity_13434,Engineering,2018,86.39
13435,Entity_13435,Engineering,2013,8.95
13436,Entity_13436,Mathematics,2010,24.56
13437,Entity_13437,ComputerScience,2019,51.47
13438,Entity_13438,Economics,2023,67.75
13439,Entity_13439,Mathematics,2022,36.92
13440,Entity_13440,ComputerScience,2020,68.81
13441,Entity_13441,ComputerScience,2012,33.83
13442,Entity_13442,Biology,2016,44.01
13443,Entity_13443,Engineering,2020,52.88
13444,Entity_13444,Engineering,2020,76.97
13445,Entity_13445,Biology,2020,46.32
13446,Entity_13446,Mathematics,2017,42.34
13447,Entity_13447,ComputerScience,2023,30.49
13448,Entity_13448,Economics,2019,68.18
13449,Entity_13449,Biology,2013,15.09
13450,Entity_13450,Economics,2015,72.69
13451,Entity_13451,ComputerScience,2024,73.34
13452,Entity_13452,Physics,2018,34.16
13453,Entity_13453,Mathematics,2012,85.8
13454,Entity_13454,Biology,2012,16.12
13455,Entity_13455,Mathematics,2015,57.03
13456,Entity_13456,Biology,2013,90.85
13457,Entity_13457,Biology,2014,21.38
13458,Entity_13458,Engineering,2016,23.56
13459,Entity_13459,Economics,2014,61.89
13460,Entity_13460,Economics,2014,1.72
13461,Entity_13461,Economics,2019,35.44
13462,Entity_13462,Engineering,2014,42.06
13463,Entity_13463,Biology,2022,66.59
13464,Entity_13464,Mathematics,2013,8.37
13465,Entity_13465,ComputerScience,2018,49.57
13466,Entity_13466,ComputerScience,2010,15.81
13467,Entity_13467,ComputerScience,2010,66.56
13468,Entity_13468,Engineering,2022,94.55
13469,Entity_13469,Physics,2016,67.48
13470,Entity_13470,Physics,2020,74.55
13471,Entity_13471,Physics,2015,73.85
13472,Entity_13472,Engineering,2022,46.66
13473,Entity_13473,Engineering,2021,82.86
13474,Entity_13474,Physics,2021,21.25
13475,Entity_13475,Economics,2017,27.52
13476,Entity_13476,Physics,2019,97.99
13477,Entity_13477,Biology,2020,39.75
13478,Entity_13478,ComputerScience,2019,13.26
13479,Entity_13479,Economics,2010,30.93
13480,Entity_13480,Economics,2016,40.24
13481,Entity_13481,Engineering,2010,75.03
13482,Entity_13482,Physics,2023,74.84
13483,Entity_13483,Biology,2014,31.12
13484,Entity_13484,Biology,2022,77.11
13485,Entity_13485,Economics,2020,69.39
13486,Entity_13486,Engineering,2017,51.9
13487,Entity_13487,Economics,2015,63.38
13488,Entity_13488,Mathematics,2011,48.95
13489,Entity_13489,Biology,2022,6.77
13490,Entity_13490,Economics,2020,3.3
13491,Entity_13491,Physics,2017,10.58
13492,Entity_13492,Biology,2014,91.61
13493,Entity_13493,Engineering,2020,66.52
13494,Entity_13494,Engineering,2018,11.64
13495,Entity_13495,Mathematics,2015,75.37
13496,Entity_13496,Physics,2021,27.92
13497,Entity_13497,Biology,2019,83.7
13498,Entity_13498,Mathematics,2024,49.88
13499,Entity_13499,Physics,2021,96.08
13500,Entity_13500,Physics,2018,44.61
13501,Entity_13501,Economics,2024,6.64
13502,Entity_13502,Engineering,2015,13.95
13503,Entity_13503,Economics,2010,66.26
13504,Entity_13504,Biology,2016,35.13
13505,Entity_13505,ComputerScience,2018,19.95
13506,Entity_13506,Economics,2022,89.5
13507,Entity_13507,Engineering,2017,44.81
13508,Entity_13508,Economics,2018,92.31
13509,Entity_13509,Economics,2018,24.4
13510,Entity_13510,Biology,2014,25.31
13511,Entity_13511,Mathematics,2015,5.3
13512,Entity_13512,Biology,2018,32.57
13513,Entity_13513,Physics,2018,5.02
13514,Entity_13514,Physics,2021,33.01
13515,Entity_13515,Physics,2013,5.46
13516,Entity_13516,Economics,2020,59.58
13517,Entity_13517,Engineering,2016,28.76
13518,Entity_13518,Economics,2020,17.37
13519,Entity_13519,Physics,2014,77.68
13520,Entity_13520,Physics,2015,25.86
13521,Entity_13521,Biology,2019,33.67
13522,Entity_13522,ComputerScience,2012,82.2
13523,Entity_13523,Engineering,2015,39.5
13524,Entity_13524,Physics,2018,45.74
13525,Entity_13525,ComputerScience,2018,55.04
13526,Entity_13526,Physics,2015,86.91
13527,Entity_13527,Biology,2019,29.78
13528,Entity_13528,Biology,2010,90.57
13529,Entity_13529,Economics,2022,6.8
13530,Entity_13530,Biology,2016,26.7
13531,Entity_13531,Mathematics,2017,43.6
13532,Entity_13532,Economics,2011,66.05
13533,Entity_13533,ComputerScience,2016,9.03
13534,Entity_13534,Physics,2011,81.44
13535,Entity_13535,ComputerScience,2022,24.54
13536,Entity_13536,Economics,2023,68.38
13537,Entity_13537,Engineering,2015,97.92
13538,Entity_13538,Economics,2022,41.47
13539,Entity_13539,Economics,2021,92.69
13540,Entity_13540,ComputerScience,2020,56.74
13541,Entity_13541,Engineering,2010,5.2
13542,Entity_13542,Mathematics,2011,32.07
13543,Entity_13543,Economics,2013,22.27
13544,Entity_13544,Mathematics,2012,84.66
13545,Entity_13545,Biology,2021,71.8
13546,Entity_13546,Biology,2010,10.94
13547,Entity_13547,Physics,2018,32.07
13548,Entity_13548,Engineering,2010,76.88
13549,Entity_13549,ComputerScience,2012,59.03
13550,Entity_13550,Biology,2013,79.19
13551,Entity_13551,ComputerScience,2011,99.16
13552,Entity_13552,ComputerScience,2011,19.25
13553,Entity_13553,Mathematics,2022,36.03
13554,Entity_13554,Biology,2011,96.35
13555,Entity_13555,ComputerScience,2024,38.1
13556,Entity_13556,ComputerScience,2016,75.02
13557,Entity_13557,Engineering,2022,9.97
13558,Entity_13558,Mathematics,2019,57.25
13559,Entity_13559,Economics,2011,19.78
13560,Entity_13560,Biology,2020,78.66
13561,Entity_13561,Mathematics,2010,87.83
13562,Entity_13562,Mathematics,2011,57.98
13563,Entity_13563,Engineering,2023,74.23
13564,Entity_13564,Economics,2013,83.5
13565,Entity_13565,Economics,2016,53.69
13566,Entity_13566,ComputerScience,2018,43.88
13567,Entity_13567,Engineering,2017,8.6
13568,Entity_13568,ComputerScience,2018,2.14
13569,Entity_13569,Mathematics,2019,94.84
13570,Entity_13570,Economics,2023,21.2
13571,Entity_13571,Physics,2022,83.72
13572,Entity_13572,Economics,2024,71.82
13573,Entity_13573,Mathematics,2010,49.55
13574,Entity_13574,Engineering,2011,60.42
13575,Entity_13575,ComputerScience,2012,96.32
13576,Entity_13576,Physics,2013,81.47
13577,Entity_13577,ComputerScience,2022,20.28
13578,Entity_13578,Economics,2015,17.16
13579,Entity_13579,Physics,2010,56.69
13580,Entity_13580,Mathematics,2010,66.91
13581,Entity_13581,Physics,2017,87.41
13582,Entity_13582,ComputerScience,2024,92.96
13583,Entity_13583,Biology,2015,52.69
13584,Entity_13584,Mathematics,2016,16.3
13585,Entity_13585,Biology,2014,54.55
13586,Entity_13586,Biology,2016,11.52
13587,Entity_13587,Engineering,2024,89.73
13588,Entity_13588,Physics,2024,42.04
13589,Entity_13589,Engineering,2012,72.36
13590,Entity_13590,Engineering,2013,91.77
13591,Entity_13591,Biology,2019,99.67
13592,Entity_13592,Mathematics,2011,43.5
13593,Entity_13593,Biology,2020,10.24
13594,Entity_13594,ComputerScience,2011,55.88
13595,Entity_13595,ComputerScience,2023,64.68
13596,Entity_13596,Economics,2011,90.02
13597,Entity_13597,Engineering,2021,14.04
13598,Entity_13598,Engineering,2021,64.86
13599,Entity_13599,Physics,2023,68.28
13600,Entity_13600,Economics,2024,22.94
13601,Entity_13601,ComputerScience,2012,33.13
13602,Entity_13602,Economics,2023,74.81
13603,Entity_13603,Biology,2019,72.34
13604,Entity_13604,Physics,2010,43.49
13605,Entity_13605,Physics,2013,12.39
13606,Entity_13606,Mathematics,2023,66.61
13607,Entity_13607,Economics,2016,55.94
13608,Entity_13608,Engineering,2018,70.41
13609,Entity_13609,ComputerScience,2023,3.0
13610,Entity_13610,Economics,2021,39.3
13611,Entity_13611,ComputerScience,2019,76.52
13612,Entity_13612,Economics,2010,96.72
13613,Entity_13613,Mathematics,2010,35.03
13614,Entity_13614,ComputerScience,2011,14.96
13615,Entity_13615,ComputerScience,2023,22.5
13616,Entity_13616,Biology,2010,52.37
13617,Entity_13617,Biology,2022,28.13
13618,Entity_13618,ComputerScience,2021,89.11
13619,Entity_13619,ComputerScience,2014,26.26
13620,Entity_13620,Biology,2023,5.21
13621,Entity_13621,Economics,2021,8.46
13622,Entity_13622,Economics,2017,90.8
13623,Entity_13623,Mathematics,2010,80.64
13624,Entity_13624,Economics,2023,24.37
13625,Entity_13625,Biology,2019,33.24
13626,Entity_13626,Mathematics,2019,87.65
13627,Entity_13627,ComputerScience,2023,40.99
13628,Entity_13628,Economics,2020,81.34
13629,Entity_13629,Engineering,2015,83.03
13630,Entity_13630,Economics,2010,41.98
13631,Entity_13631,Physics,2021,94.52
13632,Entity_13632,Mathematics,2015,40.44
13633,Entity_13633,Economics,2018,22.82
13634,Entity_13634,Economics,2020,55.09
13635,Entity_13635,Mathematics,2019,65.73
13636,Entity_13636,Biology,2014,15.02
13637,Entity_13637,Mathematics,2011,31.2
13638,Entity_13638,Engineering,2019,66.13
13639,Entity_13639,Mathematics,2019,36.55
13640,Entity_13640,Engineering,2017,90.86
13641,Entity_13641,Physics,2015,84.95
13642,Entity_13642,Engineering,2022,63.08
13643,Entity_13643,Mathematics,2017,41.22
13644,Entity_13644,Biology,2019,9.47
13645,Entity_13645,Economics,2022,35.19
13646,Entity_13646,ComputerScience,2011,39.68
13647,Entity_13647,Mathematics,2017,14.76
13648,Entity_13648,Engineering,2016,13.22
13649,Entity_13649,Mathematics,2020,71.51
13650,Entity_13650,Economics,2015,58.66
13651,Entity_13651,ComputerScience,2012,96.64
13652,Entity_13652,Engineering,2016,13.82
13653,Entity_13653,Biology,2016,9.4
13654,Entity_13654,Biology,2016,14.57
13655,Entity_13655,Engineering,2018,40.5
13656,Entity_13656,ComputerScience,2022,19.77
13657,Entity_13657,Economics,2018,13.62
13658,Entity_13658,Biology,2024,55.29
13659,Entity_13659,Engineering,2022,67.84
13660,Entity_13660,Biology,2020,5.55
13661,Entity_13661,Biology,2015,38.47
13662,Entity_13662,Biology,2021,49.62
13663,Entity_13663,Engineering,2014,5.44
13664,Entity_13664,ComputerScience,2024,37.03
13665,Entity_13665,Biology,2012,21.42
13666,Entity_13666,Engineering,2012,32.91
13667,Entity_13667,Mathematics,2012,96.14
13668,Entity_13668,Mathematics,2012,34.82
13669,Entity_13669,Engineering,2016,83.28
13670,Entity_13670,ComputerScience,2018,32.78
13671,Entity_13671,Economics,2023,62.31
13672,Entity_13672,Economics,2016,87.98
13673,Entity_13673,Biology,2012,11.69
13674,Entity_13674,ComputerScience,2015,77.5
13675,Entity_13675,ComputerScience,2020,36.64
13676,Entity_13676,Engineering,2024,23.54
13677,Entity_13677,Physics,2022,9.68
13678,Entity_13678,Engineering,2011,51.99
13679,Entity_13679,Mathematics,2024,41.96
13680,Entity_13680,Mathematics,2019,96.11
13681,Entity_13681,Economics,2013,29.53
13682,Entity_13682,Physics,2013,15.79
13683,Entity_13683,Engineering,2021,71.4
13684,Entity_13684,ComputerScience,2019,9.43
13685,Entity_13685,Physics,2024,87.94
13686,Entity_13686,Mathematics,2024,26.56
13687,Entity_13687,Engineering,2013,72.83
13688,Entity_13688,Mathematics,2024,70.14
13689,Entity_13689,ComputerScience,2014,86.35
13690,Entity_13690,Economics,2024,79.21
13691,Entity_13691,Economics,2013,27.26
13692,Entity_13692,Physics,2020,84.44
13693,Entity_13693,Biology,2024,83.61
13694,Entity_13694,Economics,2022,54.86
13695,Entity_13695,Engineering,2023,31.07
13696,Entity_13696,Physics,2011,92.87
13697,Entity_13697,Biology,2024,53.56
13698,Entity_13698,Physics,2011,22.48
13699,Entity_13699,Economics,2019,86.68
13700,Entity_13700,Engineering,2018,9.0
13701,Entity_13701,ComputerScience,2020,2.53
13702,Entity_13702,ComputerScience,2022,68.43
13703,Entity_13703,Biology,2012,86.29
13704,Entity_13704,Physics,2016,35.04
13705,Entity_13705,Biology,2018,77.46
13706,Entity_13706,Biology,2022,22.49
13707,Entity_13707,Mathematics,2015,50.89
13708,Entity_13708,Biology,2014,77.85
13709,Entity_13709,Mathematics,2023,13.62
13710,Entity_13710,Physics,2022,70.52
13711,Entity_13711,Economics,2018,95.08
13712,Entity_13712,Physics,2013,75.15
13713,Entity_13713,Biology,2023,63.02
13714,Entity_13714,Mathematics,2014,30.25
13715,Entity_13715,Physics,2012,64.3
13716,Entity_13716,Physics,2015,12.56
13717,Entity_13717,Biology,2018,68.28
13718,Entity_13718,Physics,2018,3.5
13719,Entity_13719,ComputerScience,2013,25.92
13720,Entity_13720,Mathematics,2013,55.85
13721,Entity_13721,Economics,2012,51.57
13722,Entity_13722,Biology,2012,1.7
13723,Entity_13723,Mathematics,2017,40.27
13724,Entity_13724,Biology,2016,91.59
13725,Entity_13725,Engineering,2010,53.7
13726,Entity_13726,Economics,2018,97.02
13727,Entity_13727,Mathematics,2015,70.97
13728,Entity_13728,Economics,2017,8.82
13729,Entity_13729,Engineering,2012,6.51
13730,Entity_13730,Biology,2015,21.55
13731,Entity_13731,Engineering,2023,82.33
13732,Entity_13732,Engineering,2024,39.61
13733,Entity_13733,Mathematics,2019,19.77
13734,Entity_13734,Mathematics,2022,75.26
13735,Entity_13735,Physics,2016,13.71
13736,Entity_13736,Engineering,2020,4.41
13737,Entity_13737,Mathematics,2021,89.95
13738,Entity_13738,ComputerScience,2014,79.24
13739,Entity_13739,Mathematics,2013,1.38
13740,Entity_13740,ComputerScience,2010,80.72
13741,Entity_13741,ComputerScience,2014,92.28
13742,Entity_13742,Mathematics,2012,59.5
13743,Entity_13743,Economics,2016,93.21
13744,Entity_13744,Mathematics,2021,46.67
13745,Entity_13745,Mathematics,2024,21.27
13746,Entity_13746,ComputerScience,2019,79.77
13747,Entity_13747,Biology,2011,81.27
13748,Entity_13748,Engineering,2023,36.88
13749,Entity_13749,Physics,2023,25.06
13750,Entity_13750,Mathematics,2022,58.48
13751,Entity_13751,Biology,2012,62.6
13752,Entity_13752,Economics,2017,3.82
13753,Entity_13753,ComputerScience,2022,5.53
13754,Entity_13754,Physics,2022,63.68
13755,Entity_13755,Physics,2014,30.85
13756,Entity_13756,Economics,2017,37.07
13757,Entity_13757,Engineering,2018,70.4
13758,Entity_13758,Economics,2021,41.92
13759,Entity_13759,ComputerScience,2021,53.54
13760,Entity_13760,Economics,2011,83.95
13761,Entity_13761,Biology,2018,40.94
13762,Entity_13762,Engineering,2024,81.09
13763,Entity_13763,Physics,2011,37.27
13764,Entity_13764,Economics,2012,50.41
13765,Entity_13765,Mathematics,2013,46.18
13766,Entity_13766,Physics,2018,13.63
13767,Entity_13767,Mathematics,2019,86.88
13768,Entity_13768,Physics,2013,12.63
13769,Entity_13769,Physics,2012,23.68
13770,Entity_13770,Economics,2015,27.14
13771,Entity_13771,ComputerScience,2024,88.1
13772,Entity_13772,ComputerScience,2014,45.6
13773,Entity_13773,Engineering,2011,98.08
13774,Entity_13774,Engineering,2024,74.04
13775,Entity_13775,Economics,2013,79.96
13776,Entity_13776,Economics,2017,31.66
13777,Entity_13777,Biology,2021,85.99
13778,Entity_13778,Mathematics,2010,46.45
13779,Entity_13779,Physics,2016,39.11
13780,Entity_13780,Mathematics,2016,2.24
13781,Entity_13781,Engineering,2017,38.38
13782,Entity_13782,Engineering,2012,17.04
13783,Entity_13783,Economics,2023,16.31
13784,Entity_13784,Physics,2022,69.06
13785,Entity_13785,Economics,2012,12.97
13786,Entity_13786,Physics,2023,85.78
13787,Entity_13787,Biology,2023,95.88
13788,Entity_13788,Physics,2017,56.0
13789,Entity_13789,Mathematics,2022,44.6
13790,Entity_13790,Biology,2014,71.12
13791,Entity_13791,Physics,2019,21.39
13792,Entity_13792,ComputerScience,2024,30.64
13793,Entity_13793,Mathematics,2020,59.04
13794,Entity_13794,Biology,2019,17.44
13795,Entity_13795,ComputerScience,2024,40.83
13796,Entity_13796,Engineering,2016,4.21
13797,Entity_13797,Mathematics,2018,35.88
13798,Entity_13798,Physics,2011,18.99
13799,Entity_13799,Mathematics,2020,91.5
13800,Entity_13800,Physics,2015,52.58
13801,Entity_13801,Engineering,2014,58.25
13802,Entity_13802,Economics,2011,12.13
13803,Entity_13803,Economics,2020,31.62
13804,Entity_13804,Biology,2015,10.71
13805,Entity_13805,Mathematics,2012,12.72
13806,Entity_13806,Biology,2021,24.27
13807,Entity_13807,Economics,2020,9.75
13808,Entity_13808,Engineering,2010,31.39
13809,Entity_13809,Engineering,2021,93.86
13810,Entity_13810,Biology,2014,62.97
13811,Entity_13811,Economics,2011,9.23
13812,Entity_13812,Biology,2021,34.47
13813,Entity_13813,Mathematics,2024,36.78
13814,Entity_13814,Economics,2022,62.92
13815,Entity_13815,Mathematics,2019,93.27
13816,Entity_13816,Physics,2011,62.64
13817,Entity_13817,Biology,2019,75.72
13818,Entity_13818,ComputerScience,2013,76.54
13819,Entity_13819,Biology,2013,91.05
13820,Entity_13820,Biology,2015,58.04
13821,Entity_13821,Physics,2017,40.58
13822,Entity_13822,Biology,2018,49.74
13823,Entity_13823,Biology,2015,57.23
13824,Entity_13824,Mathematics,2022,56.34
13825,Entity_13825,ComputerScience,2013,83.51
13826,Entity_13826,Mathematics,2011,49.07
13827,Entity_13827,Economics,2011,58.9
13828,Entity_13828,Physics,2022,81.59
13829,Entity_13829,Economics,2010,96.03
13830,Entity_13830,Engineering,2018,80.15
13831,Entity_13831,Physics,2016,78.88
13832,Entity_13832,Physics,2013,20.85
13833,Entity_13833,Economics,2010,68.28
13834,Entity_13834,Biology,2023,41.2
13835,Entity_13835,Mathematics,2023,3.73
13836,Entity_13836,ComputerScience,2011,9.12
13837,Entity_13837,Economics,2011,34.1
13838,Entity_13838,Economics,2010,31.47
13839,Entity_13839,Physics,2021,20.68
13840,Entity_13840,Mathematics,2017,62.23
13841,Entity_13841,ComputerScience,2014,99.29
13842,Entity_13842,Economics,2010,9.62
13843,Entity_13843,Engineering,2018,95.13
13844,Entity_13844,ComputerScience,2022,93.44
13845,Entity_13845,Mathematics,2023,46.57
13846,Entity_13846,Economics,2010,31.87
13847,Entity_13847,Engineering,2022,66.21
13848,Entity_13848,Economics,2011,34.92
13849,Entity_13849,Biology,2013,53.5
13850,Entity_13850,ComputerScience,2016,45.96
13851,Entity_13851,Economics,2016,46.72
13852,Entity_13852,Physics,2016,45.76
13853,Entity_13853,ComputerScience,2019,67.88
13854,Entity_13854,ComputerScience,2010,80.3
13855,Entity_13855,Physics,2017,18.94
13856,Entity_13856,Mathematics,2013,67.79
13857,Entity_13857,ComputerScience,2015,51.38
13858,Entity_13858,Biology,2019,57.02
13859,Entity_13859,Physics,2024,27.43
13860,Entity_13860,Mathematics,2019,98.43
13861,Entity_13861,ComputerScience,2020,84.58
13862,Entity_13862,Engineering,2015,36.83
13863,Entity_13863,Engineering,2017,62.19
13864,Entity_13864,Physics,2022,87.77
13865,Entity_13865,Biology,2010,12.74
13866,Entity_13866,Engineering,2015,31.52
13867,Entity_13867,Economics,2011,83.52
13868,Entity_13868,Biology,2020,50.41
13869,Entity_13869,Engineering,2022,19.11
13870,Entity_13870,Biology,2010,81.9
13871,Entity_13871,Economics,2016,51.29
13872,Entity_13872,Biology,2018,55.63
13873,Entity_13873,Economics,2023,64.44
13874,Entity_13874,Economics,2016,75.68
13875,Entity_13875,ComputerScience,2024,75.86
13876,Entity_13876,Mathematics,2020,60.89
13877,Entity_13877,Physics,2015,50.59
13878,Entity_13878,Biology,2023,83.17
13879,Entity_13879,Economics,2014,83.1
13880,Entity_13880,Engineering,2024,20.26
13881,Entity_13881,Biology,2014,27.88
13882,Entity_13882,Biology,2010,17.65
13883,Entity_13883,Physics,2012,49.51
13884,Entity_13884,Biology,2020,43.01
13885,Entity_13885,Mathematics,2019,39.98
13886,Entity_13886,Mathematics,2021,34.14
13887,Entity_13887,Biology,2020,74.4
13888,Entity_13888,Biology,2019,26.67
13889,Entity_13889,Economics,2020,27.24
13890,Entity_13890,Biology,2021,8.75
13891,Entity_13891,Mathematics,2023,63.21
13892,Entity_13892,Engineering,2013,28.23
13893,Entity_13893,Biology,2024,26.02
13894,Entity_13894,Mathematics,2020,4.57
13895,Entity_13895,Engineering,2012,26.07
13896,Entity_13896,Mathematics,2013,44.83
13897,Entity_13897,Physics,2019,65.1
13898,Entity_13898,Economics,2021,28.02
13899,Entity_13899,Engineering,2018,61.5
13900,Entity_13900,Mathematics,2024,23.47
13901,Entity_13901,Economics,2014,33.94
13902,Entity_13902,ComputerScience,2013,44.65
13903,Entity_13903,Mathematics,2014,55.84
13904,Entity_13904,ComputerScience,2022,96.82
13905,Entity_13905,Economics,2010,38.09
13906,Entity_13906,Economics,2013,20.67
13907,Entity_13907,Economics,2015,92.57
13908,Entity_13908,Economics,2013,19.47
13909,Entity_13909,Economics,2011,25.52
13910,Entity_13910,Economics,2016,30.99
13911,Entity_13911,Engineering,2018,5.25
13912,Entity_13912,Mathematics,2022,78.3
13913,Entity_13913,Biology,2013,46.4
13914,Entity_13914,ComputerScience,2022,87.67
13915,Entity_13915,ComputerScience,2015,1.13
13916,Entity_13916,Biology,2013,18.49
13917,Entity_13917,Engineering,2014,84.0
13918,Entity_13918,Mathematics,2011,5.54
13919,Entity_13919,Engineering,2024,14.97
13920,Entity_13920,Mathematics,2018,23.82
13921,Entity_13921,Economics,2017,63.53
13922,Entity_13922,Biology,2013,21.01
13923,Entity_13923,Mathematics,2024,40.06
13924,Entity_13924,Mathematics,2020,43.28
13925,Entity_13925,Engineering,2022,95.44
13926,Entity_13926,Biology,2023,43.76
13927,Entity_13927,ComputerScience,2013,22.62
13928,Entity_13928,Physics,2024,49.08
13929,Entity_13929,Economics,2019,47.98
13930,Entity_13930,ComputerScience,2015,59.87
13931,Entity_13931,ComputerScience,2021,95.54
13932,Entity_13932,Economics,2014,82.0
13933,Entity_13933,ComputerScience,2010,87.84
13934,Entity_13934,ComputerScience,2012,63.2
13935,Entity_13935,Biology,2010,48.81
13936,Entity_13936,Economics,2011,68.52
13937,Entity_13937,Economics,2015,12.38
13938,Entity_13938,Mathematics,2018,26.97
13939,Entity_13939,Biology,2017,57.01
13940,Entity_13940,Biology,2013,52.32
13941,Entity_13941,Physics,2023,83.62
13942,Entity_13942,Biology,2011,27.09
13943,Entity_13943,Physics,2024,32.82
13944,Entity_13944,Engineering,2015,27.69
13945,Entity_13945,Biology,2018,59.41
13946,Entity_13946,Mathematics,2010,94.64
13947,Entity_13947,Mathematics,2020,75.98
13948,Entity_13948,Engineering,2020,19.16
13949,Entity_13949,ComputerScience,2012,76.29
13950,Entity_13950,ComputerScience,2021,40.95
13951,Entity_13951,Economics,2017,34.08
13952,Entity_13952,Biology,2010,48.61
13953,Entity_13953,Engineering,2023,91.52
13954,Entity_13954,Economics,2020,94.29
13955,Entity_13955,Physics,2019,19.05
13956,Entity_13956,Engineering,2016,92.32
13957,Entity_13957,Physics,2019,11.87
13958,Entity_13958,Physics,2017,46.71
13959,Entity_13959,Mathematics,2019,64.82
13960,Entity_13960,Economics,2014,96.04
13961,Entity_13961,ComputerScience,2021,73.91
13962,Entity_13962,Physics,2024,91.42
13963,Entity_13963,Biology,2016,93.58
13964,Entity_13964,Biology,2010,34.11
13965,Entity_13965,Engineering,2018,78.07
13966,Entity_13966,ComputerScience,2017,58.3
13967,Entity_13967,ComputerScience,2020,80.46
13968,Entity_13968,Biology,2023,64.48
13969,Entity_13969,ComputerScience,2024,3.97
13970,Entity_13970,Biology,2014,5.04
13971,Entity_13971,ComputerScience,2017,53.24
13972,Entity_13972,Economics,2020,64.9
13973,Entity_13973,Biology,2018,73.34
13974,Entity_13974,Economics,2013,80.75
13975,Entity_13975,Physics,2014,52.24
13976,Entity_13976,Mathematics,2017,22.09
13977,Entity_13977,Mathematics,2020,29.19
13978,Entity_13978,Engineering,2010,86.93
13979,Entity_13979,Mathematics,2019,13.8
13980,Entity_13980,Physics,2018,6.72
13981,Entity_13981,ComputerScience,2013,12.65
13982,Entity_13982,Biology,2018,87.04
13983,Entity_13983,Economics,2013,79.39
13984,Entity_13984,Biology,2022,98.62
13985,Entity_13985,Physics,2021,94.87
13986,Entity_13986,Biology,2017,74.68
13987,Entity_13987,Mathematics,2021,62.79
13988,Entity_13988,Mathematics,2014,99.39
13989,Entity_13989,ComputerScience,2018,56.63
13990,Entity_13990,Economics,2024,32.23
13991,Entity_13991,Engineering,2019,22.35
13992,Entity_13992,Physics,2012,97.2
13993,Entity_13993,ComputerScience,2017,63.01
13994,Entity_13994,Mathematics,2016,1.5
13995,Entity_13995,Engineering,2023,34.89
13996,Entity_13996,Biology,2019,62.87
13997,Entity_13997,ComputerScience,2011,74.58
13998,Entity_13998,Physics,2013,83.51
13999,Entity_13999,Engineering,2010,89.99
14000,Entity_14000,Economics,2019,66.18
14001,Entity_14001,Biology,2016,20.39
14002,Entity_14002,ComputerScience,2019,82.43
14003,Entity_14003,Physics,2024,25.34
14004,Entity_14004,Biology,2015,27.21
14005,Entity_14005,ComputerScience,2013,3.91
14006,Entity_14006,Economics,2020,59.72
14007,Entity_14007,Mathematics,2014,80.7
14008,Entity_14008,ComputerScience,2022,18.82
14009,Entity_14009,Biology,2013,92.51
14010,Entity_14010,ComputerScience,2011,15.45
14011,Entity_14011,Engineering,2019,36.37
14012,Entity_14012,ComputerScience,2018,97.66
14013,Entity_14013,Mathematics,2010,3.18
14014,Entity_14014,Physics,2013,8.76
14015,Entity_14015,Economics,2012,70.28
14016,Entity_14016,Engineering,2023,39.07
14017,Entity_14017,Economics,2012,80.97
14018,Entity_14018,ComputerScience,2014,53.31
14019,Entity_14019,ComputerScience,2022,69.62
14020,Entity_14020,Economics,2013,91.09
14021,Entity_14021,ComputerScience,2024,96.11
14022,Entity_14022,Mathematics,2018,29.5
14023,Entity_14023,Biology,2013,91.61
14024,Entity_14024,Mathematics,2017,75.89
14025,Entity_14025,Biology,2019,45.26
14026,Entity_14026,Physics,2019,81.32
14027,Entity_14027,Engineering,2012,27.82
14028,Entity_14028,Engineering,2015,64.17
14029,Entity_14029,Mathematics,2013,53.1
14030,Entity_14030,ComputerScience,2015,85.94
14031,Entity_14031,Economics,2012,49.12
14032,Entity_14032,Engineering,2013,76.7
14033,Entity_14033,Physics,2016,93.25
14034,Entity_14034,Physics,2019,36.15
14035,Entity_14035,ComputerScience,2018,34.99
14036,Entity_14036,Mathematics,2015,65.01
14037,Entity_14037,Engineering,2016,77.63
14038,Entity_14038,Economics,2020,72.66
14039,Entity_14039,Mathematics,2024,34.51
14040,Entity_14040,ComputerScience,2013,6.31
14041,Entity_14041,Economics,2011,57.94
14042,Entity_14042,Engineering,2021,85.39
14043,Entity_14043,Economics,2015,84.65
14044,Entity_14044,Mathematics,2021,50.68
14045,Entity_14045,Biology,2011,67.85
14046,Entity_14046,Mathematics,2010,82.63
14047,Entity_14047,Mathematics,2018,55.89
14048,Entity_14048,Economics,2021,12.4
14049,Entity_14049,Engineering,2023,33.21
14050,Entity_14050,ComputerScience,2018,57.64
14051,Entity_14051,Engineering,2014,29.52
14052,Entity_14052,Engineering,2014,5.07
14053,Entity_14053,Mathematics,2010,44.92
14054,Entity_14054,Biology,2019,93.1
14055,Entity_14055,Mathematics,2022,35.88
14056,Entity_14056,Engineering,2022,77.59
14057,Entity_14057,Physics,2015,86.23
14058,Entity_14058,Economics,2018,8.7
14059,Entity_14059,ComputerScience,2018,75.91
14060,Entity_14060,Physics,2020,16.1
14061,Entity_14061,Biology,2022,33.64
14062,Entity_14062,Biology,2022,83.8
14063,Entity_14063,Engineering,2017,93.44
14064,Entity_14064,Mathematics,2015,57.87
14065,Entity_14065,Physics,2015,29.1
14066,Entity_14066,Engineering,2011,13.49
14067,Entity_14067,Economics,2017,15.69
14068,Entity_14068,Mathematics,2021,59.09
14069,Entity_14069,Physics,2017,60.02
14070,Entity_14070,Economics,2010,2.69
14071,Entity_14071,ComputerScience,2021,29.22
14072,Entity_14072,Mathematics,2024,37.05
14073,Entity_14073,Mathematics,2018,83.38
14074,Entity_14074,Economics,2021,73.98
14075,Entity_14075,Biology,2024,27.25
14076,Entity_14076,Engineering,2023,89.37
14077,Entity_14077,Biology,2016,14.12
14078,Entity_14078,Engineering,2019,34.75
14079,Entity_14079,Biology,2020,84.7
14080,Entity_14080,ComputerScience,2012,33.66
14081,Entity_14081,Economics,2013,35.01
14082,Entity_14082,ComputerScience,2024,17.71
14083,Entity_14083,Biology,2016,45.23
14084,Entity_14084,Economics,2021,79.33
14085,Entity_14085,Biology,2014,13.27
14086,Entity_14086,Physics,2024,77.81
14087,Entity_14087,Physics,2017,15.61
14088,Entity_14088,Biology,2016,36.68
14089,Entity_14089,ComputerScience,2014,81.89
14090,Entity_14090,ComputerScience,2021,63.13
14091,Entity_14091,Mathematics,2011,50.15
14092,Entity_14092,Engineering,2023,5.89
14093,Entity_14093,Mathematics,2014,96.08
14094,Entity_14094,Mathematics,2018,24.83
14095,Entity_14095,Mathematics,2015,36.21
14096,Entity_14096,Mathematics,2024,83.25
14097,Entity_14097,Biology,2022,19.55
14098,Entity_14098,ComputerScience,2016,99.22
14099,Entity_14099,Engineering,2013,21.15
14100,Entity_14100,Engineering,2017,70.24
14101,Entity_14101,Biology,2016,51.39
14102,Entity_14102,Economics,2023,78.45
14103,Entity_14103,Mathematics,2022,1.77
14104,Entity_14104,Engineering,2019,10.07
14105,Entity_14105,Economics,2016,76.15
14106,Entity_14106,ComputerScience,2014,20.89
14107,Entity_14107,Biology,2011,37.69
14108,Entity_14108,Mathematics,2020,47.68
14109,Entity_14109,Mathematics,2022,16.71
14110,Entity_14110,Engineering,2021,58.33
14111,Entity_14111,Economics,2013,23.08
14112,Entity_14112,Economics,2016,88.83
14113,Entity_14113,Economics,2020,96.59
14114,Entity_14114,ComputerScience,2020,68.32
14115,Entity_14115,ComputerScience,2018,58.0
14116,Entity_14116,Economics,2018,55.09
14117,Entity_14117,Engineering,2020,3.42
14118,Entity_14118,ComputerScience,2010,37.49
14119,Entity_14119,Economics,2013,60.12
14120,Entity_14120,ComputerScience,2011,37.57
14121,Entity_14121,Physics,2012,5.33
14122,Entity_14122,Biology,2014,5.8
14123,Entity_14123,Economics,2021,19.8
14124,Entity_14124,Engineering,2021,24.5
14125,Entity_14125,Physics,2019,43.91
14126,Entity_14126,Biology,2019,5.21
14127,Entity_14127,ComputerScience,2020,67.24
14128,Entity_14128,Physics,2018,56.49
14129,Entity_14129,Biology,2018,17.79
14130,Entity_14130,Engineering,2011,56.4
14131,Entity_14131,Economics,2013,53.29
14132,Entity_14132,Mathematics,2017,52.45
14133,Entity_14133,Biology,2022,45.83
14134,Entity_14134,Biology,2013,75.03
14135,Entity_14135,Mathematics,2024,84.49
14136,Entity_14136,Physics,2021,1.78
14137,Entity_14137,Physics,2014,51.74
14138,Entity_14138,ComputerScience,2012,30.1
14139,Entity_14139,Engineering,2022,41.07
14140,Entity_14140,Mathematics,2017,28.53
14141,Entity_14141,Engineering,2023,41.89
14142,Entity_14142,Mathematics,2023,3.97
14143,Entity_14143,Biology,2020,56.32
14144,Entity_14144,Engineering,2022,17.48
14145,Entity_14145,Biology,2019,82.22
14146,Entity_14146,Biology,2013,44.79
14147,Entity_14147,Engineering,2015,52.31
14148,Entity_14148,Engineering,2021,55.42
14149,Entity_14149,Biology,2023,85.62
14150,Entity_14150,Mathematics,2019,57.08
14151,Entity_14151,Mathematics,2016,53.12
14152,Entity_14152,Engineering,2011,31.29
14153,Entity_14153,Mathematics,2016,81.73
14154,Entity_14154,Physics,2022,57.33
14155,Entity_14155,Engineering,2015,25.68
14156,Entity_14156,Mathematics,2015,81.0
14157,Entity_14157,Biology,2014,65.71
14158,Entity_14158,Physics,2019,28.64
14159,Entity_14159,Physics,2020,38.51
14160,Entity_14160,Economics,2022,2.1
14161,Entity_14161,Economics,2019,80.72
14162,Entity_14162,Mathematics,2022,95.56
14163,Entity_14163,Biology,2016,42.41
14164,Entity_14164,Economics,2011,95.91
14165,Entity_14165,ComputerScience,2020,98.65
14166,Entity_14166,Physics,2023,14.77
14167,Entity_14167,Physics,2013,66.83
14168,Entity_14168,Engineering,2020,97.5
14169,Entity_14169,Engineering,2012,27.36
14170,Entity_14170,Economics,2017,14.6
14171,Entity_14171,ComputerScience,2013,47.3
14172,Entity_14172,Physics,2017,70.99
14173,Entity_14173,Mathematics,2010,98.14
14174,Entity_14174,Engineering,2021,7.37
14175,Entity_14175,Economics,2016,49.7
14176,Entity_14176,Mathematics,2021,88.44
14177,Entity_14177,Economics,2015,50.08
14178,Entity_14178,Physics,2010,92.9
14179,Entity_14179,Mathematics,2015,58.83
14180,Entity_14180,Engineering,2022,91.42
14181,Entity_14181,Mathematics,2020,77.78
14182,Entity_14182,Engineering,2016,65.52
14183,Entity_14183,Engineering,2024,79.29
14184,Entity_14184,Mathematics,2023,80.31
14185,Entity_14185,Economics,2016,56.6
14186,Entity_14186,ComputerScience,2010,88.78
14187,Entity_14187,Mathematics,2011,85.12
14188,Entity_14188,Physics,2024,40.16
14189,Entity_14189,Engineering,2017,65.51
14190,Entity_14190,Mathematics,2020,26.29
14191,Entity_14191,Economics,2014,22.27
14192,Entity_14192,Biology,2024,23.19
14193,Entity_14193,Biology,2010,37.4
14194,Entity_14194,ComputerScience,2014,96.25
14195,Entity_14195,Mathematics,2013,88.4
14196,Entity_14196,Mathematics,2012,5.19
14197,Entity_14197,Mathematics,2012,9.69
14198,Entity_14198,Engineering,2018,43.7
14199,Entity_14199,Mathematics,2017,71.82
14200,Entity_14200,Mathematics,2012,6.02
14201,Entity_14201,Mathematics,2011,63.53
14202,Entity_14202,ComputerScience,2019,97.13
14203,Entity_14203,Mathematics,2020,94.46
14204,Entity_14204,ComputerScience,2022,34.69
14205,Entity_14205,Mathematics,2020,11.03
14206,Entity_14206,Physics,2015,88.03
14207,Entity_14207,Economics,2015,5.92
14208,Entity_14208,ComputerScience,2020,27.05
14209,Entity_14209,Physics,2024,19.38
14210,Entity_14210,Physics,2021,56.7
14211,Entity_14211,Biology,2024,42.91
14212,Entity_14212,Engineering,2013,19.43
14213,Entity_14213,Biology,2020,59.51
14214,Entity_14214,Engineering,2010,78.16
14215,Entity_14215,Physics,2013,21.24
14216,Entity_14216,ComputerScience,2010,40.82
14217,Entity_14217,Engineering,2022,51.04
14218,Entity_14218,ComputerScience,2021,82.52
14219,Entity_14219,ComputerScience,2010,37.0
14220,Entity_14220,Physics,2019,9.07
14221,Entity_14221,Mathematics,2015,46.45
14222,Entity_14222,Engineering,2022,83.51
14223,Entity_14223,Mathematics,2019,83.36
14224,Entity_14224,Biology,2015,62.2
14225,Entity_14225,ComputerScience,2015,84.88
14226,Entity_14226,Biology,2010,70.63
14227,Entity_14227,Mathematics,2019,62.42
14228,Entity_14228,ComputerScience,2011,80.38
14229,Entity_14229,Physics,2015,90.45
14230,Entity_14230,Economics,2023,20.18
14231,Entity_14231,Mathematics,2023,1.62
14232,Entity_14232,Biology,2017,73.43
14233,Entity_14233,Engineering,2021,37.26
14234,Entity_14234,Physics,2010,43.38
14235,Entity_14235,ComputerScience,2019,75.37
14236,Entity_14236,Physics,2011,40.74
14237,Entity_14237,Economics,2017,29.46
14238,Entity_14238,Physics,2023,46.53
14239,Entity_14239,Mathematics,2017,24.68
14240,Entity_14240,Physics,2010,29.06
14241,Entity_14241,ComputerScience,2019,13.5
14242,Entity_14242,Mathematics,2013,80.19
14243,Entity_14243,Physics,2016,43.07
14244,Entity_14244,Mathematics,2016,85.73
14245,Entity_14245,Physics,2013,20.92
14246,Entity_14246,ComputerScience,2024,41.97
14247,Entity_14247,Mathematics,2015,51.51
14248,Entity_14248,Biology,2022,15.41
14249,Entity_14249,Biology,2015,33.84
14250,Entity_14250,Physics,2016,46.23
14251,Entity_14251,Physics,2024,6.36
14252,Entity_14252,Physics,2016,63.28
14253,Entity_14253,Biology,2021,6.69
14254,Entity_14254,Biology,2021,32.09
14255,Entity_14255,ComputerScience,2010,89.04
14256,Entity_14256,Mathematics,2024,75.08
14257,Entity_14257,Engineering,2024,44.23
14258,Entity_14258,Biology,2010,43.2
14259,Entity_14259,ComputerScience,2015,46.77
14260,Entity_14260,ComputerScience,2022,8.03
14261,Entity_14261,Physics,2011,70.08
14262,Entity_14262,ComputerScience,2023,38.92
14263,Entity_14263,Engineering,2019,21.06
14264,Entity_14264,Physics,2013,37.13
14265,Entity_14265,Physics,2019,80.54
14266,Entity_14266,Engineering,2024,23.9
14267,Entity_14267,Engineering,2023,37.69
14268,Entity_14268,Economics,2014,73.67
14269,Entity_14269,Engineering,2015,96.86
14270,Entity_14270,Biology,2015,47.83
14271,Entity_14271,ComputerScience,2024,44.79
14272,Entity_14272,Mathematics,2013,15.38
14273,Entity_14273,ComputerScience,2021,53.27
14274,Entity_14274,ComputerScience,2012,27.87
14275,Entity_14275,Biology,2020,27.24
14276,Entity_14276,Engineering,2018,78.63
14277,Entity_14277,Engineering,2024,68.73
14278,Entity_14278,Engineering,2011,57.78
14279,Entity_14279,Physics,2021,4.42
14280,Entity_14280,ComputerScience,2023,77.71
14281,Entity_14281,ComputerScience,2015,71.3
14282,Entity_14282,Economics,2018,4.24
14283,Entity_14283,Mathematics,2011,5.94
14284,Entity_14284,Physics,2013,29.16
14285,Entity_14285,Mathematics,2021,25.53
14286,Entity_14286,Biology,2013,76.63
14287,Entity_14287,ComputerScience,2015,48.72
14288,Entity_14288,Mathematics,2021,30.96
14289,Entity_14289,Biology,2021,87.18
14290,Entity_14290,ComputerScience,2019,82.14
14291,Entity_14291,Mathematics,2011,41.16
14292,Entity_14292,Mathematics,2013,45.63
14293,Entity_14293,Biology,2010,64.34
14294,Entity_14294,Physics,2011,78.84
14295,Entity_14295,ComputerScience,2023,96.7
14296,Entity_14296,Mathematics,2017,7.09
14297,Entity_14297,Physics,2015,70.67
14298,Entity_14298,Economics,2012,55.63
14299,Entity_14299,Engineering,2023,80.69
14300,Entity_14300,Physics,2024,91.2
14301,Entity_14301,Economics,2021,47.6
14302,Entity_14302,Biology,2020,84.22
14303,Entity_14303,Economics,2015,38.69
14304,Entity_14304,ComputerScience,2017,38.48
14305,Entity_14305,Biology,2015,4.64
14306,Entity_14306,Economics,2011,49.86
14307,Entity_14307,Engineering,2013,96.82
14308,Entity_14308,Economics,2013,4.02
14309,Entity_14309,Engineering,2011,98.12
14310,Entity_14310,Engineering,2015,72.39
14311,Entity_14311,Economics,2011,77.67
14312,Entity_14312,Economics,2022,55.27
14313,Entity_14313,Physics,2021,65.4
14314,Entity_14314,Biology,2019,21.98
14315,Entity_14315,Biology,2014,64.71
14316,Entity_14316,ComputerScience,2018,60.61
14317,Entity_14317,Mathematics,2021,30.7
14318,Entity_14318,Biology,2015,70.72
14319,Entity_14319,Engineering,2014,92.88
14320,Entity_14320,Mathematics,2023,15.77
14321,Entity_14321,Engineering,2015,57.52
14322,Entity_14322,Mathematics,2017,3.12
14323,Entity_14323,Biology,2023,94.11
14324,Entity_14324,Biology,2023,37.5
14325,Entity_14325,Economics,2014,39.8
14326,Entity_14326,ComputerScience,2017,54.26
14327,Entity_14327,Engineering,2015,43.11
14328,Entity_14328,Engineering,2021,19.05
14329,Entity_14329,ComputerScience,2019,66.5
14330,Entity_14330,Physics,2016,3.58
14331,Entity_14331,Physics,2024,83.19
14332,Entity_14332,Engineering,2016,78.98
14333,Entity_14333,ComputerScience,2011,56.55
14334,Entity_14334,Economics,2023,86.65
14335,Entity_14335,Engineering,2011,3.61
14336,Entity_14336,Economics,2024,93.99
14337,Entity_14337,Physics,2016,84.01
14338,Entity_14338,Economics,2020,7.73
14339,Entity_14339,Mathematics,2023,57.61
14340,Entity_14340,Economics,2011,65.71
14341,Entity_14341,ComputerScience,2010,87.36
14342,Entity_14342,Physics,2017,69.34
14343,Entity_14343,Engineering,2012,53.21
14344,Entity_14344,Mathematics,2024,84.56
14345,Entity_14345,Engineering,2020,69.34
14346,Entity_14346,Biology,2017,82.5
14347,Entity_14347,Biology,2022,5.93
14348,Entity_14348,Mathematics,2020,59.28
14349,Entity_14349,Physics,2021,39.18
14350,Entity_14350,Physics,2024,95.93
14351,Entity_14351,ComputerScience,2019,34.25
14352,Entity_14352,Engineering,2020,77.52
14353,Entity_14353,Economics,2024,40.72
14354,Entity_14354,Biology,2010,96.45
14355,Entity_14355,Biology,2013,63.94
14356,Entity_14356,Economics,2015,39.64
14357,Entity_14357,Economics,2020,12.09
14358,Entity_14358,Economics,2023,17.56
14359,Entity_14359,ComputerScience,2015,86.67
14360,Entity_14360,ComputerScience,2013,37.47
14361,Entity_14361,Physics,2023,92.82
14362,Entity_14362,Economics,2024,74.11
14363,Entity_14363,Biology,2022,28.95
14364,Entity_14364,Economics,2022,67.35
14365,Entity_14365,Physics,2015,5.44
14366,Entity_14366,Biology,2015,11.48
14367,Entity_14367,Biology,2021,27.3
14368,Entity_14368,Engineering,2018,42.19
14369,Entity_14369,Biology,2013,36.95
14370,Entity_14370,ComputerScience,2018,13.94
14371,Entity_14371,ComputerScience,2017,72.97
14372,Entity_14372,Mathematics,2018,45.48
14373,Entity_14373,Mathematics,2017,45.66
14374,Entity_14374,Physics,2015,86.47
14375,Entity_14375,Economics,2024,62.67
14376,Entity_14376,Engineering,2015,65.81
14377,Entity_14377,Mathematics,2013,54.17
14378,Entity_14378,Mathematics,2016,60.84
14379,Entity_14379,Economics,2017,75.42
14380,Entity_14380,Physics,2015,15.31
14381,Entity_14381,ComputerScience,2023,8.95
14382,Entity_14382,Physics,2010,70.01
14383,Entity_14383,Mathematics,2016,64.4
14384,Entity_14384,ComputerScience,2012,38.77
14385,Entity_14385,Biology,2011,58.16
14386,Entity_14386,Economics,2016,96.25
14387,Entity_14387,Economics,2013,21.87
14388,Entity_14388,Physics,2020,4.72
14389,Entity_14389,Engineering,2011,25.29
14390,Entity_14390,Economics,2017,56.12
14391,Entity_14391,ComputerScience,2015,64.5
14392,Entity_14392,Economics,2012,52.04
14393,Entity_14393,Engineering,2021,78.51
14394,Entity_14394,Mathematics,2013,24.31
14395,Entity_14395,Mathematics,2012,42.93
14396,Entity_14396,Physics,2010,14.44
14397,Entity_14397,Engineering,2014,77.78
14398,Entity_14398,Biology,2014,48.53
14399,Entity_14399,ComputerScience,2011,19.44
14400,Entity_14400,Physics,2016,59.5
14401,Entity_14401,Engineering,2019,20.5
14402,Entity_14402,Engineering,2015,13.1
14403,Entity_14403,Physics,2019,97.38
14404,Entity_14404,Physics,2012,58.32
14405,Entity_14405,ComputerScience,2017,64.83
14406,Entity_14406,Economics,2016,34.23
14407,Entity_14407,ComputerScience,2022,25.19
14408,Entity_14408,Engineering,2014,68.88
14409,Entity_14409,Biology,2015,83.81
14410,Entity_14410,Engineering,2020,6.49
14411,Entity_14411,Mathematics,2017,69.58
14412,Entity_14412,Biology,2021,48.77
14413,Entity_14413,Economics,2011,46.41
14414,Entity_14414,Physics,2011,91.55
14415,Entity_14415,Engineering,2014,21.96
14416,Entity_14416,Engineering,2015,21.43
14417,Entity_14417,Physics,2018,92.57
14418,Entity_14418,ComputerScience,2011,69.3
14419,Entity_14419,Biology,2015,4.13
14420,Entity_14420,Economics,2012,90.09
14421,Entity_14421,Biology,2012,5.97
14422,Entity_14422,Mathematics,2018,4.43
14423,Entity_14423,Physics,2016,59.56
14424,Entity_14424,Mathematics,2017,64.72
14425,Entity_14425,Biology,2012,88.32
14426,Entity_14426,Mathematics,2013,20.75
14427,Entity_14427,ComputerScience,2016,54.05
14428,Entity_14428,Biology,2010,80.85
14429,Entity_14429,Economics,2015,33.13
14430,Entity_14430,Biology,2019,76.14
14431,Entity_14431,Physics,2022,92.35
14432,Entity_14432,Engineering,2024,27.99
14433,Entity_14433,ComputerScience,2010,78.8
14434,Entity_14434,ComputerScience,2010,30.68
14435,Entity_14435,Biology,2022,75.12
14436,Entity_14436,Biology,2014,62.6
14437,Entity_14437,Mathematics,2014,84.31
14438,Entity_14438,Physics,2011,92.16
14439,Entity_14439,ComputerScience,2011,85.23
14440,Entity_14440,ComputerScience,2018,55.02
14441,Entity_14441,Engineering,2019,42.15
14442,Entity_14442,Economics,2020,12.25
14443,Entity_14443,Physics,2022,84.9
14444,Entity_14444,Engineering,2019,25.3
14445,Entity_14445,Biology,2015,21.8
14446,Entity_14446,Mathematics,2022,50.78
14447,Entity_14447,Engineering,2011,10.97
14448,Entity_14448,Mathematics,2021,50.45
14449,Entity_14449,Physics,2014,46.35
14450,Entity_14450,Biology,2010,64.66
14451,Entity_14451,Biology,2014,84.31
14452,Entity_14452,Engineering,2012,39.05
14453,Entity_14453,Mathematics,2023,94.14
14454,Entity_14454,Mathematics,2014,42.21
14455,Entity_14455,Physics,2010,91.29
14456,Entity_14456,ComputerScience,2023,23.82
14457,Entity_14457,Engineering,2014,79.51
14458,Entity_14458,Economics,2021,69.88
14459,Entity_14459,Physics,2020,25.75
14460,Entity_14460,Mathematics,2010,49.53
14461,Entity_14461,ComputerScience,2022,45.04
14462,Entity_14462,Engineering,2014,23.68
14463,Entity_14463,Biology,2016,91.39
14464,Entity_14464,Economics,2024,34.71
14465,Entity_14465,Mathematics,2017,68.83
14466,Entity_14466,Engineering,2020,6.01
14467,Entity_14467,ComputerScience,2022,79.35
14468,Entity_14468,Economics,2018,85.47
14469,Entity_14469,ComputerScience,2010,44.71
14470,Entity_14470,Mathematics,2011,39.73
14471,Entity_14471,Mathematics,2012,8.38
14472,Entity_14472,Engineering,2022,74.08
14473,Entity_14473,Engineering,2012,1.05
14474,Entity_14474,Physics,2012,29.82
14475,Entity_14475,ComputerScience,2017,34.46
14476,Entity_14476,ComputerScience,2016,51.94
14477,Entity_14477,Economics,2015,44.18
14478,Entity_14478,Engineering,2023,9.5
14479,Entity_14479,Engineering,2024,34.24
14480,Entity_14480,ComputerScience,2013,22.61
14481,Entity_14481,Physics,2016,39.81
14482,Entity_14482,Engineering,2022,2.22
14483,Entity_14483,Economics,2015,98.07
14484,Entity_14484,Economics,2022,92.18
14485,Entity_14485,Mathematics,2024,43.68
14486,Entity_14486,Mathematics,2018,12.54
14487,Entity_14487,Engineering,2019,10.79
14488,Entity_14488,Mathematics,2021,47.87
14489,Entity_14489,Physics,2019,6.89
14490,Entity_14490,Mathematics,2012,74.03
14491,Entity_14491,Mathematics,2019,18.65
14492,Entity_14492,ComputerScience,2023,58.9
14493,Entity_14493,ComputerScience,2020,68.87
14494,Entity_14494,Engineering,2014,16.84
14495,Entity_14495,Economics,2024,61.15
14496,Entity_14496,Economics,2011,29.73
14497,Entity_14497,Mathematics,2010,75.36
14498,Entity_14498,Physics,2023,51.81
14499,Entity_14499,Mathematics,2021,70.62
14500,Entity_14500,Economics,2019,19.77
14501,Entity_14501,ComputerScience,2014,85.62
14502,Entity_14502,Biology,2015,16.23
14503,Entity_14503,ComputerScience,2023,17.07
14504,Entity_14504,Engineering,2010,11.7
14505,Entity_14505,Mathematics,2024,5.25
14506,Entity_14506,ComputerScience,2019,90.31
14507,Entity_14507,Engineering,2014,70.48
14508,Entity_14508,Biology,2019,97.99
14509,Entity_14509,Economics,2018,39.71
14510,Entity_14510,Mathematics,2019,30.43
14511,Entity_14511,ComputerScience,2021,54.7
14512,Entity_14512,Biology,2012,94.01
14513,Entity_14513,Economics,2011,25.48
14514,Entity_14514,Biology,2017,88.8
14515,Entity_14515,Mathematics,2019,95.21
14516,Entity_14516,Biology,2014,95.7
14517,Entity_14517,Engineering,2020,58.09
14518,Entity_14518,Mathematics,2013,79.79
14519,Entity_14519,Engineering,2011,56.41
14520,Entity_14520,ComputerScience,2024,10.42
14521,Entity_14521,Physics,2010,52.22
14522,Entity_14522,Physics,2013,11.13
14523,Entity_14523,Biology,2023,87.9
14524,Entity_14524,Physics,2024,96.5
14525,Entity_14525,Mathematics,2012,54.77
14526,Entity_14526,Engineering,2010,73.0
14527,Entity_14527,Physics,2024,72.93
14528,Entity_14528,Engineering,2024,25.93
14529,Entity_14529,Physics,2016,48.18
14530,Entity_14530,ComputerScience,2020,25.03
14531,Entity_14531,Physics,2010,99.5
14532,Entity_14532,Mathematics,2013,93.79
14533,Entity_14533,Mathematics,2012,24.93
14534,Entity_14534,Biology,2017,80.18
14535,Entity_14535,Biology,2017,39.1
14536,Entity_14536,Mathematics,2022,14.33
14537,Entity_14537,Engineering,2013,65.53
14538,Entity_14538,Engineering,2024,66.45
14539,Entity_14539,Economics,2022,53.99
14540,Entity_14540,Engineering,2021,91.08
14541,Entity_14541,Biology,2021,40.12
14542,Entity_14542,Biology,2014,6.13
14543,Entity_14543,Economics,2021,87.77
14544,Entity_14544,Biology,2017,86.46
14545,Entity_14545,ComputerScience,2010,45.43
14546,Entity_14546,Mathematics,2012,79.56
14547,Entity_14547,Engineering,2010,3.03
14548,Entity_14548,Physics,2021,4.54
14549,Entity_14549,Mathematics,2023,8.23
14550,Entity_14550,Engineering,2020,81.62
14551,Entity_14551,Economics,2021,86.43
14552,Entity_14552,Physics,2014,80.03
14553,Entity_14553,Physics,2015,28.37
14554,Entity_14554,Biology,2015,29.64
14555,Entity_14555,ComputerScience,2016,74.75
14556,Entity_14556,Engineering,2018,59.67
14557,Entity_14557,Physics,2019,18.61
14558,Entity_14558,Biology,2022,72.67
14559,Entity_14559,Engineering,2021,24.16
14560,Entity_14560,Economics,2015,70.23
14561,Entity_14561,Physics,2018,66.1
14562,Entity_14562,Economics,2012,79.71
14563,Entity_14563,Economics,2019,19.88
14564,Entity_14564,Biology,2020,19.98
14565,Entity_14565,Engineering,2020,17.47
14566,Entity_14566,Biology,2018,65.44
14567,Entity_14567,Economics,2010,48.33
14568,Entity_14568,Engineering,2024,4.93
14569,Entity_14569,Physics,2020,87.76
14570,Entity_14570,Mathematics,2024,91.49
14571,Entity_14571,Engineering,2013,8.83
14572,Entity_14572,Economics,2019,37.35
14573,Entity_14573,Physics,2011,82.24
14574,Entity_14574,Engineering,2016,68.49
14575,Entity_14575,Economics,2012,67.77
14576,Entity_14576,Engineering,2013,32.56
14577,Entity_14577,Mathematics,2021,47.29
14578,Entity_14578,ComputerScience,2015,1.68
14579,Entity_14579,Biology,2023,99.67
14580,Entity_14580,ComputerScience,2017,48.47
14581,Entity_14581,ComputerScience,2021,56.3
14582,Entity_14582,Mathematics,2019,28.97
14583,Entity_14583,Economics,2019,61.58
14584,Entity_14584,Biology,2013,78.44
14585,Entity_14585,Biology,2016,50.95
14586,Entity_14586,Engineering,2016,13.4
14587,Entity_14587,ComputerScience,2013,55.14
14588,Entity_14588,ComputerScience,2022,33.21
14589,Entity_14589,Economics,2015,8.22
14590,Entity_14590,Mathematics,2018,28.67
14591,Entity_14591,Mathematics,2014,75.08
14592,Entity_14592,Physics,2024,37.71
14593,Entity_14593,Mathematics,2015,10.98
14594,Entity_14594,Physics,2021,4.42
14595,Entity_14595,Mathematics,2019,7.66
14596,Entity_14596,Mathematics,2011,58.6
14597,Entity_14597,Physics,2020,69.19
14598,Entity_14598,ComputerScience,2024,75.02
14599,Entity_14599,ComputerScience,2010,60.07
14600,Entity_14600,Biology,2014,34.92
14601,Entity_14601,Engineering,2013,97.76
14602,Entity_14602,Biology,2013,40.79
14603,Entity_14603,Mathematics,2021,60.94
14604,Entity_14604,Mathematics,2021,4.01
14605,Entity_14605,ComputerScience,2017,24.5
14606,Entity_14606,Physics,2012,24.49
14607,Entity_14607,Physics,2016,86.75
14608,Entity_14608,Biology,2023,50.73
14609,Entity_14609,Biology,2023,96.09
14610,Entity_14610,ComputerScience,2021,20.67
14611,Entity_14611,Engineering,2012,22.43
14612,Entity_14612,Economics,2011,14.85
14613,Entity_14613,ComputerScience,2017,7.25
14614,Entity_14614,Economics,2023,62.59
14615,Entity_14615,Engineering,2019,75.26
14616,Entity_14616,Mathematics,2023,31.41
14617,Entity_14617,Biology,2021,68.52
14618,Entity_14618,Engineering,2015,87.86
14619,Entity_14619,ComputerScience,2011,90.41
14620,Entity_14620,Biology,2021,32.4
14621,Entity_14621,Economics,2016,25.17
14622,Entity_14622,Biology,2024,81.86
14623,Entity_14623,ComputerScience,2011,31.28
14624,Entity_14624,Physics,2013,99.06
14625,Entity_14625,ComputerScience,2024,2.6
14626,Entity_14626,Economics,2018,40.87
14627,Entity_14627,Physics,2010,81.82
14628,Entity_14628,Engineering,2022,34.1
14629,Entity_14629,Economics,2024,26.68
14630,Entity_14630,ComputerScience,2010,24.25
14631,Entity_14631,Economics,2011,51.43
14632,Entity_14632,ComputerScience,2013,70.79
14633,Entity_14633,Mathematics,2018,95.23
14634,Entity_14634,Engineering,2011,68.07
14635,Entity_14635,ComputerScience,2012,7.7
14636,Entity_14636,Physics,2014,8.5
14637,Entity_14637,Mathematics,2010,54.85
14638,Entity_14638,Biology,2010,14.34
14639,Entity_14639,Mathematics,2016,7.21
14640,Entity_14640,Engineering,2018,47.59
14641,Entity_14641,Biology,2020,79.46
14642,Entity_14642,Physics,2012,76.19
14643,Entity_14643,Mathematics,2019,61.05
14644,Entity_14644,Biology,2023,91.56
14645,Entity_14645,ComputerScience,2013,66.81
14646,Entity_14646,ComputerScience,2014,19.58
14647,Entity_14647,Mathematics,2020,50.06
14648,Entity_14648,Physics,2021,21.29
14649,Entity_14649,Mathematics,2012,11.34
14650,Entity_14650,Biology,2015,7.57
14651,Entity_14651,ComputerScience,2022,3.06
14652,Entity_14652,Biology,2010,7.5
14653,Entity_14653,Engineering,2014,11.94
14654,Entity_14654,ComputerScience,2013,34.29
14655,Entity_14655,Mathematics,2021,46.07
14656,Entity_14656,Mathematics,2012,5.69
14657,Entity_14657,Biology,2022,97.6
14658,Entity_14658,Physics,2020,68.42
14659,Entity_14659,Engineering,2013,60.08
14660,Entity_14660,Mathematics,2016,75.75
14661,Entity_14661,Engineering,2017,13.92
14662,Entity_14662,ComputerScience,2017,38.4
14663,Entity_14663,ComputerScience,2021,52.75
14664,Entity_14664,Economics,2024,76.09
14665,Entity_14665,Economics,2018,50.18
14666,Entity_14666,Economics,2024,85.05
14667,Entity_14667,Biology,2017,42.93
14668,Entity_14668,Engineering,2017,91.86
14669,Entity_14669,ComputerScience,2013,50.51
14670,Entity_14670,Biology,2020,8.57
14671,Entity_14671,Physics,2019,54.17
14672,Entity_14672,Economics,2019,23.1
14673,Entity_14673,Biology,2020,63.95
14674,Entity_14674,Physics,2010,28.5
14675,Entity_14675,Biology,2013,4.84
14676,Entity_14676,Mathematics,2011,59.11
14677,Entity_14677,Mathematics,2015,74.19
14678,Entity_14678,Biology,2024,51.47
14679,Entity_14679,ComputerScience,2020,73.92
14680,Entity_14680,Biology,2023,72.69
14681,Entity_14681,Mathematics,2011,54.32
14682,Entity_14682,Engineering,2010,50.36
14683,Entity_14683,Economics,2020,40.87
14684,Entity_14684,Mathematics,2021,68.06
14685,Entity_14685,Physics,2020,63.73
14686,Entity_14686,ComputerScience,2015,87.76
14687,Entity_14687,Mathematics,2018,33.81
14688,Entity_14688,Physics,2024,57.3
14689,Entity_14689,Economics,2020,33.2
14690,Entity_14690,Engineering,2016,72.31
14691,Entity_14691,ComputerScience,2015,90.15
14692,Entity_14692,Mathematics,2019,19.93
14693,Entity_14693,Physics,2019,19.09
14694,Entity_14694,ComputerScience,2020,56.79
14695,Entity_14695,Mathematics,2010,94.37
14696,Entity_14696,Physics,2018,32.09
14697,Entity_14697,Biology,2024,46.15
14698,Entity_14698,Physics,2010,74.15
14699,Entity_14699,Engineering,2011,77.01
14700,Entity_14700,Physics,2017,56.33
14701,Entity_14701,Mathematics,2012,6.46
14702,Entity_14702,Mathematics,2015,68.56
14703,Entity_14703,Mathematics,2021,34.32
14704,Entity_14704,Physics,2020,32.64
14705,Entity_14705,Mathematics,2024,76.17
14706,Entity_14706,ComputerScience,2017,76.13
14707,Entity_14707,Economics,2021,59.75
14708,Entity_14708,Biology,2017,47.33
14709,Entity_14709,Economics,2023,53.04
14710,Entity_14710,Economics,2024,87.8
14711,Entity_14711,Engineering,2021,89.85
14712,Entity_14712,Physics,2022,11.48
14713,Entity_14713,ComputerScience,2021,4.83
14714,Entity_14714,Physics,2020,66.94
14715,Entity_14715,Mathematics,2010,77.13
14716,Entity_14716,Economics,2014,49.95
14717,Entity_14717,ComputerScience,2011,78.45
14718,Entity_14718,Mathematics,2016,11.46
14719,Entity_14719,Biology,2015,67.2
14720,Entity_14720,Economics,2021,2.55
14721,Entity_14721,Mathematics,2011,94.32
14722,Entity_14722,ComputerScience,2021,98.57
14723,Entity_14723,Economics,2016,41.48
14724,Entity_14724,ComputerScience,2018,42.43
14725,Entity_14725,Mathematics,2012,96.03
14726,Entity_14726,Physics,2022,29.94
14727,Entity_14727,Biology,2010,69.87
14728,Entity_14728,Economics,2018,42.03
14729,Entity_14729,ComputerScience,2011,80.72
14730,Entity_14730,ComputerScience,2018,46.86
14731,Entity_14731,ComputerScience,2013,24.98
14732,Entity_14732,Mathematics,2017,77.88
14733,Entity_14733,Engineering,2014,66.3
14734,Entity_14734,Physics,2022,75.72
14735,Entity_14735,Biology,2013,14.33
14736,Entity_14736,Biology,2020,42.89
14737,Entity_14737,Economics,2019,99.2
14738,Entity_14738,Biology,2020,89.32
14739,Entity_14739,Economics,2022,81.28
14740,Entity_14740,ComputerScience,2022,22.17
14741,Entity_14741,ComputerScience,2014,80.01
14742,Entity_14742,Physics,2018,98.28
14743,Entity_14743,Biology,2017,62.81
14744,Entity_14744,Engineering,2018,93.42
14745,Entity_14745,Economics,2012,26.85
14746,Entity_14746,Economics,2012,29.08
14747,Entity_14747,ComputerScience,2014,85.65
14748,Entity_14748,ComputerScience,2011,92.98
14749,Entity_14749,Engineering,2013,6.86
14750,Entity_14750,Economics,2016,77.01
14751,Entity_14751,Mathematics,2013,14.45
14752,Entity_14752,ComputerScience,2023,27.16
14753,Entity_14753,Mathematics,2021,38.52
14754,Entity_14754,Mathematics,2011,51.5
14755,Entity_14755,ComputerScience,2012,46.91
14756,Entity_14756,Economics,2011,89.86
14757,Entity_14757,Biology,2010,3.14
14758,Entity_14758,Mathematics,2013,90.45
14759,Entity_14759,Biology,2014,20.58
14760,Entity_14760,Physics,2015,88.94
14761,Entity_14761,Engineering,2017,30.31
14762,Entity_14762,Engineering,2015,21.79
14763,Entity_14763,Physics,2015,10.05
14764,Entity_14764,Engineering,2020,16.33
14765,Entity_14765,ComputerScience,2011,82.34
14766,Entity_14766,Mathematics,2011,64.06
14767,Entity_14767,ComputerScience,2019,83.76
14768,Entity_14768,ComputerScience,2020,14.61
14769,Entity_14769,Biology,2010,49.39
14770,Entity_14770,Physics,2021,40.8
14771,Entity_14771,Economics,2013,6.22
14772,Entity_14772,ComputerScience,2015,87.24
14773,Entity_14773,Physics,2011,97.8
14774,Entity_14774,Mathematics,2014,17.23
14775,Entity_14775,Biology,2022,92.82
14776,Entity_14776,Engineering,2013,75.08
14777,Entity_14777,Mathematics,2023,20.82
14778,Entity_14778,Mathematics,2020,14.47
14779,Entity_14779,Biology,2011,13.25
14780,Entity_14780,Biology,2011,96.37
14781,Entity_14781,Mathematics,2020,76.68
14782,Entity_14782,Economics,2021,61.5
14783,Entity_14783,Mathematics,2021,15.03
14784,Entity_14784,Engineering,2011,53.86
14785,Entity_14785,Mathematics,2015,21.76
14786,Entity_14786,Mathematics,2018,97.15
14787,Entity_14787,Biology,2018,13.6
14788,Entity_14788,Engineering,2019,37.51
14789,Entity_14789,Economics,2011,27.7
14790,Entity_14790,Economics,2019,81.89
14791,Entity_14791,Engineering,2014,96.78
14792,Entity_14792,Physics,2022,19.96
14793,Entity_14793,Physics,2015,55.96
14794,Entity_14794,Economics,2013,82.72
14795,Entity_14795,Economics,2010,69.67
14796,Entity_14796,Engineering,2021,93.36
14797,Entity_14797,Mathematics,2024,64.84
14798,Entity_14798,Economics,2018,4.0
14799,Entity_14799,ComputerScience,2024,80.78
14800,Entity_14800,Mathematics,2010,87.41
14801,Entity_14801,Engineering,2020,51.34
14802,Entity_14802,Economics,2020,88.37
14803,Entity_14803,Engineering,2023,45.66
14804,Entity_14804,Physics,2015,26.67
14805,Entity_14805,Mathematics,2024,14.02
14806,Entity_14806,Physics,2014,70.67
14807,Entity_14807,Biology,2017,49.38
14808,Entity_14808,Mathematics,2014,78.08
14809,Entity_14809,Mathematics,2019,39.66
14810,Entity_14810,Economics,2013,4.36
14811,Entity_14811,Biology,2014,80.87
14812,Entity_14812,ComputerScience,2016,1.86
14813,Entity_14813,Economics,2018,87.51
14814,Entity_14814,Physics,2016,30.47
14815,Entity_14815,Biology,2012,96.07
14816,Entity_14816,Engineering,2017,37.05
14817,Entity_14817,Mathematics,2022,21.58
14818,Entity_14818,Biology,2019,23.56
14819,Entity_14819,Economics,2015,90.42
14820,Entity_14820,Mathematics,2020,80.64
14821,Entity_14821,ComputerScience,2019,10.97
14822,Entity_14822,ComputerScience,2010,88.71
14823,Entity_14823,Mathematics,2010,47.31
14824,Entity_14824,Mathematics,2014,81.17
14825,Entity_14825,Mathematics,2021,20.61
14826,Entity_14826,Biology,2010,10.17
14827,Entity_14827,Biology,2010,57.78
14828,Entity_14828,Economics,2023,98.64
14829,Entity_14829,Physics,2012,84.4
14830,Entity_14830,Engineering,2014,47.4
14831,Entity_14831,Biology,2019,15.19
14832,Entity_14832,Physics,2015,67.17
14833,Entity_14833,ComputerScience,2021,48.22
14834,Entity_14834,Physics,2011,68.88
14835,Entity_14835,ComputerScience,2013,14.04
14836,Entity_14836,ComputerScience,2020,82.7
14837,Entity_14837,Engineering,2020,97.87
14838,Entity_14838,Economics,2014,25.41
14839,Entity_14839,Engineering,2019,51.34
14840,Entity_14840,Economics,2014,94.83
14841,Entity_14841,Physics,2017,56.12
14842,Entity_14842,Mathematics,2012,68.88
14843,Entity_14843,Physics,2016,9.99
14844,Entity_14844,Biology,2019,91.12
14845,Entity_14845,Economics,2016,72.86
14846,Entity_14846,Mathematics,2024,80.05
14847,Entity_14847,Economics,2021,75.1
14848,Entity_14848,Mathematics,2021,62.69
14849,Entity_14849,Biology,2021,51.2
14850,Entity_14850,ComputerScience,2012,45.41
14851,Entity_14851,Physics,2021,11.81
14852,Entity_14852,Engineering,2023,29.5
14853,Entity_14853,Engineering,2023,66.22
14854,Entity_14854,Physics,2017,73.21
14855,Entity_14855,Economics,2013,14.14
14856,Entity_14856,Physics,2024,68.59
14857,Entity_14857,ComputerScience,2012,22.11
14858,Entity_14858,Physics,2016,86.39
14859,Entity_14859,Physics,2017,39.36
14860,Entity_14860,Biology,2016,91.89
14861,Entity_14861,Mathematics,2021,4.01
14862,Entity_14862,Engineering,2014,97.87
14863,Entity_14863,Mathematics,2021,92.38
14864,Entity_14864,Mathematics,2020,37.29
14865,Entity_14865,ComputerScience,2012,55.69
14866,Entity_14866,Physics,2018,8.87
14867,Entity_14867,ComputerScience,2010,35.67
14868,Entity_14868,Physics,2021,87.08
14869,Entity_14869,Physics,2018,72.13
14870,Entity_14870,Physics,2010,48.21
14871,Entity_14871,Engineering,2014,68.24
14872,Entity_14872,Mathematics,2019,36.29
14873,Entity_14873,Economics,2021,94.79
14874,Entity_14874,Biology,2022,93.19
14875,Entity_14875,Biology,2017,48.67
14876,Entity_14876,Mathematics,2012,21.42
14877,Entity_14877,Physics,2015,70.22
14878,Entity_14878,Physics,2024,75.45
14879,Entity_14879,Engineering,2024,46.22
14880,Entity_14880,Engineering,2022,14.19
14881,Entity_14881,Biology,2018,96.38
14882,Entity_14882,Economics,2016,77.2
14883,Entity_14883,Economics,2012,8.9
14884,Entity_14884,Mathematics,2011,5.07
14885,Entity_14885,Physics,2016,1.14
14886,Entity_14886,Biology,2022,17.35
14887,Entity_14887,Mathematics,2013,89.51
14888,Entity_14888,Engineering,2014,95.42
14889,Entity_14889,Engineering,2018,39.15
14890,Entity_14890,Economics,2020,78.94
14891,Entity_14891,Mathematics,2013,87.58
14892,Entity_14892,ComputerScience,2015,90.36
14893,Entity_14893,Biology,2013,12.03
14894,Entity_14894,ComputerScience,2015,18.97
14895,Entity_14895,Economics,2019,56.38
14896,Entity_14896,ComputerScience,2018,45.86
14897,Entity_14897,ComputerScience,2020,81.18
14898,Entity_14898,Mathematics,2010,48.15
14899,Entity_14899,Physics,2023,24.06
14900,Entity_14900,Biology,2023,83.13
14901,Entity_14901,Physics,2011,98.26
14902,Entity_14902,Economics,2017,98.9
14903,Entity_14903,Mathematics,2011,74.47
14904,Entity_14904,Economics,2015,6.12
14905,Entity_14905,Physics,2020,69.34
14906,Entity_14906,Engineering,2024,99.77
14907,Entity_14907,Economics,2020,83.12
14908,Entity_14908,Engineering,2010,53.02
14909,Entity_14909,Biology,2018,71.9
14910,Entity_14910,ComputerScience,2019,6.82
14911,Entity_14911,Physics,2012,3.72
14912,Entity_14912,Engineering,2020,48.28
14913,Entity_14913,Physics,2022,13.0
14914,Entity_14914,Economics,2023,75.51
14915,Entity_14915,Mathematics,2015,18.82
14916,Entity_14916,Economics,2020,70.27
14917,Entity_14917,Economics,2016,77.47
14918,Entity_14918,Physics,2013,21.76
14919,Entity_14919,Mathematics,2022,62.45
14920,Entity_14920,Economics,2018,72.44
14921,Entity_14921,Mathematics,2011,46.56
14922,Entity_14922,Biology,2022,62.48
14923,Entity_14923,Physics,2012,20.46
14924,Entity_14924,Economics,2018,54.3
14925,Entity_14925,Biology,2023,1.3
14926,Entity_14926,Economics,2014,93.96
14927,Entity_14927,Biology,2015,2.17
14928,Entity_14928,Engineering,2014,13.05
14929,Entity_14929,Physics,2024,3.38
14930,Entity_14930,Biology,2018,62.9
14931,Entity_14931,Biology,2017,65.31
14932,Entity_14932,Economics,2021,78.36
14933,Entity_14933,Mathematics,2015,68.59
14934,Entity_14934,Mathematics,2010,59.18
14935,Entity_14935,Economics,2022,10.6
14936,Entity_14936,Mathematics,2010,30.37
14937,Entity_14937,Biology,2012,90.22
14938,Entity_14938,Biology,2016,62.58
14939,Entity_14939,Engineering,2016,13.67
14940,Entity_14940,Physics,2018,43.5
14941,Entity_14941,Mathematics,2011,54.48
14942,Entity_14942,ComputerScience,2014,76.95
14943,Entity_14943,Physics,2010,31.54
14944,Entity_14944,Physics,2020,55.79
14945,Entity_14945,Engineering,2015,91.42
14946,Entity_14946,Engineering,2021,26.67
14947,Entity_14947,Biology,2012,11.5
14948,Entity_14948,Biology,2014,66.58
14949,Entity_14949,Mathematics,2019,87.11
14950,Entity_14950,Economics,2024,29.37
14951,Entity_14951,Biology,2022,88.0
14952,Entity_14952,Engineering,2022,88.78
14953,Entity_14953,Biology,2014,96.9
14954,Entity_14954,Biology,2018,89.55
14955,Entity_14955,Economics,2020,87.82
14956,Entity_14956,Biology,2019,51.56
14957,Entity_14957,Engineering,2024,83.76
14958,Entity_14958,Mathematics,2018,32.15
14959,Entity_14959,Mathematics,2019,8.46
14960,Entity_14960,ComputerScience,2010,40.13
14961,Entity_14961,Biology,2017,64.47
14962,Entity_14962,Biology,2014,95.01
14963,Entity_14963,Economics,2017,62.86
14964,Entity_14964,Engineering,2019,45.55
14965,Entity_14965,Economics,2024,32.39
14966,Entity_14966,Biology,2017,6.19
14967,Entity_14967,Physics,2014,57.92
14968,Entity_14968,ComputerScience,2016,74.31
14969,Entity_14969,Mathematics,2020,67.33
14970,Entity_14970,Economics,2012,92.7
14971,Entity_14971,Mathematics,2013,98.67
14972,Entity_14972,Biology,2018,2.44
14973,Entity_14973,Biology,2010,29.98
14974,Entity_14974,Biology,2020,59.33
14975,Entity_14975,Biology,2015,7.76
14976,Entity_14976,Economics,2023,45.26
14977,Entity_14977,Biology,2022,58.41
14978,Entity_14978,Biology,2024,70.03
14979,Entity_14979,Economics,2012,75.93
14980,Entity_14980,Physics,2020,96.93
14981,Entity_14981,Engineering,2012,47.49
14982,Entity_14982,Physics,2015,77.86
14983,Entity_14983,ComputerScience,2012,37.06
14984,Entity_14984,Biology,2012,98.91
14985,Entity_14985,Physics,2023,25.67
14986,Entity_14986,ComputerScience,2018,78.26
14987,Entity_14987,Biology,2020,51.09
14988,Entity_14988,Economics,2015,78.98
14989,Entity_14989,ComputerScience,2015,24.18
14990,Entity_14990,Engineering,2014,18.98
14991,Entity_14991,Biology,2016,2.95
14992,Entity_14992,Economics,2018,78.66
14993,Entity_14993,ComputerScience,2024,87.36
14994,Entity_14994,Biology,2022,54.23
14995,Entity_14995,Biology,2020,60.97
14996,Entity_14996,Engineering,2013,4.05
14997,Entity_14997,Mathematics,2011,82.29
14998,Entity_14998,Physics,2023,64.05
14999,Entity_14999,Mathematics,2020,19.72
15000,Entity_15000,Economics,2018,32.99
15001,Entity_15001,Engineering,2024,54.07
15002,Entity_15002,Economics,2024,68.29
15003,Entity_15003,Biology,2023,72.29
15004,Entity_15004,Biology,2023,96.56
15005,Entity_15005,Engineering,2017,80.33
15006,Entity_15006,Biology,2010,3.46
15007,Entity_15007,Mathematics,2016,10.83
15008,Entity_15008,Mathematics,2022,24.72
15009,Entity_15009,Biology,2010,99.29
15010,Entity_15010,Mathematics,2021,59.53
15011,Entity_15011,Engineering,2023,66.39
15012,Entity_15012,Mathematics,2024,95.06
15013,Entity_15013,Physics,2016,56.42
15014,Entity_15014,ComputerScience,2020,73.09
15015,Entity_15015,Biology,2013,50.87
15016,Entity_15016,Engineering,2017,44.23
15017,Entity_15017,ComputerScience,2024,36.42
15018,Entity_15018,Biology,2021,49.49
15019,Entity_15019,Mathematics,2023,1.61
15020,Entity_15020,Mathematics,2014,97.25
15021,Entity_15021,Economics,2016,43.48
15022,Entity_15022,Economics,2012,29.76
15023,Entity_15023,Economics,2021,50.45
15024,Entity_15024,ComputerScience,2014,17.86
15025,Entity_15025,Economics,2015,88.36
15026,Entity_15026,Engineering,2011,25.82
15027,Entity_15027,Engineering,2021,60.83
15028,Entity_15028,Economics,2017,18.14
15029,Entity_15029,Physics,2021,26.57
15030,Entity_15030,Economics,2012,9.13
15031,Entity_15031,Physics,2012,21.29
15032,Entity_15032,Physics,2019,87.08
15033,Entity_15033,Economics,2024,84.24
15034,Entity_15034,Physics,2011,32.09
15035,Entity_15035,ComputerScience,2010,46.64
15036,Entity_15036,ComputerScience,2013,86.26
15037,Entity_15037,Physics,2020,69.91
15038,Entity_15038,Mathematics,2021,28.04
15039,Entity_15039,Economics,2014,92.38
15040,Entity_15040,Mathematics,2016,45.88
15041,Entity_15041,Biology,2011,36.97
15042,Entity_15042,Engineering,2014,11.94
15043,Entity_15043,Biology,2020,69.88
15044,Entity_15044,Biology,2010,30.37
15045,Entity_15045,Biology,2018,59.32
15046,Entity_15046,Physics,2019,9.37
15047,Entity_15047,ComputerScience,2016,68.88
15048,Entity_15048,Engineering,2014,37.69
15049,Entity_15049,Engineering,2016,49.66
15050,Entity_15050,Engineering,2017,75.43
15051,Entity_15051,Biology,2024,37.87
15052,Entity_15052,Biology,2021,43.87
15053,Entity_15053,Biology,2023,25.92
15054,Entity_15054,Biology,2010,56.65
15055,Entity_15055,Physics,2010,50.51
15056,Entity_15056,Engineering,2024,34.86
15057,Entity_15057,Engineering,2012,59.03
15058,Entity_15058,Mathematics,2015,88.17
15059,Entity_15059,Physics,2011,49.61
15060,Entity_15060,ComputerScience,2014,57.75
15061,Entity_15061,Economics,2018,50.02
15062,Entity_15062,Physics,2019,56.27
15063,Entity_15063,Biology,2012,47.33
15064,Entity_15064,Mathematics,2021,28.31
15065,Entity_15065,Physics,2010,43.68
15066,Entity_15066,Engineering,2021,55.85
15067,Entity_15067,Engineering,2010,42.0
15068,Entity_15068,Economics,2012,59.9
15069,Entity_15069,Economics,2017,78.58
15070,Entity_15070,Physics,2020,53.09
15071,Entity_15071,Engineering,2014,4.44
15072,Entity_15072,Biology,2022,48.42
15073,Entity_15073,Mathematics,2016,86.22
15074,Entity_15074,Biology,2013,58.83
15075,Entity_15075,Physics,2012,80.21
15076,Entity_15076,ComputerScience,2014,25.47
15077,Entity_15077,Physics,2011,54.85
15078,Entity_15078,Physics,2019,82.26
15079,Entity_15079,Physics,2013,82.26
15080,Entity_15080,ComputerScience,2011,92.26
15081,Entity_15081,Economics,2014,67.19
15082,Entity_15082,Biology,2015,25.91
15083,Entity_15083,Economics,2015,34.97
15084,Entity_15084,Biology,2015,37.78
15085,Entity_15085,Engineering,2014,36.19
15086,Entity_15086,Economics,2016,11.33
15087,Entity_15087,ComputerScience,2014,20.09
15088,Entity_15088,Economics,2017,93.7
15089,Entity_15089,Mathematics,2017,71.04
15090,Entity_15090,Economics,2013,32.42
15091,Entity_15091,Biology,2019,88.09
15092,Entity_15092,Physics,2020,50.67
15093,Entity_15093,Engineering,2024,9.81
15094,Entity_15094,Physics,2015,35.56
15095,Entity_15095,Biology,2016,91.47
15096,Entity_15096,Biology,2024,25.5
15097,Entity_15097,Physics,2022,84.26
15098,Entity_15098,Engineering,2022,57.94
15099,Entity_15099,Engineering,2024,74.71
15100,Entity_15100,Biology,2020,25.78
15101,Entity_15101,Biology,2020,53.85
15102,Entity_15102,Physics,2015,94.51
15103,Entity_15103,Biology,2024,5.55
15104,Entity_15104,ComputerScience,2019,61.86
15105,Entity_15105,Economics,2011,77.72
15106,Entity_15106,Engineering,2016,13.76
15107,Entity_15107,Biology,2024,60.67
15108,Entity_15108,Engineering,2017,42.67
15109,Entity_15109,Physics,2019,20.4
15110,Entity_15110,Engineering,2024,54.13
15111,Entity_15111,Physics,2016,53.0
15112,Entity_15112,Mathematics,2023,12.58
15113,Entity_15113,Economics,2017,19.93
15114,Entity_15114,Biology,2019,72.96
15115,Entity_15115,Economics,2024,98.67
15116,Entity_15116,ComputerScience,2023,87.89
15117,Entity_15117,Physics,2020,98.82
15118,Entity_15118,Biology,2023,8.63
15119,Entity_15119,ComputerScience,2020,78.88
15120,Entity_15120,Economics,2015,85.75
15121,Entity_15121,Engineering,2020,86.52
15122,Entity_15122,ComputerScience,2013,54.46
15123,Entity_15123,Engineering,2017,16.73
15124,Entity_15124,Physics,2011,77.81
15125,Entity_15125,Mathematics,2020,8.45
15126,Entity_15126,ComputerScience,2020,28.13
15127,Entity_15127,Mathematics,2021,79.85
15128,Entity_15128,Physics,2023,31.17
15129,Entity_15129,Engineering,2014,42.29
15130,Entity_15130,Physics,2012,4.53
15131,Entity_15131,Biology,2015,43.08
15132,Entity_15132,Physics,2020,79.41
15133,Entity_15133,Economics,2013,98.56
15134,Entity_15134,Mathematics,2010,52.67
15135,Entity_15135,Mathematics,2013,73.45
15136,Entity_15136,Biology,2012,32.98
15137,Entity_15137,Engineering,2018,10.04
15138,Entity_15138,Mathematics,2010,24.27
15139,Entity_15139,Engineering,2017,32.07
15140,Entity_15140,Economics,2022,53.18
15141,Entity_15141,Mathematics,2011,67.58
15142,Entity_15142,Physics,2010,14.97
15143,Entity_15143,Mathematics,2018,30.46
15144,Entity_15144,Mathematics,2010,49.3
15145,Entity_15145,Mathematics,2010,76.24
15146,Entity_15146,Engineering,2019,22.02
15147,Entity_15147,Physics,2012,52.03
15148,Entity_15148,Economics,2020,94.09
15149,Entity_15149,Economics,2019,79.33
15150,Entity_15150,ComputerScience,2012,27.23
15151,Entity_15151,ComputerScience,2014,92.86
15152,Entity_15152,Physics,2011,3.38
15153,Entity_15153,Economics,2010,47.34
15154,Entity_15154,ComputerScience,2020,56.17
15155,Entity_15155,Physics,2020,33.53
15156,Entity_15156,Engineering,2013,93.93
15157,Entity_15157,Physics,2022,87.11
15158,Entity_15158,Biology,2020,64.66
15159,Entity_15159,Biology,2016,36.11
15160,Entity_15160,Mathematics,2017,40.39
15161,Entity_15161,Biology,2012,44.94
15162,Entity_15162,Biology,2013,34.42
15163,Entity_15163,Mathematics,2018,92.75
15164,Entity_15164,Mathematics,2017,93.82
15165,Entity_15165,Physics,2024,39.57
15166,Entity_15166,Biology,2011,34.62
15167,Entity_15167,Engineering,2013,58.43
15168,Entity_15168,Economics,2021,87.13
15169,Entity_15169,Economics,2014,18.74
15170,Entity_15170,Engineering,2010,83.39
15171,Entity_15171,ComputerScience,2015,6.83
15172,Entity_15172,Engineering,2011,21.56
15173,Entity_15173,Mathematics,2023,85.55
15174,Entity_15174,Engineering,2013,57.37
15175,Entity_15175,Biology,2012,47.78
15176,Entity_15176,Engineering,2018,97.27
15177,Entity_15177,Engineering,2024,33.73
15178,Entity_15178,Physics,2024,29.51
15179,Entity_15179,Biology,2017,19.71
15180,Entity_15180,Engineering,2024,83.39
15181,Entity_15181,ComputerScience,2023,14.03
15182,Entity_15182,Economics,2023,5.3
15183,Entity_15183,Biology,2024,12.08
15184,Entity_15184,Economics,2011,15.66
15185,Entity_15185,Biology,2015,60.35
15186,Entity_15186,Economics,2021,78.96
15187,Entity_15187,Mathematics,2017,67.13
15188,Entity_15188,ComputerScience,2014,80.4
15189,Entity_15189,ComputerScience,2022,74.2
15190,Entity_15190,Biology,2020,19.51
15191,Entity_15191,Physics,2010,83.49
15192,Entity_15192,Engineering,2016,85.78
15193,Entity_15193,Engineering,2020,33.2
15194,Entity_15194,ComputerScience,2010,1.38
15195,Entity_15195,Mathematics,2023,25.89
15196,Entity_15196,Biology,2014,87.78
15197,Entity_15197,Biology,2014,29.72
15198,Entity_15198,Physics,2023,16.88
15199,Entity_15199,Economics,2022,79.64
15200,Entity_15200,Economics,2011,26.04
15201,Entity_15201,Physics,2021,76.25
15202,Entity_15202,Engineering,2010,63.52
15203,Entity_15203,Biology,2020,15.87
15204,Entity_15204,Biology,2016,72.06
15205,Entity_15205,Physics,2015,16.56
15206,Entity_15206,Economics,2010,84.87
15207,Entity_15207,Economics,2024,88.37
15208,Entity_15208,Biology,2024,54.99
15209,Entity_15209,Engineering,2017,11.54
15210,Entity_15210,Economics,2024,22.61
15211,Entity_15211,Economics,2022,37.84
15212,Entity_15212,ComputerScience,2010,5.32
15213,Entity_15213,ComputerScience,2024,6.94
15214,Entity_15214,Biology,2013,63.78
15215,Entity_15215,Physics,2015,51.93
15216,Entity_15216,Biology,2020,95.78
15217,Entity_15217,Biology,2024,33.74
15218,Entity_15218,Biology,2015,55.6
15219,Entity_15219,ComputerScience,2017,17.4
15220,Entity_15220,Engineering,2014,96.43
15221,Entity_15221,Engineering,2010,24.89
15222,Entity_15222,Mathematics,2022,42.69
15223,Entity_15223,Physics,2013,19.2
15224,Entity_15224,Mathematics,2023,38.48
15225,Entity_15225,Engineering,2022,97.24
15226,Entity_15226,Engineering,2016,85.71
15227,Entity_15227,Economics,2014,93.89
15228,Entity_15228,ComputerScience,2015,30.37
15229,Entity_15229,Biology,2021,20.87
15230,Entity_15230,ComputerScience,2017,31.95
15231,Entity_15231,Physics,2015,97.31
15232,Entity_15232,ComputerScience,2023,98.94
15233,Entity_15233,Mathematics,2011,78.97
15234,Entity_15234,Biology,2016,57.32
15235,Entity_15235,Biology,2015,70.66
15236,Entity_15236,Economics,2015,91.4
15237,Entity_15237,Biology,2015,79.12
15238,Entity_15238,ComputerScience,2010,78.78
15239,Entity_15239,Engineering,2024,77.14
15240,Entity_15240,Physics,2021,22.67
15241,Entity_15241,Engineering,2015,16.19
15242,Entity_15242,Economics,2023,40.12
15243,Entity_15243,Mathematics,2018,26.37
15244,Entity_15244,Physics,2011,1.86
15245,Entity_15245,Physics,2012,97.11
15246,Entity_15246,Physics,2015,10.17
15247,Entity_15247,Mathematics,2015,35.96
15248,Entity_15248,Economics,2020,37.46
15249,Entity_15249,Engineering,2013,45.86
15250,Entity_15250,Physics,2013,48.98
15251,Entity_15251,Biology,2010,28.03
15252,Entity_15252,Mathematics,2012,93.64
15253,Entity_15253,Mathematics,2013,6.68
15254,Entity_15254,Economics,2023,47.71
15255,Entity_15255,Economics,2011,22.85
15256,Entity_15256,Biology,2012,18.71
15257,Entity_15257,Economics,2012,13.06
15258,Entity_15258,Economics,2022,20.83
15259,Entity_15259,Engineering,2022,15.71
15260,Entity_15260,Engineering,2013,61.0
15261,Entity_15261,Physics,2019,64.16
15262,Entity_15262,ComputerScience,2011,71.91
15263,Entity_15263,Engineering,2020,94.47
15264,Entity_15264,Mathematics,2019,40.02
15265,Entity_15265,Physics,2018,26.77
15266,Entity_15266,Biology,2022,43.82
15267,Entity_15267,Engineering,2020,59.57
15268,Entity_15268,Mathematics,2013,60.74
15269,Entity_15269,Economics,2017,54.31
15270,Entity_15270,Physics,2020,99.87
15271,Entity_15271,Mathematics,2022,50.38
15272,Entity_15272,Biology,2020,62.75
15273,Entity_15273,ComputerScience,2017,51.07
15274,Entity_15274,Mathematics,2014,40.52
15275,Entity_15275,Biology,2016,61.15
15276,Entity_15276,Engineering,2018,22.98
15277,Entity_15277,Engineering,2023,1.48
15278,Entity_15278,Economics,2020,31.62
15279,Entity_15279,Economics,2016,51.05
15280,Entity_15280,Engineering,2021,36.24
15281,Entity_15281,Engineering,2010,53.41
15282,Entity_15282,Mathematics,2019,18.9
15283,Entity_15283,Engineering,2016,17.35
15284,Entity_15284,Biology,2022,19.25
15285,Entity_15285,Biology,2019,75.33
15286,Entity_15286,Physics,2013,80.91
15287,Entity_15287,Physics,2015,45.34
15288,Entity_15288,Physics,2017,25.26
15289,Entity_15289,Mathematics,2021,82.96
15290,Entity_15290,Biology,2024,54.49
15291,Entity_15291,Engineering,2019,71.45
15292,Entity_15292,Biology,2010,73.04
15293,Entity_15293,Mathematics,2017,18.51
15294,Entity_15294,Engineering,2020,24.86
15295,Entity_15295,Engineering,2014,87.65
15296,Entity_15296,Biology,2016,40.38
15297,Entity_15297,ComputerScience,2015,10.91
15298,Entity_15298,Mathematics,2019,73.16
15299,Entity_15299,Biology,2011,55.14
15300,Entity_15300,Biology,2023,51.81
15301,Entity_15301,Physics,2018,81.56
15302,Entity_15302,Biology,2022,74.14
15303,Entity_15303,Economics,2021,52.66
15304,Entity_15304,Biology,2019,96.73
15305,Entity_15305,Mathematics,2014,60.8
15306,Entity_15306,Mathematics,2024,2.88
15307,Entity_15307,Physics,2020,93.58
15308,Entity_15308,Engineering,2020,91.0
15309,Entity_15309,Mathematics,2011,52.49
15310,Entity_15310,Biology,2019,71.02
15311,Entity_15311,Biology,2022,9.58
15312,Entity_15312,Engineering,2014,28.03
15313,Entity_15313,Economics,2018,23.56
15314,Entity_15314,Engineering,2013,87.01
15315,Entity_15315,Economics,2013,54.9
15316,Entity_15316,ComputerScience,2016,58.35
15317,Entity_15317,Physics,2014,47.42
15318,Entity_15318,Economics,2011,80.65
15319,Entity_15319,Engineering,2023,79.21
15320,Entity_15320,Physics,2017,96.59
15321,Entity_15321,Economics,2022,25.52
15322,Entity_15322,Economics,2018,80.9
15323,Entity_15323,ComputerScience,2022,67.67
15324,Entity_15324,Physics,2012,93.11
15325,Entity_15325,ComputerScience,2011,39.17
15326,Entity_15326,ComputerScience,2018,76.67
15327,Entity_15327,Physics,2010,1.58
15328,Entity_15328,Physics,2013,58.41
15329,Entity_15329,Mathematics,2012,22.41
15330,Entity_15330,Physics,2013,81.56
15331,Entity_15331,Biology,2020,76.23
15332,Entity_15332,Physics,2020,7.59
15333,Entity_15333,ComputerScience,2019,55.78
15334,Entity_15334,ComputerScience,2012,49.02
15335,Entity_15335,Physics,2013,13.1
15336,Entity_15336,Economics,2024,43.22
15337,Entity_15337,Physics,2010,83.54
15338,Entity_15338,Physics,2019,35.42
15339,Entity_15339,ComputerScience,2024,84.97
15340,Entity_15340,Physics,2011,66.65
15341,Entity_15341,Biology,2017,63.92
15342,Entity_15342,Biology,2024,57.95
15343,Entity_15343,Engineering,2010,1.77
15344,Entity_15344,ComputerScience,2021,11.41
15345,Entity_15345,Economics,2020,99.77
15346,Entity_15346,Engineering,2011,95.17
15347,Entity_15347,Biology,2023,34.93
15348,Entity_15348,Physics,2023,76.02
15349,Entity_15349,Mathematics,2023,31.58
15350,Entity_15350,Physics,2014,99.13
15351,Entity_15351,Economics,2024,78.03
15352,Entity_15352,ComputerScience,2015,91.4
15353,Entity_15353,Mathematics,2014,72.16
15354,Entity_15354,Mathematics,2016,62.26
15355,Entity_15355,ComputerScience,2017,97.66
15356,Entity_15356,ComputerScience,2024,71.84
15357,Entity_15357,Economics,2017,2.07
15358,Entity_15358,Biology,2012,53.77
15359,Entity_15359,Physics,2024,4.28
15360,Entity_15360,Mathematics,2010,5.61
15361,Entity_15361,Physics,2020,99.14
15362,Entity_15362,Engineering,2018,1.96
15363,Entity_15363,Economics,2024,72.98
15364,Entity_15364,Mathematics,2020,71.63
15365,Entity_15365,Engineering,2011,18.69
15366,Entity_15366,Physics,2012,12.21
15367,Entity_15367,Engineering,2020,2.25
15368,Entity_15368,Mathematics,2023,60.43
15369,Entity_15369,Engineering,2013,18.62
15370,Entity_15370,Engineering,2011,55.09
15371,Entity_15371,Physics,2020,73.87
15372,Entity_15372,Mathematics,2012,71.43
15373,Entity_15373,Biology,2012,36.73
15374,Entity_15374,Engineering,2023,5.25
15375,Entity_15375,Physics,2011,22.8
15376,Entity_15376,ComputerScience,2016,47.26
15377,Entity_15377,Mathematics,2021,29.72
15378,Entity_15378,Economics,2024,74.77
15379,Entity_15379,Physics,2024,39.24
15380,Entity_15380,Engineering,2010,11.05
15381,Entity_15381,ComputerScience,2016,45.15
15382,Entity_15382,ComputerScience,2011,80.52
15383,Entity_15383,Biology,2022,83.1
15384,Entity_15384,Economics,2016,73.95
15385,Entity_15385,Economics,2010,18.77
15386,Entity_15386,ComputerScience,2015,19.69
15387,Entity_15387,Biology,2023,26.4
15388,Entity_15388,Physics,2016,44.8
15389,Entity_15389,ComputerScience,2012,17.94
15390,Entity_15390,Economics,2019,30.59
15391,Entity_15391,Biology,2020,80.89
15392,Entity_15392,Mathematics,2013,64.43
15393,Entity_15393,ComputerScience,2014,94.6
15394,Entity_15394,ComputerScience,2015,79.4
15395,Entity_15395,ComputerScience,2019,52.67
15396,Entity_15396,ComputerScience,2010,66.81
15397,Entity_15397,ComputerScience,2017,32.91
15398,Entity_15398,Mathematics,2010,53.23
15399,Entity_15399,Economics,2015,17.22
15400,Entity_15400,Mathematics,2016,92.98
15401,Entity_15401,Biology,2010,24.04
15402,Entity_15402,Biology,2018,25.8
15403,Entity_15403,Biology,2019,49.72
15404,Entity_15404,Engineering,2010,56.35
15405,Entity_15405,Engineering,2013,99.62
15406,Entity_15406,Engineering,2017,39.88
15407,Entity_15407,Engineering,2014,83.25
15408,Entity_15408,Mathematics,2024,51.48
15409,Entity_15409,Mathematics,2015,72.07
15410,Entity_15410,ComputerScience,2011,50.26
15411,Entity_15411,Physics,2017,17.53
15412,Entity_15412,Engineering,2019,98.21
15413,Entity_15413,Physics,2024,72.78
15414,Entity_15414,Economics,2012,56.91
15415,Entity_15415,ComputerScience,2023,69.27
15416,Entity_15416,Physics,2012,2.08
15417,Entity_15417,ComputerScience,2011,75.39
15418,Entity_15418,ComputerScience,2023,20.13
15419,Entity_15419,ComputerScience,2016,89.64
15420,Entity_15420,Biology,2018,4.07
15421,Entity_15421,Economics,2019,4.91
15422,Entity_15422,ComputerScience,2012,30.98
15423,Entity_15423,Biology,2015,7.36
15424,Entity_15424,Engineering,2017,64.17
15425,Entity_15425,Mathematics,2023,95.15
15426,Entity_15426,ComputerScience,2021,9.78
15427,Entity_15427,ComputerScience,2020,39.89
15428,Entity_15428,Economics,2015,93.98
15429,Entity_15429,Biology,2019,44.13
15430,Entity_15430,Economics,2018,41.15
15431,Entity_15431,Physics,2020,66.08
15432,Entity_15432,Physics,2024,95.58
15433,Entity_15433,Mathematics,2023,6.55
15434,Entity_15434,Engineering,2020,60.81
15435,Entity_15435,Mathematics,2020,30.48
15436,Entity_15436,Engineering,2011,94.06
15437,Entity_15437,Economics,2020,52.6
15438,Entity_15438,Economics,2010,91.48
15439,Entity_15439,ComputerScience,2022,94.93
15440,Entity_15440,Mathematics,2023,90.97
15441,Entity_15441,Engineering,2016,50.48
15442,Entity_15442,Engineering,2016,47.01
15443,Entity_15443,Biology,2024,8.05
15444,Entity_15444,Mathematics,2012,27.53
15445,Entity_15445,Biology,2021,3.87
15446,Entity_15446,Biology,2010,57.26
15447,Entity_15447,ComputerScience,2017,42.79
15448,Entity_15448,Mathematics,2011,93.27
15449,Entity_15449,Biology,2023,94.82
15450,Entity_15450,ComputerScience,2012,88.55
15451,Entity_15451,Engineering,2013,55.96
15452,Entity_15452,Mathematics,2021,98.53
15453,Entity_15453,Physics,2014,45.76
15454,Entity_15454,Physics,2017,46.58
15455,Entity_15455,Physics,2015,86.34
15456,Entity_15456,Engineering,2012,6.87
15457,Entity_15457,Mathematics,2020,59.22
15458,Entity_15458,Engineering,2012,53.68
15459,Entity_15459,Economics,2019,56.01
15460,Entity_15460,Physics,2015,71.17
15461,Entity_15461,Biology,2012,97.87
15462,Entity_15462,Physics,2019,61.16
15463,Entity_15463,Physics,2013,63.23
15464,Entity_15464,Mathematics,2021,47.79
15465,Entity_15465,Engineering,2020,2.57
15466,Entity_15466,Engineering,2024,26.24
15467,Entity_15467,Economics,2013,57.96
15468,Entity_15468,Biology,2020,42.95
15469,Entity_15469,Engineering,2019,80.19
15470,Entity_15470,Mathematics,2022,39.03
15471,Entity_15471,Economics,2014,27.39
15472,Entity_15472,Engineering,2017,25.6
15473,Entity_15473,Economics,2013,32.59
15474,Entity_15474,Biology,2022,68.03
15475,Entity_15475,Physics,2021,24.73
15476,Entity_15476,ComputerScience,2018,73.57
15477,Entity_15477,Biology,2020,45.94
15478,Entity_15478,Physics,2022,97.15
15479,Entity_15479,Biology,2013,34.02
15480,Entity_15480,Physics,2023,24.23
15481,Entity_15481,Mathematics,2024,1.29
15482,Entity_15482,Biology,2020,16.65
15483,Entity_15483,ComputerScience,2016,42.99
15484,Entity_15484,Physics,2014,78.17
15485,Entity_15485,ComputerScience,2014,69.42
15486,Entity_15486,Physics,2011,38.07
15487,Entity_15487,Engineering,2013,26.29
15488,Entity_15488,Engineering,2015,18.53
15489,Entity_15489,Biology,2013,40.71
15490,Entity_15490,Economics,2018,42.54
15491,Entity_15491,Physics,2013,37.08
15492,Entity_15492,ComputerScience,2014,28.32
15493,Entity_15493,Mathematics,2015,80.12
15494,Entity_15494,ComputerScience,2021,90.87
15495,Entity_15495,Engineering,2014,21.14
15496,Entity_15496,Mathematics,2024,15.58
15497,Entity_15497,ComputerScience,2011,47.25
15498,Entity_15498,Mathematics,2024,58.01
15499,Entity_15499,Mathematics,2019,33.91
15500,Entity_15500,Engineering,2014,17.5
15501,Entity_15501,ComputerScience,2020,55.87
15502,Entity_15502,Engineering,2014,18.78
15503,Entity_15503,Engineering,2022,30.73
15504,Entity_15504,Physics,2018,11.86
15505,Entity_15505,Mathematics,2011,16.98
15506,Entity_15506,ComputerScience,2011,97.89
15507,Entity_15507,Biology,2014,75.49
15508,Entity_15508,Engineering,2019,18.19
15509,Entity_15509,Mathematics,2020,39.35
15510,Entity_15510,Physics,2019,60.03
15511,Entity_15511,Economics,2017,18.18
15512,Entity_15512,Biology,2021,21.23
15513,Entity_15513,Physics,2020,90.83
15514,Entity_15514,Economics,2018,88.33
15515,Entity_15515,Mathematics,2022,64.87
15516,Entity_15516,ComputerScience,2015,24.75
15517,Entity_15517,ComputerScience,2010,47.01
15518,Entity_15518,ComputerScience,2014,37.49
15519,Entity_15519,Engineering,2011,79.9
15520,Entity_15520,Physics,2023,28.52
15521,Entity_15521,Economics,2012,91.82
15522,Entity_15522,Physics,2010,34.62
15523,Entity_15523,Biology,2023,88.98
15524,Entity_15524,Physics,2014,33.1
15525,Entity_15525,Physics,2011,3.55
15526,Entity_15526,Economics,2011,14.89
15527,Entity_15527,Biology,2014,90.5
15528,Entity_15528,Physics,2021,48.36
15529,Entity_15529,Engineering,2020,82.76
15530,Entity_15530,Biology,2012,31.55
15531,Entity_15531,Engineering,2010,98.79
15532,Entity_15532,Engineering,2011,92.17
15533,Entity_15533,Engineering,2016,2.31
15534,Entity_15534,Biology,2021,74.6
15535,Entity_15535,Biology,2011,72.81
15536,Entity_15536,Biology,2022,86.63
15537,Entity_15537,Engineering,2016,24.99
15538,Entity_15538,Biology,2024,31.64
15539,Entity_15539,ComputerScience,2024,81.39
15540,Entity_15540,ComputerScience,2018,91.37
15541,Entity_15541,Economics,2021,63.25
15542,Entity_15542,Biology,2015,1.89
15543,Entity_15543,ComputerScience,2023,77.5
15544,Entity_15544,Biology,2011,35.65
15545,Entity_15545,ComputerScience,2011,11.64
15546,Entity_15546,Physics,2015,1.22
15547,Entity_15547,Engineering,2013,9.06
15548,Entity_15548,ComputerScience,2010,91.07
15549,Entity_15549,ComputerScience,2012,91.13
15550,Entity_15550,Biology,2012,56.23
15551,Entity_15551,Economics,2018,42.15
15552,Entity_15552,Economics,2013,64.25
15553,Entity_15553,ComputerScience,2024,18.09
15554,Entity_15554,Economics,2016,88.97
15555,Entity_15555,Mathematics,2021,70.5
15556,Entity_15556,Economics,2014,14.96
15557,Entity_15557,ComputerScience,2023,46.75
15558,Entity_15558,Biology,2022,38.69
15559,Entity_15559,Economics,2023,64.03
15560,Entity_15560,Biology,2018,87.63
15561,Entity_15561,Physics,2010,93.21
15562,Entity_15562,Engineering,2011,29.31
15563,Entity_15563,Mathematics,2023,27.7
15564,Entity_15564,Mathematics,2016,2.37
15565,Entity_15565,Biology,2013,84.38
15566,Entity_15566,Physics,2013,70.85
15567,Entity_15567,Economics,2024,42.89
15568,Entity_15568,Engineering,2015,58.3
15569,Entity_15569,Physics,2018,70.76
15570,Entity_15570,Mathematics,2021,60.3
15571,Entity_15571,Economics,2014,46.24
15572,Entity_15572,Mathematics,2020,47.58
15573,Entity_15573,Biology,2013,89.64
15574,Entity_15574,Biology,2021,76.72
15575,Entity_15575,Economics,2012,59.71
15576,Entity_15576,ComputerScience,2015,32.12
15577,Entity_15577,Biology,2019,47.45
15578,Entity_15578,Economics,2020,53.93
15579,Entity_15579,Physics,2016,44.91
15580,Entity_15580,ComputerScience,2017,31.88
15581,Entity_15581,Engineering,2011,5.0
15582,Entity_15582,Economics,2013,60.92
15583,Entity_15583,Engineering,2020,54.01
15584,Entity_15584,Mathematics,2010,77.42
15585,Entity_15585,Physics,2019,6.51
15586,Entity_15586,Physics,2015,97.34
15587,Entity_15587,Biology,2021,3.52
15588,Entity_15588,Physics,2018,36.2
15589,Entity_15589,Economics,2020,41.57
15590,Entity_15590,Engineering,2016,43.13
15591,Entity_15591,ComputerScience,2023,62.12
15592,Entity_15592,Physics,2015,31.42
15593,Entity_15593,Biology,2024,91.81
15594,Entity_15594,ComputerScience,2024,49.13
15595,Entity_15595,ComputerScience,2022,17.97
15596,Entity_15596,ComputerScience,2011,50.54
15597,Entity_15597,Physics,2016,17.35
15598,Entity_15598,Physics,2016,31.77
15599,Entity_15599,Engineering,2014,91.57
15600,Entity_15600,Economics,2010,87.77
15601,Entity_15601,Physics,2023,28.46
15602,Entity_15602,Economics,2014,7.03
15603,Entity_15603,Mathematics,2022,61.05
15604,Entity_15604,Physics,2015,41.12
15605,Entity_15605,Physics,2015,16.59
15606,Entity_15606,Mathematics,2020,25.17
15607,Entity_15607,Biology,2022,73.26
15608,Entity_15608,Economics,2015,4.77
15609,Entity_15609,Biology,2021,89.56
15610,Entity_15610,Engineering,2024,36.89
15611,Entity_15611,Mathematics,2017,89.71
15612,Entity_15612,Biology,2024,86.11
15613,Entity_15613,Economics,2022,75.2
15614,Entity_15614,Engineering,2015,73.01
15615,Entity_15615,Engineering,2012,33.7
15616,Entity_15616,Physics,2012,94.37
15617,Entity_15617,Engineering,2018,83.12
15618,Entity_15618,Biology,2017,79.52
15619,Entity_15619,Engineering,2010,9.15
15620,Entity_15620,Biology,2022,33.14
15621,Entity_15621,Physics,2023,16.62
15622,Entity_15622,Biology,2019,75.4
15623,Entity_15623,Physics,2019,28.1
15624,Entity_15624,Engineering,2022,84.9
15625,Entity_15625,Biology,2015,87.86
15626,Entity_15626,Physics,2022,62.79
15627,Entity_15627,Biology,2014,68.19
15628,Entity_15628,Economics,2024,56.81
15629,Entity_15629,ComputerScience,2012,6.96
15630,Entity_15630,Physics,2020,52.18
15631,Entity_15631,Mathematics,2010,44.33
15632,Entity_15632,ComputerScience,2018,26.96
15633,Entity_15633,ComputerScience,2015,57.46
15634,Entity_15634,ComputerScience,2012,29.0
15635,Entity_15635,Biology,2019,74.24
15636,Entity_15636,Biology,2024,32.7
15637,Entity_15637,Engineering,2018,34.73
15638,Entity_15638,Engineering,2013,67.9
15639,Entity_15639,Economics,2023,48.73
15640,Entity_15640,Engineering,2013,34.04
15641,Entity_15641,Economics,2014,42.31
15642,Entity_15642,Mathematics,2012,72.58
15643,Entity_15643,Engineering,2012,3.15
15644,Entity_15644,ComputerScience,2018,36.06
15645,Entity_15645,ComputerScience,2016,79.27
15646,Entity_15646,Physics,2014,88.63
15647,Entity_15647,ComputerScience,2011,53.19
15648,Entity_15648,Biology,2018,50.11
15649,Entity_15649,Biology,2012,52.61
15650,Entity_15650,Engineering,2016,90.29
15651,Entity_15651,Economics,2024,83.21
15652,Entity_15652,Engineering,2013,69.46
15653,Entity_15653,ComputerScience,2014,11.14
15654,Entity_15654,Economics,2011,48.62
15655,Entity_15655,Biology,2010,99.25
15656,Entity_15656,Physics,2023,74.06
15657,Entity_15657,Engineering,2013,7.05
15658,Entity_15658,Mathematics,2014,28.86
15659,Entity_15659,Economics,2020,30.83
15660,Entity_15660,Biology,2020,80.63
15661,Entity_15661,Biology,2010,66.83
15662,Entity_15662,Engineering,2010,63.42
15663,Entity_15663,Physics,2011,23.03
15664,Entity_15664,Economics,2018,5.78
15665,Entity_15665,Physics,2020,90.94
15666,Entity_15666,ComputerScience,2019,24.79
15667,Entity_15667,Biology,2017,72.76
15668,Entity_15668,Engineering,2024,41.91
15669,Entity_15669,Biology,2022,46.91
15670,Entity_15670,Physics,2023,42.19
15671,Entity_15671,Biology,2016,31.8
15672,Entity_15672,Mathematics,2014,33.75
15673,Entity_15673,ComputerScience,2013,25.77
15674,Entity_15674,Economics,2011,61.72
15675,Entity_15675,Engineering,2014,21.0
15676,Entity_15676,Engineering,2021,11.99
15677,Entity_15677,ComputerScience,2012,38.8
15678,Entity_15678,Physics,2019,32.2
15679,Entity_15679,Physics,2013,82.44
15680,Entity_15680,Economics,2019,73.43
15681,Entity_15681,Physics,2013,69.42
15682,Entity_15682,Physics,2020,94.67
15683,Entity_15683,ComputerScience,2013,37.16
15684,Entity_15684,Engineering,2011,31.82
15685,Entity_15685,Engineering,2018,32.18
15686,Entity_15686,Engineering,2022,3.82
15687,Entity_15687,ComputerScience,2012,38.28
15688,Entity_15688,ComputerScience,2016,14.72
15689,Entity_15689,Biology,2010,39.17
15690,Entity_15690,Mathematics,2021,11.51
15691,Entity_15691,Engineering,2011,74.89
15692,Entity_15692,Mathematics,2014,81.68
15693,Entity_15693,Biology,2016,16.56
15694,Entity_15694,Biology,2014,56.69
15695,Entity_15695,Physics,2021,98.89
15696,Entity_15696,Engineering,2012,45.86
15697,Entity_15697,Economics,2017,25.68
15698,Entity_15698,Physics,2019,28.91
15699,Entity_15699,Biology,2019,33.39
15700,Entity_15700,Biology,2024,17.72
15701,Entity_15701,Physics,2020,4.32
15702,Entity_15702,Physics,2021,79.96
15703,Entity_15703,Mathematics,2018,62.38
15704,Entity_15704,Biology,2017,77.07
15705,Entity_15705,Physics,2015,55.07
15706,Entity_15706,Economics,2014,53.54
15707,Entity_15707,Economics,2019,89.51
15708,Entity_15708,Economics,2020,89.14
15709,Entity_15709,Engineering,2019,95.42
15710,Entity_15710,Mathematics,2023,60.73
15711,Entity_15711,ComputerScience,2016,68.19
15712,Entity_15712,Mathematics,2019,58.66
15713,Entity_15713,Engineering,2021,70.34
15714,Entity_15714,Mathematics,2015,83.78
15715,Entity_15715,Biology,2020,99.98
15716,Entity_15716,Mathematics,2016,25.89
15717,Entity_15717,Mathematics,2012,24.59
15718,Entity_15718,Economics,2010,3.99
15719,Entity_15719,ComputerScience,2015,17.82
15720,Entity_15720,Physics,2024,88.01
15721,Entity_15721,Engineering,2018,38.19
15722,Entity_15722,Economics,2015,33.69
15723,Entity_15723,Biology,2024,1.92
15724,Entity_15724,ComputerScience,2018,59.2
15725,Entity_15725,Biology,2019,69.06
15726,Entity_15726,ComputerScience,2011,89.44
15727,Entity_15727,Mathematics,2016,45.69
15728,Entity_15728,ComputerScience,2021,93.4
15729,Entity_15729,Engineering,2022,23.62
15730,Entity_15730,Biology,2012,76.12
15731,Entity_15731,Mathematics,2024,5.4
15732,Entity_15732,Physics,2024,50.85
15733,Entity_15733,ComputerScience,2010,79.95
15734,Entity_15734,Mathematics,2020,8.6
15735,Entity_15735,Biology,2024,71.4
15736,Entity_15736,Engineering,2017,24.89
15737,Entity_15737,Engineering,2023,42.91
15738,Entity_15738,Engineering,2013,11.48
15739,Entity_15739,ComputerScience,2013,66.7
15740,Entity_15740,ComputerScience,2021,49.25
15741,Entity_15741,Economics,2012,80.39
15742,Entity_15742,Engineering,2011,39.15
15743,Entity_15743,Mathematics,2015,48.66
15744,Entity_15744,Physics,2017,35.19
15745,Entity_15745,Engineering,2012,72.04
15746,Entity_15746,Engineering,2024,67.0
15747,Entity_15747,Physics,2023,13.42
15748,Entity_15748,Economics,2022,40.56
15749,Entity_15749,Engineering,2024,50.71
15750,Entity_15750,ComputerScience,2015,68.33
15751,Entity_15751,Biology,2024,88.57
15752,Entity_15752,Economics,2024,51.3
15753,Entity_15753,Mathematics,2015,74.53
15754,Entity_15754,ComputerScience,2021,33.19
15755,Entity_15755,Biology,2020,42.22
15756,Entity_15756,Biology,2016,56.41
15757,Entity_15757,Economics,2024,30.85
15758,Entity_15758,ComputerScience,2019,24.71
15759,Entity_15759,Engineering,2013,39.41
15760,Entity_15760,Biology,2020,2.4
15761,Entity_15761,Economics,2024,37.68
15762,Entity_15762,ComputerScience,2021,41.92
15763,Entity_15763,ComputerScience,2013,21.5
15764,Entity_15764,Mathematics,2016,98.43
15765,Entity_15765,Physics,2012,26.82
15766,Entity_15766,Mathematics,2024,8.39
15767,Entity_15767,Physics,2015,40.1
15768,Entity_15768,Biology,2011,59.75
15769,Entity_15769,ComputerScience,2012,64.48
15770,Entity_15770,Biology,2024,57.18
15771,Entity_15771,Engineering,2024,31.88
15772,Entity_15772,Engineering,2024,39.4
15773,Entity_15773,Biology,2018,31.11
15774,Entity_15774,Biology,2019,75.61
15775,Entity_15775,Economics,2020,61.05
15776,Entity_15776,Biology,2021,20.62
15777,Entity_15777,Economics,2016,93.04
15778,Entity_15778,ComputerScience,2015,17.04
15779,Entity_15779,Engineering,2010,26.73
15780,Entity_15780,Physics,2016,57.5
15781,Entity_15781,Physics,2012,76.43
15782,Entity_15782,Economics,2021,8.78
15783,Entity_15783,Mathematics,2012,24.27
15784,Entity_15784,ComputerScience,2012,48.79
15785,Entity_15785,Biology,2019,91.75
15786,Entity_15786,ComputerScience,2011,49.3
15787,Entity_15787,Physics,2011,75.56
15788,Entity_15788,ComputerScience,2019,82.72
15789,Entity_15789,Biology,2013,47.2
15790,Entity_15790,Engineering,2020,2.68
15791,Entity_15791,Economics,2015,67.07
15792,Entity_15792,Physics,2022,39.44
15793,Entity_15793,Biology,2022,15.84
15794,Entity_15794,Physics,2010,41.91
15795,Entity_15795,Mathematics,2016,47.57
15796,Entity_15796,Engineering,2021,35.93
15797,Entity_15797,Biology,2015,39.77
15798,Entity_15798,Engineering,2014,17.45
15799,Entity_15799,Economics,2018,31.63
15800,Entity_15800,ComputerScience,2010,80.13
15801,Entity_15801,ComputerScience,2023,97.46
15802,Entity_15802,ComputerScience,2013,85.66
15803,Entity_15803,Physics,2017,21.12
15804,Entity_15804,Physics,2022,13.62
15805,Entity_15805,Economics,2012,71.24
15806,Entity_15806,Mathematics,2023,69.78
15807,Entity_15807,Biology,2013,75.07
15808,Entity_15808,Mathematics,2012,68.67
15809,Entity_15809,Physics,2022,34.81
15810,Entity_15810,Biology,2011,12.48
15811,Entity_15811,Economics,2021,75.53
15812,Entity_15812,ComputerScience,2013,83.65
15813,Entity_15813,Economics,2010,68.99
15814,Entity_15814,Biology,2023,82.6
15815,Entity_15815,Engineering,2021,58.69
15816,Entity_15816,Economics,2020,98.51
15817,Entity_15817,Physics,2020,7.64
15818,Entity_15818,Mathematics,2013,91.93
15819,Entity_15819,Engineering,2023,7.34
15820,Entity_15820,ComputerScience,2011,65.93
15821,Entity_15821,Physics,2018,76.45
15822,Entity_15822,Biology,2017,79.72
15823,Entity_15823,ComputerScience,2022,93.99
15824,Entity_15824,Engineering,2016,42.97
15825,Entity_15825,Biology,2013,39.84
15826,Entity_15826,Engineering,2019,31.07
15827,Entity_15827,Physics,2018,8.29
15828,Entity_15828,Physics,2012,42.0
15829,Entity_15829,Mathematics,2019,52.03
15830,Entity_15830,Mathematics,2010,20.06
15831,Entity_15831,Engineering,2017,61.5
15832,Entity_15832,Engineering,2012,67.12
15833,Entity_15833,Economics,2014,98.8
15834,Entity_15834,ComputerScience,2023,23.27
15835,Entity_15835,Mathematics,2013,35.16
15836,Entity_15836,Engineering,2013,66.96
15837,Entity_15837,ComputerScience,2020,20.89
15838,Entity_15838,Engineering,2014,74.22
15839,Entity_15839,Physics,2023,69.24
15840,Entity_15840,Engineering,2015,42.04
15841,Entity_15841,ComputerScience,2019,63.5
15842,Entity_15842,ComputerScience,2023,80.82
15843,Entity_15843,Engineering,2013,6.4
15844,Entity_15844,Biology,2018,46.02
15845,Entity_15845,ComputerScience,2017,79.18
15846,Entity_15846,Physics,2021,85.95
15847,Entity_15847,Biology,2015,16.02
15848,Entity_15848,Economics,2014,79.75
15849,Entity_15849,Economics,2011,50.55
15850,Entity_15850,Physics,2022,72.6
15851,Entity_15851,Economics,2013,51.26
15852,Entity_15852,Physics,2024,1.39
15853,Entity_15853,Engineering,2011,33.47
15854,Entity_15854,Mathematics,2019,47.21
15855,Entity_15855,Biology,2016,27.56
15856,Entity_15856,ComputerScience,2013,40.6
15857,Entity_15857,ComputerScience,2016,85.85
15858,Entity_15858,Biology,2016,84.08
15859,Entity_15859,Physics,2018,90.32
15860,Entity_15860,Physics,2012,70.61
15861,Entity_15861,Biology,2011,84.13
15862,Entity_15862,Engineering,2015,66.0
15863,Entity_15863,Engineering,2024,56.79
15864,Entity_15864,ComputerScience,2024,85.88
15865,Entity_15865,Physics,2019,31.19
15866,Entity_15866,Mathematics,2019,78.09
15867,Entity_15867,Physics,2020,85.39
15868,Entity_15868,Mathematics,2021,85.98
15869,Entity_15869,Biology,2017,83.53
15870,Entity_15870,Biology,2023,40.11
15871,Entity_15871,Engineering,2024,24.53
15872,Entity_15872,Economics,2018,84.58
15873,Entity_15873,Mathematics,2020,34.65
15874,Entity_15874,Engineering,2024,91.65
15875,Entity_15875,Engineering,2024,58.68
15876,Entity_15876,ComputerScience,2021,37.38
15877,Entity_15877,Mathematics,2021,40.63
15878,Entity_15878,Biology,2018,19.56
15879,Entity_15879,Physics,2019,70.0
15880,Entity_15880,Engineering,2022,76.64
15881,Entity_15881,Economics,2022,19.64
15882,Entity_15882,ComputerScience,2024,12.59
15883,Entity_15883,Mathematics,2011,16.27
15884,Entity_15884,Biology,2010,42.09
15885,Entity_15885,ComputerScience,2018,77.73
15886,Entity_15886,Engineering,2013,41.57
15887,Entity_15887,Engineering,2018,49.78
15888,Entity_15888,ComputerScience,2024,44.4
15889,Entity_15889,ComputerScience,2020,14.85
15890,Entity_15890,Physics,2024,63.75
15891,Entity_15891,Physics,2018,94.04
15892,Entity_15892,ComputerScience,2011,16.64
15893,Entity_15893,Economics,2019,43.27
15894,Entity_15894,Biology,2016,97.87
15895,Entity_15895,Biology,2012,94.48
15896,Entity_15896,Physics,2020,44.94
15897,Entity_15897,Mathematics,2022,25.77
15898,Entity_15898,Physics,2024,38.16
15899,Entity_15899,Biology,2017,1.1
15900,Entity_15900,Engineering,2011,58.35
15901,Entity_15901,Engineering,2010,35.4
15902,Entity_15902,Engineering,2023,33.27
15903,Entity_15903,Mathematics,2023,86.34
15904,Entity_15904,Physics,2019,41.4
15905,Entity_15905,Biology,2010,32.45
15906,Entity_15906,Biology,2023,45.61
15907,Entity_15907,Economics,2013,8.51
15908,Entity_15908,Mathematics,2021,60.1
15909,Entity_15909,Economics,2021,99.46
15910,Entity_15910,Mathematics,2016,89.53
15911,Entity_15911,Engineering,2018,50.02
15912,Entity_15912,Physics,2021,66.45
15913,Entity_15913,Mathematics,2018,96.84
15914,Entity_15914,Biology,2018,13.33
15915,Entity_15915,Physics,2015,22.02
15916,Entity_15916,ComputerScience,2012,96.79
15917,Entity_15917,Physics,2016,84.07
15918,Entity_15918,Biology,2012,32.31
15919,Entity_15919,Biology,2022,51.33
15920,Entity_15920,ComputerScience,2020,4.23
15921,Entity_15921,Mathematics,2018,6.12
15922,Entity_15922,ComputerScience,2023,9.97
15923,Entity_15923,Mathematics,2016,13.09
15924,Entity_15924,Mathematics,2019,78.96
15925,Entity_15925,Engineering,2010,5.05
15926,Entity_15926,ComputerScience,2024,58.41
15927,Entity_15927,ComputerScience,2024,92.6
15928,Entity_15928,Biology,2013,52.39
15929,Entity_15929,Mathematics,2014,39.86
15930,Entity_15930,Engineering,2013,63.45
15931,Entity_15931,Engineering,2017,29.02
15932,Entity_15932,Biology,2022,57.67
15933,Entity_15933,Economics,2020,96.97
15934,Entity_15934,Economics,2019,28.35
15935,Entity_15935,Physics,2011,57.86
15936,Entity_15936,Mathematics,2019,38.42
15937,Entity_15937,ComputerScience,2018,22.68
15938,Entity_15938,ComputerScience,2013,95.95
15939,Entity_15939,Mathematics,2014,13.46
15940,Entity_15940,Engineering,2018,64.1
15941,Entity_15941,Engineering,2022,71.26
15942,Entity_15942,Mathematics,2020,7.71
15943,Entity_15943,ComputerScience,2024,58.71
15944,Entity_15944,ComputerScience,2013,75.81
15945,Entity_15945,Economics,2014,86.12
15946,Entity_15946,ComputerScience,2019,30.09
15947,Entity_15947,Engineering,2019,28.99
15948,Entity_15948,Physics,2015,56.91
15949,Entity_15949,Economics,2019,74.09
15950,Entity_15950,Economics,2010,73.14
15951,Entity_15951,Physics,2022,77.39
15952,Entity_15952,Physics,2018,54.68
15953,Entity_15953,Biology,2020,42.46
15954,Entity_15954,Biology,2016,85.41
15955,Entity_15955,ComputerScience,2020,39.34
15956,Entity_15956,Physics,2023,73.06
15957,Entity_15957,Economics,2015,89.73
15958,Entity_15958,ComputerScience,2024,21.0
15959,Entity_15959,Mathematics,2010,65.12
15960,Entity_15960,Economics,2019,81.99
15961,Entity_15961,Biology,2018,22.57
15962,Entity_15962,Biology,2014,29.73
15963,Entity_15963,Engineering,2020,20.25
15964,Entity_15964,Economics,2011,51.54
15965,Entity_15965,Biology,2013,16.95
15966,Entity_15966,Economics,2020,21.25
15967,Entity_15967,Economics,2023,68.72
15968,Entity_15968,Biology,2021,1.84
15969,Entity_15969,Biology,2022,38.81
15970,Entity_15970,Economics,2012,87.87
15971,Entity_15971,Biology,2011,35.48
15972,Entity_15972,Mathematics,2018,8.9
15973,Entity_15973,Mathematics,2011,23.02
15974,Entity_15974,ComputerScience,2011,81.46
15975,Entity_15975,Economics,2016,6.59
15976,Entity_15976,Biology,2023,45.46
15977,Entity_15977,Biology,2017,8.08
15978,Entity_15978,Physics,2021,78.44
15979,Entity_15979,Engineering,2018,55.71
15980,Entity_15980,Physics,2022,4.3
15981,Entity_15981,Physics,2010,92.26
15982,Entity_15982,Economics,2017,32.64
15983,Entity_15983,Biology,2014,4.32
15984,Entity_15984,Economics,2019,75.49
15985,Entity_15985,Physics,2013,68.28
15986,Entity_15986,ComputerScience,2013,42.35
15987,Entity_15987,Biology,2017,49.39
15988,Entity_15988,Biology,2011,59.87
15989,Entity_15989,Engineering,2012,27.36
15990,Entity_15990,Economics,2017,66.58
15991,Entity_15991,Physics,2016,33.04
15992,Entity_15992,Biology,2011,19.74
15993,Entity_15993,Biology,2014,58.04
15994,Entity_15994,Biology,2017,94.85
15995,Entity_15995,Engineering,2015,10.38
15996,Entity_15996,Engineering,2014,32.32
15997,Entity_15997,Biology,2015,76.79
15998,Entity_15998,Mathematics,2017,72.2
15999,Entity_15999,Mathematics,2020,81.28
16000,Entity_16000,Economics,2018,15.48
16001,Entity_16001,Mathematics,2012,72.31
16002,Entity_16002,Engineering,2023,94.87
16003,Entity_16003,Economics,2010,71.01
16004,Entity_16004,Economics,2015,94.88
16005,Entity_16005,ComputerScience,2023,12.11
16006,Entity_16006,Engineering,2016,48.16
16007,Entity_16007,Physics,2022,23.99
16008,Entity_16008,Mathematics,2011,32.66
16009,Entity_16009,Biology,2014,73.87
16010,Entity_16010,Biology,2010,65.25
16011,Entity_16011,ComputerScience,2020,41.96
16012,Entity_16012,Economics,2010,97.08
16013,Entity_16013,Economics,2013,50.9
16014,Entity_16014,Physics,2011,86.09
16015,Entity_16015,Physics,2014,43.96
16016,Entity_16016,Engineering,2010,18.57
16017,Entity_16017,Biology,2015,51.41
16018,Entity_16018,Biology,2010,25.61
16019,Entity_16019,Engineering,2014,74.91
16020,Entity_16020,Mathematics,2016,21.07
16021,Entity_16021,Physics,2023,21.45
16022,Entity_16022,Economics,2019,15.92
16023,Entity_16023,Mathematics,2019,97.19
16024,Entity_16024,Mathematics,2012,28.61
16025,Entity_16025,Mathematics,2017,6.31
16026,Entity_16026,ComputerScience,2015,86.49
16027,Entity_16027,Mathematics,2021,47.58
16028,Entity_16028,Economics,2020,14.21
16029,Entity_16029,Physics,2018,54.85
16030,Entity_16030,Engineering,2013,80.61
16031,Entity_16031,Mathematics,2020,74.16
16032,Entity_16032,Physics,2017,9.78
16033,Entity_16033,ComputerScience,2020,53.01
16034,Entity_16034,Engineering,2016,77.52
16035,Entity_16035,Engineering,2024,69.11
16036,Entity_16036,Engineering,2016,58.42
16037,Entity_16037,Biology,2021,25.84
16038,Entity_16038,Biology,2021,80.74
16039,Entity_16039,Physics,2020,47.47
16040,Entity_16040,Physics,2020,56.09
16041,Entity_16041,Engineering,2014,47.49
16042,Entity_16042,Biology,2022,87.16
16043,Entity_16043,Physics,2016,53.13
16044,Entity_16044,Economics,2023,19.73
16045,Entity_16045,ComputerScience,2022,61.46
16046,Entity_16046,Physics,2021,57.62
16047,Entity_16047,Mathematics,2011,77.42
16048,Entity_16048,Engineering,2012,93.38
16049,Entity_16049,Engineering,2013,14.81
16050,Entity_16050,Engineering,2010,86.84
16051,Entity_16051,Biology,2012,35.5
16052,Entity_16052,Engineering,2019,25.82
16053,Entity_16053,Engineering,2011,91.23
16054,Entity_16054,Mathematics,2014,34.83
16055,Entity_16055,Mathematics,2011,84.49
16056,Entity_16056,Economics,2012,32.51
16057,Entity_16057,Economics,2024,92.32
16058,Entity_16058,Physics,2011,26.87
16059,Entity_16059,ComputerScience,2010,89.16
16060,Entity_16060,Mathematics,2016,23.24
16061,Entity_16061,Physics,2024,91.57
16062,Entity_16062,Economics,2012,43.68
16063,Entity_16063,Physics,2015,67.11
16064,Entity_16064,Economics,2010,31.53
16065,Entity_16065,Biology,2019,81.52
16066,Entity_16066,Economics,2016,36.67
16067,Entity_16067,ComputerScience,2016,83.0
16068,Entity_16068,Economics,2019,71.67
16069,Entity_16069,Engineering,2012,10.15
16070,Entity_16070,Physics,2022,74.18
16071,Entity_16071,Mathematics,2010,52.93
16072,Entity_16072,Physics,2023,54.45
16073,Entity_16073,Economics,2015,39.21
16074,Entity_16074,Engineering,2013,30.51
16075,Entity_16075,Biology,2010,68.84
16076,Entity_16076,Economics,2023,87.45
16077,Entity_16077,Economics,2012,21.88
16078,Entity_16078,Economics,2012,85.25
16079,Entity_16079,Economics,2017,18.53
16080,Entity_16080,Economics,2022,65.46
16081,Entity_16081,Mathematics,2016,47.22
16082,Entity_16082,Engineering,2013,39.9
16083,Entity_16083,ComputerScience,2016,21.03
16084,Entity_16084,ComputerScience,2023,55.86
16085,Entity_16085,Biology,2010,11.21
16086,Entity_16086,Physics,2021,40.02
16087,Entity_16087,Physics,2018,77.18
16088,Entity_16088,Physics,2013,70.4
16089,Entity_16089,Biology,2014,61.26
16090,Entity_16090,Economics,2023,81.18
16091,Entity_16091,Engineering,2017,28.85
16092,Entity_16092,ComputerScience,2020,9.94
16093,Entity_16093,Physics,2014,85.47
16094,Entity_16094,Engineering,2013,85.99
16095,Entity_16095,Engineering,2010,23.65
16096,Entity_16096,ComputerScience,2010,71.62
16097,Entity_16097,Engineering,2011,39.43
16098,Entity_16098,Physics,2022,38.16
16099,Entity_16099,Physics,2022,97.14
16100,Entity_16100,Economics,2014,36.92
16101,Entity_16101,Mathematics,2014,8.16
16102,Entity_16102,ComputerScience,2018,63.93
16103,Entity_16103,Biology,2019,91.47
16104,Entity_16104,Biology,2012,17.12
16105,Entity_16105,Economics,2015,8.52
16106,Entity_16106,ComputerScience,2020,1.18
16107,Entity_16107,Mathematics,2018,43.27
16108,Entity_16108,ComputerScience,2016,73.38
16109,Entity_16109,Biology,2021,5.33
16110,Entity_16110,Engineering,2022,6.95
16111,Entity_16111,Biology,2024,1.61
16112,Entity_16112,Biology,2019,2.74
16113,Entity_16113,ComputerScience,2017,26.92
16114,Entity_16114,Engineering,2015,20.73
16115,Entity_16115,Engineering,2019,11.49
16116,Entity_16116,Engineering,2016,89.23
16117,Entity_16117,Physics,2024,31.91
16118,Entity_16118,ComputerScience,2010,42.22
16119,Entity_16119,Engineering,2017,55.02
16120,Entity_16120,Mathematics,2015,98.69
16121,Entity_16121,Physics,2023,82.94
16122,Entity_16122,ComputerScience,2016,35.57
16123,Entity_16123,Physics,2024,68.65
16124,Entity_16124,Physics,2024,21.93
16125,Entity_16125,Economics,2019,20.31
16126,Entity_16126,Mathematics,2021,26.17
16127,Entity_16127,ComputerScience,2017,8.55
16128,Entity_16128,ComputerScience,2020,92.58
16129,Entity_16129,Engineering,2017,75.84
16130,Entity_16130,Economics,2018,38.11
16131,Entity_16131,Physics,2013,66.46
16132,Entity_16132,ComputerScience,2015,64.23
16133,Entity_16133,Engineering,2010,84.21
16134,Entity_16134,Biology,2017,10.33
16135,Entity_16135,Economics,2015,24.16
16136,Entity_16136,Physics,2020,20.72
16137,Entity_16137,ComputerScience,2017,76.63
16138,Entity_16138,Mathematics,2017,57.92
16139,Entity_16139,Mathematics,2015,26.29
16140,Entity_16140,ComputerScience,2012,56.73
16141,Entity_16141,Economics,2021,17.42
16142,Entity_16142,Economics,2012,16.5
16143,Entity_16143,Physics,2018,95.86
16144,Entity_16144,Economics,2011,36.3
16145,Entity_16145,Engineering,2012,5.71
16146,Entity_16146,Economics,2023,99.94
16147,Entity_16147,Mathematics,2012,11.96
16148,Entity_16148,Biology,2023,39.86
16149,Entity_16149,ComputerScience,2011,97.25
16150,Entity_16150,Physics,2016,61.12
16151,Entity_16151,Physics,2015,96.52
16152,Entity_16152,Mathematics,2022,6.65
16153,Entity_16153,Engineering,2013,98.7
16154,Entity_16154,Physics,2014,75.23
16155,Entity_16155,Economics,2011,23.94
16156,Entity_16156,Economics,2014,24.62
16157,Entity_16157,Physics,2023,96.46
16158,Entity_16158,Physics,2015,5.54
16159,Entity_16159,Physics,2017,25.81
16160,Entity_16160,Biology,2023,16.04
16161,Entity_16161,Physics,2018,23.81
16162,Entity_16162,Mathematics,2014,5.68
16163,Entity_16163,Engineering,2023,23.96
16164,Entity_16164,Engineering,2016,36.12
16165,Entity_16165,Physics,2019,58.82
16166,Entity_16166,Mathematics,2012,84.45
16167,Entity_16167,Economics,2022,36.28
16168,Entity_16168,Economics,2010,19.92
16169,Entity_16169,ComputerScience,2018,41.68
16170,Entity_16170,Mathematics,2023,10.51
16171,Entity_16171,Economics,2016,65.88
16172,Entity_16172,Physics,2019,65.24
16173,Entity_16173,Economics,2015,81.4
16174,Entity_16174,Mathematics,2010,75.64
16175,Entity_16175,Mathematics,2024,67.44
16176,Entity_16176,Biology,2020,11.47
16177,Entity_16177,Economics,2010,83.79
16178,Entity_16178,ComputerScience,2018,13.4
16179,Entity_16179,Physics,2017,49.33
16180,Entity_16180,ComputerScience,2010,61.81
16181,Entity_16181,Biology,2014,29.61
16182,Entity_16182,Biology,2019,69.4
16183,Entity_16183,Economics,2011,69.49
16184,Entity_16184,Biology,2011,48.96
16185,Entity_16185,Mathematics,2023,71.71
16186,Entity_16186,ComputerScience,2013,71.29
16187,Entity_16187,Mathematics,2016,53.26
16188,Entity_16188,Economics,2021,28.43
16189,Entity_16189,Economics,2016,33.63
16190,Entity_16190,Biology,2022,21.6
16191,Entity_16191,Mathematics,2022,28.54
16192,Entity_16192,Biology,2016,38.33
16193,Entity_16193,ComputerScience,2017,14.37
16194,Entity_16194,Biology,2016,73.23
16195,Entity_16195,Mathematics,2023,88.28
16196,Entity_16196,Biology,2014,11.25
16197,Entity_16197,ComputerScience,2018,11.46
16198,Entity_16198,ComputerScience,2013,44.2
16199,Entity_16199,Economics,2013,50.61
16200,Entity_16200,Physics,2015,84.18
16201,Entity_16201,Physics,2022,53.81
16202,Entity_16202,Economics,2020,28.92
16203,Entity_16203,Mathematics,2013,58.51
16204,Entity_16204,Mathematics,2011,40.81
16205,Entity_16205,Physics,2016,61.16
16206,Entity_16206,Engineering,2015,48.83
16207,Entity_16207,Biology,2015,14.11
16208,Entity_16208,Biology,2016,56.5
16209,Entity_16209,Economics,2024,6.08
16210,Entity_16210,Engineering,2021,10.77
16211,Entity_16211,Physics,2016,47.52
16212,Entity_16212,ComputerScience,2017,32.19
16213,Entity_16213,Mathematics,2023,65.11
16214,Entity_16214,ComputerScience,2013,34.49
16215,Entity_16215,Biology,2016,88.75
16216,Entity_16216,Physics,2019,83.17
16217,Entity_16217,Economics,2013,75.83
16218,Entity_16218,Physics,2010,21.71
16219,Entity_16219,Economics,2022,97.83
16220,Entity_16220,Physics,2019,37.3
16221,Entity_16221,Engineering,2021,88.36
16222,Entity_16222,Biology,2010,52.67
16223,Entity_16223,Economics,2015,19.63
16224,Entity_16224,Economics,2022,56.33
16225,Entity_16225,Biology,2024,24.44
16226,Entity_16226,Engineering,2023,3.99
16227,Entity_16227,ComputerScience,2014,62.32
16228,Entity_16228,Economics,2017,83.74
16229,Entity_16229,Mathematics,2017,97.85
16230,Entity_16230,Mathematics,2021,49.45
16231,Entity_16231,Engineering,2023,65.77
16232,Entity_16232,Biology,2010,28.27
16233,Entity_16233,Economics,2019,4.95
16234,Entity_16234,Biology,2017,53.87
16235,Entity_16235,Economics,2014,37.09
16236,Entity_16236,Biology,2023,34.3
16237,Entity_16237,Biology,2017,24.07
16238,Entity_16238,Biology,2011,78.2
16239,Entity_16239,ComputerScience,2020,20.86
16240,Entity_16240,Engineering,2014,3.1
16241,Entity_16241,Biology,2013,90.94
16242,Entity_16242,Biology,2018,90.49
16243,Entity_16243,Engineering,2019,10.56
16244,Entity_16244,ComputerScience,2018,86.66
16245,Entity_16245,ComputerScience,2014,81.23
16246,Entity_16246,Engineering,2020,50.19
16247,Entity_16247,Mathematics,2016,62.87
16248,Entity_16248,Mathematics,2024,22.24
16249,Entity_16249,Biology,2023,71.63
16250,Entity_16250,Physics,2022,11.3
16251,Entity_16251,Engineering,2018,66.36
16252,Entity_16252,Economics,2017,66.51
16253,Entity_16253,ComputerScience,2020,72.17
16254,Entity_16254,Economics,2019,10.99
16255,Entity_16255,Mathematics,2018,46.8
16256,Entity_16256,Physics,2016,25.48
16257,Entity_16257,ComputerScience,2011,4.17
16258,Entity_16258,Economics,2023,33.85
16259,Entity_16259,Economics,2024,71.67
16260,Entity_16260,Biology,2024,91.38
16261,Entity_16261,Physics,2016,33.44
16262,Entity_16262,Biology,2021,16.82
16263,Entity_16263,ComputerScience,2018,96.91
16264,Entity_16264,Economics,2023,12.65
16265,Entity_16265,Biology,2022,56.66
16266,Entity_16266,Engineering,2023,53.87
16267,Entity_16267,Mathematics,2024,65.2
16268,Entity_16268,Mathematics,2019,95.57
16269,Entity_16269,Economics,2011,62.83
16270,Entity_16270,Biology,2010,64.18
16271,Entity_16271,Mathematics,2011,72.19
16272,Entity_16272,Mathematics,2020,99.94
16273,Entity_16273,Mathematics,2024,37.42
16274,Entity_16274,Biology,2021,23.46
16275,Entity_16275,Engineering,2022,28.53
16276,Entity_16276,Biology,2024,42.22
16277,Entity_16277,ComputerScience,2018,32.77
16278,Entity_16278,Economics,2016,97.12
16279,Entity_16279,ComputerScience,2017,82.34
16280,Entity_16280,Biology,2022,62.6
16281,Entity_16281,Mathematics,2014,55.2
16282,Entity_16282,ComputerScience,2014,75.22
16283,Entity_16283,ComputerScience,2010,6.85
16284,Entity_16284,Engineering,2014,4.58
16285,Entity_16285,Biology,2015,41.62
16286,Entity_16286,Physics,2013,77.65
16287,Entity_16287,ComputerScience,2010,72.93
16288,Entity_16288,Mathematics,2022,4.99
16289,Entity_16289,Economics,2017,16.73
16290,Entity_16290,Biology,2018,74.32
16291,Entity_16291,Physics,2021,56.62
16292,Entity_16292,Engineering,2024,33.69
16293,Entity_16293,Mathematics,2012,45.89
16294,Entity_16294,Physics,2021,27.47
16295,Entity_16295,Economics,2021,49.06
16296,Entity_16296,Engineering,2019,15.77
16297,Entity_16297,Mathematics,2011,79.9
16298,Entity_16298,Engineering,2024,60.06
16299,Entity_16299,Engineering,2013,81.43
16300,Entity_16300,Biology,2020,82.58
16301,Entity_16301,Mathematics,2014,45.09
16302,Entity_16302,Mathematics,2018,90.23
16303,Entity_16303,Biology,2023,56.47
16304,Entity_16304,Engineering,2021,25.1
16305,Entity_16305,Engineering,2017,91.07
16306,Entity_16306,ComputerScience,2023,70.38
16307,Entity_16307,Physics,2019,74.74
16308,Entity_16308,Physics,2015,65.11
16309,Entity_16309,Economics,2010,79.81
16310,Entity_16310,Engineering,2022,50.06
16311,Entity_16311,ComputerScience,2018,33.06
16312,Entity_16312,Engineering,2016,1.2
16313,Entity_16313,Engineering,2011,48.07
16314,Entity_16314,Physics,2021,2.98
16315,Entity_16315,ComputerScience,2024,16.62
16316,Entity_16316,Biology,2022,6.83
16317,Entity_16317,Mathematics,2011,20.9
16318,Entity_16318,ComputerScience,2016,68.53
16319,Entity_16319,Biology,2017,35.86
16320,Entity_16320,Biology,2022,99.97
16321,Entity_16321,Biology,2011,99.07
16322,Entity_16322,Biology,2019,99.3
16323,Entity_16323,Engineering,2021,47.4
16324,Entity_16324,Biology,2016,22.09
16325,Entity_16325,Mathematics,2010,41.63
16326,Entity_16326,Mathematics,2012,99.96
16327,Entity_16327,Biology,2012,57.38
16328,Entity_16328,Economics,2024,3.33
16329,Entity_16329,Mathematics,2013,51.66
16330,Entity_16330,Engineering,2011,49.22
16331,Entity_16331,Engineering,2016,46.72
16332,Entity_16332,Physics,2024,86.6
16333,Entity_16333,Biology,2010,15.24
16334,Entity_16334,Mathematics,2014,25.41
16335,Entity_16335,ComputerScience,2016,64.39
16336,Entity_16336,Physics,2019,7.61
16337,Entity_16337,Economics,2014,99.57
16338,Entity_16338,Mathematics,2024,48.77
16339,Entity_16339,Mathematics,2016,6.36
16340,Entity_16340,Mathematics,2016,80.88
16341,Entity_16341,Economics,2012,98.13
16342,Entity_16342,ComputerScience,2020,21.21
16343,Entity_16343,Economics,2010,39.69
16344,Entity_16344,ComputerScience,2015,71.29
16345,Entity_16345,Engineering,2015,4.25
16346,Entity_16346,Physics,2016,91.12
16347,Entity_16347,Physics,2014,3.92
16348,Entity_16348,Economics,2023,99.08
16349,Entity_16349,Physics,2011,86.65
16350,Entity_16350,Physics,2022,77.31
16351,Entity_16351,ComputerScience,2023,81.58
16352,Entity_16352,Biology,2016,44.47
16353,Entity_16353,Biology,2015,29.36
16354,Entity_16354,ComputerScience,2015,24.2
16355,Entity_16355,Engineering,2012,28.49
16356,Entity_16356,Engineering,2020,12.28
16357,Entity_16357,Biology,2019,28.48
16358,Entity_16358,Mathematics,2013,70.43
16359,Entity_16359,Economics,2021,44.0
16360,Entity_16360,ComputerScience,2017,55.46
16361,Entity_16361,ComputerScience,2015,55.85
16362,Entity_16362,ComputerScience,2013,97.62
16363,Entity_16363,Economics,2010,95.4
16364,Entity_16364,Biology,2013,19.49
16365,Entity_16365,Physics,2016,77.8
16366,Entity_16366,Biology,2023,56.23
16367,Entity_16367,Engineering,2018,39.1
16368,Entity_16368,Mathematics,2015,83.38
16369,Entity_16369,Physics,2016,11.91
16370,Entity_16370,ComputerScience,2010,44.61
16371,Entity_16371,Engineering,2015,66.89
16372,Entity_16372,Biology,2010,37.05
16373,Entity_16373,Physics,2019,94.68
16374,Entity_16374,ComputerScience,2018,40.45
16375,Entity_16375,Biology,2024,79.99
16376,Entity_16376,Mathematics,2011,13.54
16377,Entity_16377,Physics,2015,92.91
16378,Entity_16378,Economics,2019,83.9
16379,Entity_16379,Engineering,2018,59.34
16380,Entity_16380,Engineering,2012,93.34
16381,Entity_16381,Mathematics,2018,40.32
16382,Entity_16382,Physics,2023,40.52
16383,Entity_16383,Mathematics,2016,3.47
16384,Entity_16384,Biology,2020,19.52
16385,Entity_16385,Engineering,2015,7.23
16386,Entity_16386,ComputerScience,2017,80.23
16387,Entity_16387,Economics,2023,75.77
16388,Entity_16388,Engineering,2015,8.48
16389,Entity_16389,Economics,2013,47.99
16390,Entity_16390,Economics,2014,59.21
16391,Entity_16391,Physics,2011,83.68
16392,Entity_16392,Physics,2017,80.46
16393,Entity_16393,Mathematics,2022,86.96
16394,Entity_16394,Mathematics,2018,64.99
16395,Entity_16395,Engineering,2011,62.82
16396,Entity_16396,Biology,2016,69.08
16397,Entity_16397,ComputerScience,2013,93.85
16398,Entity_16398,Biology,2022,9.83
16399,Entity_16399,Mathematics,2020,38.29
16400,Entity_16400,Mathematics,2012,93.91
16401,Entity_16401,Biology,2022,34.2
16402,Entity_16402,Physics,2022,14.97
16403,Entity_16403,Engineering,2022,26.91
16404,Entity_16404,Biology,2010,74.4
16405,Entity_16405,Economics,2011,98.04
16406,Entity_16406,ComputerScience,2011,27.71
16407,Entity_16407,Engineering,2011,17.61
16408,Entity_16408,Engineering,2017,8.16
16409,Entity_16409,Economics,2018,27.97
16410,Entity_16410,Economics,2019,88.09
16411,Entity_16411,Engineering,2014,25.38
16412,Entity_16412,Mathematics,2018,66.94
16413,Entity_16413,Engineering,2021,82.06
16414,Entity_16414,ComputerScience,2022,14.44
16415,Entity_16415,Biology,2018,11.89
16416,Entity_16416,Economics,2013,1.82
16417,Entity_16417,ComputerScience,2018,85.32
16418,Entity_16418,Mathematics,2018,54.64
16419,Entity_16419,Economics,2019,87.39
16420,Entity_16420,Mathematics,2023,65.78
16421,Entity_16421,Economics,2010,55.1
16422,Entity_16422,Mathematics,2010,20.07
16423,Entity_16423,Mathematics,2021,84.1
16424,Entity_16424,Mathematics,2010,55.73
16425,Entity_16425,Engineering,2011,69.79
16426,Entity_16426,ComputerScience,2015,38.29
16427,Entity_16427,Engineering,2013,34.79
16428,Entity_16428,Engineering,2018,72.35
16429,Entity_16429,Engineering,2016,81.23
16430,Entity_16430,Economics,2019,4.77
16431,Entity_16431,Physics,2011,78.01
16432,Entity_16432,ComputerScience,2011,41.68
16433,Entity_16433,Biology,2019,31.04
16434,Entity_16434,ComputerScience,2024,14.57
16435,Entity_16435,Engineering,2011,16.92
16436,Entity_16436,Mathematics,2024,43.59
16437,Entity_16437,Biology,2023,42.78
16438,Entity_16438,Mathematics,2012,51.07
16439,Entity_16439,Physics,2021,68.86
16440,Entity_16440,Engineering,2015,57.03
16441,Entity_16441,Physics,2016,77.96
16442,Entity_16442,ComputerScience,2017,82.01
16443,Entity_16443,Mathematics,2019,51.42
16444,Entity_16444,Economics,2022,84.08
16445,Entity_16445,Economics,2024,69.33
16446,Entity_16446,Mathematics,2019,8.41
16447,Entity_16447,Physics,2016,1.45
16448,Entity_16448,Economics,2012,1.05
16449,Entity_16449,Physics,2011,72.68
16450,Entity_16450,Mathematics,2021,43.84
16451,Entity_16451,Biology,2020,36.04
16452,Entity_16452,Engineering,2024,87.3
16453,Entity_16453,Biology,2016,36.09
16454,Entity_16454,Economics,2020,10.56
16455,Entity_16455,ComputerScience,2014,98.02
16456,Entity_16456,Economics,2015,85.09
16457,Entity_16457,Mathematics,2013,92.78
16458,Entity_16458,Economics,2020,75.63
16459,Entity_16459,Mathematics,2020,10.94
16460,Entity_16460,Mathematics,2015,4.91
16461,Entity_16461,Biology,2012,87.69
16462,Entity_16462,Engineering,2024,56.79
16463,Entity_16463,Mathematics,2013,79.64
16464,Entity_16464,Physics,2022,13.58
16465,Entity_16465,Physics,2010,47.7
16466,Entity_16466,Physics,2014,89.44
16467,Entity_16467,Economics,2024,49.43
16468,Entity_16468,Mathematics,2011,91.77
16469,Entity_16469,Biology,2011,89.37
16470,Entity_16470,Engineering,2023,57.28
16471,Entity_16471,Mathematics,2017,25.88
16472,Entity_16472,Economics,2016,12.74
16473,Entity_16473,Engineering,2010,69.1
16474,Entity_16474,Economics,2013,58.08
16475,Entity_16475,Mathematics,2024,96.47
16476,Entity_16476,Economics,2013,37.53
16477,Entity_16477,Engineering,2023,92.63
16478,Entity_16478,Physics,2020,64.27
16479,Entity_16479,Economics,2018,35.93
16480,Entity_16480,Economics,2024,51.48
16481,Entity_16481,Economics,2012,2.5
16482,Entity_16482,Economics,2016,37.92
16483,Entity_16483,Economics,2013,18.6
16484,Entity_16484,Engineering,2024,60.19
16485,Entity_16485,Physics,2017,44.12
16486,Entity_16486,Physics,2012,24.76
16487,Entity_16487,Economics,2013,9.21
16488,Entity_16488,Physics,2017,34.71
16489,Entity_16489,Mathematics,2011,53.71
16490,Entity_16490,Economics,2021,61.13
16491,Entity_16491,Mathematics,2015,63.84
16492,Entity_16492,Biology,2023,56.54
16493,Entity_16493,Engineering,2022,95.15
16494,Entity_16494,Physics,2024,96.23
16495,Entity_16495,Physics,2024,51.88
16496,Entity_16496,ComputerScience,2023,45.98
16497,Entity_16497,ComputerScience,2020,97.34
16498,Entity_16498,Biology,2012,56.84
16499,Entity_16499,Mathematics,2023,91.5
16500,Entity_16500,Physics,2021,39.27
16501,Entity_16501,Economics,2014,27.48
16502,Entity_16502,Physics,2022,37.11
16503,Entity_16503,Physics,2014,10.45
16504,Entity_16504,Engineering,2014,69.96
16505,Entity_16505,Economics,2011,4.03
16506,Entity_16506,Physics,2012,95.03
16507,Entity_16507,Engineering,2021,13.25
16508,Entity_16508,Economics,2016,83.96
16509,Entity_16509,Engineering,2016,96.67
16510,Entity_16510,Economics,2020,5.94
16511,Entity_16511,Biology,2016,64.33
16512,Entity_16512,Engineering,2014,47.6
16513,Entity_16513,Engineering,2020,14.44
16514,Entity_16514,ComputerScience,2021,92.75
16515,Entity_16515,ComputerScience,2020,87.38
16516,Entity_16516,Mathematics,2010,55.58
16517,Entity_16517,Economics,2014,25.44
16518,Entity_16518,Biology,2023,56.22
16519,Entity_16519,Biology,2010,79.44
16520,Entity_16520,Engineering,2018,45.25
16521,Entity_16521,Engineering,2017,78.8
16522,Entity_16522,Mathematics,2020,22.95
16523,Entity_16523,Engineering,2024,28.97
16524,Entity_16524,Physics,2015,21.96
16525,Entity_16525,Physics,2019,13.84
16526,Entity_16526,Mathematics,2012,36.65
16527,Entity_16527,Biology,2017,45.65
16528,Entity_16528,Physics,2017,46.16
16529,Entity_16529,Mathematics,2017,67.77
16530,Entity_16530,ComputerScience,2012,99.52
16531,Entity_16531,Engineering,2022,52.6
16532,Entity_16532,Mathematics,2012,10.23
16533,Entity_16533,Mathematics,2018,31.59
16534,Entity_16534,ComputerScience,2013,71.39
16535,Entity_16535,Physics,2018,23.8
16536,Entity_16536,Biology,2021,76.82
16537,Entity_16537,Biology,2018,83.39
16538,Entity_16538,Mathematics,2012,81.32
16539,Entity_16539,ComputerScience,2022,75.06
16540,Entity_16540,Engineering,2014,46.75
16541,Entity_16541,Engineering,2020,69.5
16542,Entity_16542,Economics,2022,56.48
16543,Entity_16543,Mathematics,2020,50.79
16544,Entity_16544,Economics,2014,45.26
16545,Entity_16545,Biology,2010,88.17
16546,Entity_16546,Economics,2021,95.27
16547,Entity_16547,Physics,2020,59.38
16548,Entity_16548,Economics,2015,24.89
16549,Entity_16549,Engineering,2020,6.4
16550,Entity_16550,Mathematics,2014,41.32
16551,Entity_16551,Biology,2021,66.85
16552,Entity_16552,Engineering,2017,59.61
16553,Entity_16553,Mathematics,2016,74.87
16554,Entity_16554,Biology,2020,45.77
16555,Entity_16555,Engineering,2022,7.76
16556,Entity_16556,Economics,2018,78.95
16557,Entity_16557,Physics,2021,42.01
16558,Entity_16558,ComputerScience,2023,23.26
16559,Entity_16559,Economics,2015,62.22
16560,Entity_16560,Mathematics,2022,64.08
16561,Entity_16561,Economics,2012,70.72
16562,Entity_16562,ComputerScience,2011,71.52
16563,Entity_16563,Mathematics,2021,44.38
16564,Entity_16564,Physics,2020,33.89
16565,Entity_16565,Engineering,2010,9.65
16566,Entity_16566,Mathematics,2017,22.16
16567,Entity_16567,Biology,2019,42.83
16568,Entity_16568,Biology,2020,20.47
16569,Entity_16569,Economics,2016,88.45
16570,Entity_16570,Mathematics,2014,76.81
16571,Entity_16571,Economics,2019,87.91
16572,Entity_16572,Engineering,2017,57.45
16573,Entity_16573,Engineering,2017,55.84
16574,Entity_16574,Engineering,2012,81.2
16575,Entity_16575,Physics,2010,5.36
16576,Entity_16576,Engineering,2020,13.21
16577,Entity_16577,ComputerScience,2011,74.49
16578,Entity_16578,Physics,2018,81.88
16579,Entity_16579,Engineering,2016,60.02
16580,Entity_16580,Biology,2012,32.65
16581,Entity_16581,Mathematics,2017,33.01
16582,Entity_16582,Mathematics,2011,26.08
16583,Entity_16583,Economics,2022,75.72
16584,Entity_16584,ComputerScience,2019,70.23
16585,Entity_16585,Biology,2011,63.61
16586,Entity_16586,Engineering,2022,2.39
16587,Entity_16587,Economics,2010,1.15
16588,Entity_16588,Mathematics,2020,94.07
16589,Entity_16589,Economics,2021,48.89
16590,Entity_16590,Physics,2014,16.51
16591,Entity_16591,Physics,2017,85.92
16592,Entity_16592,Engineering,2014,87.78
16593,Entity_16593,Engineering,2021,59.32
16594,Entity_16594,Biology,2016,35.61
16595,Entity_16595,Engineering,2012,62.3
16596,Entity_16596,Economics,2013,85.49
16597,Entity_16597,Mathematics,2011,46.21
16598,Entity_16598,Economics,2017,16.37
16599,Entity_16599,Mathematics,2011,18.82
16600,Entity_16600,Physics,2023,91.1
16601,Entity_16601,Physics,2022,94.36
16602,Entity_16602,Mathematics,2013,94.51
16603,Entity_16603,Biology,2015,67.88
16604,Entity_16604,Engineering,2017,50.27
16605,Entity_16605,Physics,2014,90.42
16606,Entity_16606,Physics,2016,80.12
16607,Entity_16607,Mathematics,2018,85.57
16608,Entity_16608,Mathematics,2010,21.47
16609,Entity_16609,ComputerScience,2010,30.66
16610,Entity_16610,Engineering,2019,44.32
16611,Entity_16611,ComputerScience,2014,1.1
16612,Entity_16612,Biology,2011,63.33
16613,Entity_16613,Engineering,2020,19.05
16614,Entity_16614,Economics,2010,95.6
16615,Entity_16615,Biology,2011,94.1
16616,Entity_16616,Economics,2019,4.49
16617,Entity_16617,Mathematics,2016,39.91
16618,Entity_16618,Engineering,2016,60.82
16619,Entity_16619,Biology,2023,67.18
16620,Entity_16620,Biology,2012,79.57
16621,Entity_16621,Engineering,2011,46.49
16622,Entity_16622,Physics,2014,77.04
16623,Entity_16623,Mathematics,2016,42.9
16624,Entity_16624,Engineering,2022,25.25
16625,Entity_16625,Engineering,2010,22.58
16626,Entity_16626,Mathematics,2022,20.53
16627,Entity_16627,Economics,2015,71.8
16628,Entity_16628,Mathematics,2015,53.67
16629,Entity_16629,Engineering,2021,89.06
16630,Entity_16630,Biology,2013,32.7
16631,Entity_16631,ComputerScience,2017,96.99
16632,Entity_16632,ComputerScience,2021,6.48
16633,Entity_16633,Biology,2012,52.74
16634,Entity_16634,Physics,2020,59.94
16635,Entity_16635,Biology,2023,39.21
16636,Entity_16636,Engineering,2016,75.17
16637,Entity_16637,ComputerScience,2012,68.31
16638,Entity_16638,ComputerScience,2014,61.33
16639,Entity_16639,Engineering,2022,61.14
16640,Entity_16640,Engineering,2016,67.35
16641,Entity_16641,Physics,2011,77.32
16642,Entity_16642,Biology,2012,86.2
16643,Entity_16643,Biology,2015,40.05
16644,Entity_16644,Mathematics,2014,23.07
16645,Entity_16645,ComputerScience,2019,32.52
16646,Entity_16646,Engineering,2019,83.85
16647,Entity_16647,Biology,2024,99.22
16648,Entity_16648,Physics,2010,7.1
16649,Entity_16649,Biology,2013,39.62
16650,Entity_16650,Engineering,2024,12.69
16651,Entity_16651,ComputerScience,2015,68.2
16652,Entity_16652,Biology,2014,6.59
16653,Entity_16653,Economics,2017,87.14
16654,Entity_16654,Engineering,2023,65.15
16655,Entity_16655,Mathematics,2023,91.04
16656,Entity_16656,ComputerScience,2011,21.24
16657,Entity_16657,Engineering,2015,76.75
16658,Entity_16658,Physics,2023,93.29
16659,Entity_16659,Engineering,2017,75.11
16660,Entity_16660,Engineering,2020,25.39
16661,Entity_16661,Biology,2015,93.17
16662,Entity_16662,Biology,2024,63.23
16663,Entity_16663,Physics,2022,80.38
16664,Entity_16664,Mathematics,2019,75.18
16665,Entity_16665,Biology,2017,46.62
16666,Entity_16666,Engineering,2010,34.13
16667,Entity_16667,Mathematics,2018,59.68
16668,Entity_16668,Engineering,2022,4.66
16669,Entity_16669,ComputerScience,2012,69.65
16670,Entity_16670,Economics,2016,61.29
16671,Entity_16671,Economics,2024,10.51
16672,Entity_16672,Mathematics,2021,55.36
16673,Entity_16673,Biology,2010,5.91
16674,Entity_16674,Physics,2019,25.48
16675,Entity_16675,Engineering,2023,11.38
16676,Entity_16676,Physics,2016,51.42
16677,Entity_16677,Physics,2017,81.72
16678,Entity_16678,Biology,2010,16.5
16679,Entity_16679,Physics,2016,76.03
16680,Entity_16680,Economics,2014,8.5
16681,Entity_16681,Biology,2017,9.28
16682,Entity_16682,Physics,2021,61.15
16683,Entity_16683,ComputerScience,2018,27.33
16684,Entity_16684,Engineering,2020,64.97
16685,Entity_16685,ComputerScience,2021,59.45
16686,Entity_16686,Biology,2022,9.41
16687,Entity_16687,Biology,2020,98.78
16688,Entity_16688,Mathematics,2015,56.24
16689,Entity_16689,Physics,2012,22.79
16690,Entity_16690,Mathematics,2015,88.41
16691,Entity_16691,Engineering,2018,32.99
16692,Entity_16692,Biology,2020,3.56
16693,Entity_16693,Biology,2013,1.57
16694,Entity_16694,Engineering,2012,77.01
16695,Entity_16695,Economics,2022,87.11
16696,Entity_16696,Physics,2019,92.91
16697,Entity_16697,Physics,2015,95.1
16698,Entity_16698,Economics,2023,44.44
16699,Entity_16699,Economics,2017,11.28
16700,Entity_16700,Engineering,2024,20.19
16701,Entity_16701,Economics,2020,41.58
16702,Entity_16702,Biology,2012,41.64
16703,Entity_16703,Engineering,2014,85.2
16704,Entity_16704,Biology,2014,41.82
16705,Entity_16705,Engineering,2015,32.77
16706,Entity_16706,Biology,2020,15.94
16707,Entity_16707,Economics,2013,11.17
16708,Entity_16708,ComputerScience,2024,96.53
16709,Entity_16709,Economics,2015,72.87
16710,Entity_16710,ComputerScience,2018,55.09
16711,Entity_16711,Economics,2017,32.29
16712,Entity_16712,Engineering,2014,82.06
16713,Entity_16713,Mathematics,2022,3.53
16714,Entity_16714,Engineering,2015,54.75
16715,Entity_16715,Engineering,2010,32.69
16716,Entity_16716,ComputerScience,2011,1.15
16717,Entity_16717,Engineering,2018,89.08
16718,Entity_16718,Biology,2017,59.86
16719,Entity_16719,Mathematics,2014,50.46
16720,Entity_16720,ComputerScience,2019,22.0
16721,Entity_16721,Economics,2022,77.42
16722,Entity_16722,Economics,2016,38.32
16723,Entity_16723,Biology,2022,63.77
16724,Entity_16724,Biology,2022,33.72
16725,Entity_16725,Physics,2013,30.73
16726,Entity_16726,Biology,2017,28.37
16727,Entity_16727,Economics,2016,97.43
16728,Entity_16728,Physics,2017,58.14
16729,Entity_16729,Physics,2012,79.53
16730,Entity_16730,Engineering,2016,92.07
16731,Entity_16731,Physics,2018,12.33
16732,Entity_16732,ComputerScience,2015,1.05
16733,Entity_16733,Physics,2017,29.73
16734,Entity_16734,Economics,2024,64.24
16735,Entity_16735,Physics,2014,98.71
16736,Entity_16736,ComputerScience,2015,96.4
16737,Entity_16737,ComputerScience,2019,29.69
16738,Entity_16738,Mathematics,2024,63.71
16739,Entity_16739,Mathematics,2017,13.93
16740,Entity_16740,Biology,2010,62.81
16741,Entity_16741,Engineering,2019,43.28
16742,Entity_16742,Economics,2011,27.7
16743,Entity_16743,Economics,2017,45.64
16744,Entity_16744,Biology,2016,2.59
16745,Entity_16745,Economics,2022,74.41
16746,Entity_16746,Mathematics,2019,12.37
16747,Entity_16747,Economics,2011,44.47
16748,Entity_16748,Mathematics,2017,97.72
16749,Entity_16749,Physics,2016,44.15
16750,Entity_16750,Physics,2019,44.68
16751,Entity_16751,Economics,2018,35.66
16752,Entity_16752,Biology,2022,30.64
16753,Entity_16753,Engineering,2019,68.62
16754,Entity_16754,Mathematics,2024,65.8
16755,Entity_16755,Mathematics,2017,12.53
16756,Entity_16756,ComputerScience,2022,63.54
16757,Entity_16757,Economics,2014,95.96
16758,Entity_16758,Mathematics,2022,72.55
16759,Entity_16759,Biology,2011,91.96
16760,Entity_16760,Physics,2023,56.88
16761,Entity_16761,Physics,2015,48.41
16762,Entity_16762,Biology,2017,48.85
16763,Entity_16763,Physics,2017,64.38
16764,Entity_16764,ComputerScience,2012,23.0
16765,Entity_16765,Mathematics,2018,46.06
16766,Entity_16766,Mathematics,2016,90.34
16767,Entity_16767,ComputerScience,2022,85.86
16768,Entity_16768,Economics,2011,92.85
16769,Entity_16769,Economics,2023,52.4
16770,Entity_16770,Mathematics,2015,49.78
16771,Entity_16771,Engineering,2018,84.99
16772,Entity_16772,Physics,2012,73.32
16773,Entity_16773,Economics,2010,64.29
16774,Entity_16774,ComputerScience,2024,6.91
16775,Entity_16775,Economics,2010,32.65
16776,Entity_16776,Mathematics,2021,12.22
16777,Entity_16777,Physics,2016,32.89
16778,Entity_16778,Mathematics,2014,4.21
16779,Entity_16779,Engineering,2019,7.65
16780,Entity_16780,Physics,2014,30.99
16781,Entity_16781,Physics,2014,41.47
16782,Entity_16782,Engineering,2021,87.1
16783,Entity_16783,ComputerScience,2012,19.66
16784,Entity_16784,Physics,2013,93.84
16785,Entity_16785,ComputerScience,2022,97.92
16786,Entity_16786,Biology,2015,24.44
16787,Entity_16787,Mathematics,2024,79.35
16788,Entity_16788,Engineering,2015,61.64
16789,Entity_16789,Biology,2015,93.34
16790,Entity_16790,Economics,2020,54.63
16791,Entity_16791,Economics,2016,99.76
16792,Entity_16792,Physics,2018,19.4
16793,Entity_16793,Engineering,2011,59.85
16794,Entity_16794,ComputerScience,2018,49.52
16795,Entity_16795,Biology,2022,63.29
16796,Entity_16796,Engineering,2017,50.92
16797,Entity_16797,Economics,2012,78.05
16798,Entity_16798,Biology,2013,47.04
16799,Entity_16799,Biology,2013,5.69
16800,Entity_16800,Biology,2017,22.73
16801,Entity_16801,Engineering,2023,52.03
16802,Entity_16802,Physics,2023,44.3
16803,Entity_16803,Biology,2016,3.7
16804,Entity_16804,Biology,2020,57.37
16805,Entity_16805,Biology,2018,81.23
16806,Entity_16806,Mathematics,2010,79.31
16807,Entity_16807,ComputerScience,2020,64.62
16808,Entity_16808,Mathematics,2015,66.51
16809,Entity_16809,Biology,2021,14.91
16810,Entity_16810,Biology,2012,94.57
16811,Entity_16811,Engineering,2022,74.3
16812,Entity_16812,Engineering,2011,2.7
16813,Entity_16813,Biology,2019,23.9
16814,Entity_16814,Physics,2021,95.01
16815,Entity_16815,Biology,2015,15.62
16816,Entity_16816,Economics,2012,35.22
16817,Entity_16817,Biology,2013,2.55
16818,Entity_16818,Economics,2014,67.4
16819,Entity_16819,Engineering,2015,43.11
16820,Entity_16820,ComputerScience,2011,46.42
16821,Entity_16821,Mathematics,2013,58.82
16822,Entity_16822,Engineering,2022,44.79
16823,Entity_16823,Mathematics,2022,64.11
16824,Entity_16824,Economics,2011,71.95
16825,Entity_16825,Economics,2022,84.79
16826,Entity_16826,Economics,2017,67.39
16827,Entity_16827,Economics,2020,50.58
16828,Entity_16828,ComputerScience,2017,33.6
16829,Entity_16829,Mathematics,2022,20.85
16830,Entity_16830,Economics,2022,1.22
16831,Entity_16831,Physics,2021,39.8
16832,Entity_16832,Economics,2020,48.24
16833,Entity_16833,Biology,2018,22.48
16834,Entity_16834,Economics,2015,4.29
16835,Entity_16835,Biology,2021,70.12
16836,Entity_16836,ComputerScience,2015,9.13
16837,Entity_16837,Physics,2023,5.5
16838,Entity_16838,Economics,2016,45.39
16839,Entity_16839,ComputerScience,2022,13.72
16840,Entity_16840,ComputerScience,2015,39.42
16841,Entity_16841,Physics,2018,45.54
16842,Entity_16842,ComputerScience,2023,93.19
16843,Entity_16843,Biology,2023,94.49
16844,Entity_16844,Mathematics,2013,45.53
16845,Entity_16845,Economics,2022,16.4
16846,Entity_16846,Mathematics,2021,57.78
16847,Entity_16847,Mathematics,2011,23.05
16848,Entity_16848,ComputerScience,2017,24.89
16849,Entity_16849,Biology,2021,20.03
16850,Entity_16850,ComputerScience,2023,95.78
16851,Entity_16851,Mathematics,2018,22.36
16852,Entity_16852,Biology,2018,26.82
16853,Entity_16853,Economics,2013,97.8
16854,Entity_16854,Biology,2022,93.41
16855,Entity_16855,Economics,2024,13.24
16856,Entity_16856,Biology,2012,20.7
16857,Entity_16857,Biology,2016,34.26
16858,Entity_16858,Biology,2010,93.5
16859,Entity_16859,Biology,2017,37.77
16860,Entity_16860,Mathematics,2019,36.22
16861,Entity_16861,Physics,2021,91.49
16862,Entity_16862,Mathematics,2014,10.95
16863,Entity_16863,ComputerScience,2015,94.4
16864,Entity_16864,Engineering,2020,88.95
16865,Entity_16865,Biology,2024,66.24
16866,Entity_16866,Mathematics,2010,30.07
16867,Entity_16867,Physics,2015,69.16
16868,Entity_16868,Engineering,2018,65.45
16869,Entity_16869,Engineering,2018,55.26
16870,Entity_16870,ComputerScience,2020,54.52
16871,Entity_16871,Mathematics,2022,33.21
16872,Entity_16872,Biology,2012,21.91
16873,Entity_16873,Biology,2018,29.9
16874,Entity_16874,Mathematics,2022,47.79
16875,Entity_16875,Physics,2010,53.11
16876,Entity_16876,Physics,2014,94.18
16877,Entity_16877,ComputerScience,2022,29.34
16878,Entity_16878,Mathematics,2010,79.13
16879,Entity_16879,Engineering,2024,76.51
16880,Entity_16880,Economics,2013,12.58
16881,Entity_16881,Biology,2010,52.78
16882,Entity_16882,ComputerScience,2016,76.89
16883,Entity_16883,ComputerScience,2011,34.98
16884,Entity_16884,Mathematics,2020,38.86
16885,Entity_16885,Biology,2011,23.86
16886,Entity_16886,Mathematics,2010,70.76
16887,Entity_16887,Biology,2020,65.79
16888,Entity_16888,ComputerScience,2010,5.1
16889,Entity_16889,Mathematics,2015,55.65
16890,Entity_16890,ComputerScience,2020,55.82
16891,Entity_16891,Physics,2012,62.99
16892,Entity_16892,ComputerScience,2016,87.54
16893,Entity_16893,Economics,2019,68.5
16894,Entity_16894,Engineering,2016,31.71
16895,Entity_16895,Mathematics,2019,24.96
16896,Entity_16896,Biology,2020,35.48
16897,Entity_16897,Engineering,2023,89.67
16898,Entity_16898,Economics,2010,92.11
16899,Entity_16899,Physics,2022,65.89
16900,Entity_16900,Physics,2018,22.54
16901,Entity_16901,Mathematics,2017,14.87
16902,Entity_16902,Physics,2014,36.92
16903,Entity_16903,Economics,2024,74.64
16904,Entity_16904,Biology,2010,52.87
16905,Entity_16905,Physics,2013,35.6
16906,Entity_16906,Mathematics,2023,64.64
16907,Entity_16907,Physics,2014,27.94
16908,Entity_16908,Engineering,2023,78.56
16909,Entity_16909,Engineering,2023,71.31
16910,Entity_16910,Biology,2021,25.53
16911,Entity_16911,Economics,2010,77.27
16912,Entity_16912,Engineering,2010,26.73
16913,Entity_16913,Physics,2019,90.81
16914,Entity_16914,Engineering,2018,2.8
16915,Entity_16915,Engineering,2023,90.32
16916,Entity_16916,Economics,2023,76.3
16917,Entity_16917,Engineering,2016,50.09
16918,Entity_16918,Physics,2023,32.3
16919,Entity_16919,Mathematics,2010,69.06
16920,Entity_16920,Biology,2011,74.14
16921,Entity_16921,ComputerScience,2019,58.38
16922,Entity_16922,Biology,2013,8.28
16923,Entity_16923,ComputerScience,2019,50.61
16924,Entity_16924,ComputerScience,2024,40.4
16925,Entity_16925,Biology,2018,91.19
16926,Entity_16926,ComputerScience,2013,89.44
16927,Entity_16927,Physics,2023,63.04
16928,Entity_16928,Mathematics,2016,60.67
16929,Entity_16929,Engineering,2012,55.4
16930,Entity_16930,Mathematics,2010,11.01
16931,Entity_16931,Mathematics,2015,26.85
16932,Entity_16932,Biology,2016,99.54
16933,Entity_16933,Mathematics,2017,23.93
16934,Entity_16934,Physics,2023,35.57
16935,Entity_16935,Biology,2011,13.6
16936,Entity_16936,Biology,2019,50.56
16937,Entity_16937,Biology,2012,77.26
16938,Entity_16938,Physics,2022,75.84
16939,Entity_16939,Economics,2015,92.86
16940,Entity_16940,Engineering,2020,58.85
16941,Entity_16941,Mathematics,2017,28.73
16942,Entity_16942,ComputerScience,2018,6.93
16943,Entity_16943,Economics,2020,51.06
16944,Entity_16944,Biology,2011,47.16
16945,Entity_16945,Physics,2020,22.83
16946,Entity_16946,Mathematics,2022,50.11
16947,Entity_16947,Biology,2010,89.49
16948,Entity_16948,Physics,2016,93.84
16949,Entity_16949,ComputerScience,2014,83.59
16950,Entity_16950,Mathematics,2017,9.67
16951,Entity_16951,Biology,2015,4.65
16952,Entity_16952,Mathematics,2014,76.84
16953,Entity_16953,Mathematics,2012,43.58
16954,Entity_16954,Mathematics,2015,68.54
16955,Entity_16955,Economics,2021,63.65
16956,Entity_16956,Economics,2024,79.36
16957,Entity_16957,Engineering,2019,29.29
16958,Entity_16958,Mathematics,2014,9.54
16959,Entity_16959,Engineering,2023,57.76
16960,Entity_16960,ComputerScience,2023,22.7
16961,Entity_16961,Engineering,2023,46.83
16962,Entity_16962,ComputerScience,2014,59.9
16963,Entity_16963,Biology,2023,43.43
16964,Entity_16964,ComputerScience,2019,19.75
16965,Entity_16965,Economics,2022,20.04
16966,Entity_16966,Physics,2019,39.83
16967,Entity_16967,Mathematics,2021,17.31
16968,Entity_16968,Physics,2023,48.05
16969,Entity_16969,Biology,2010,70.8
16970,Entity_16970,Biology,2014,66.33
16971,Entity_16971,ComputerScience,2014,44.22
16972,Entity_16972,Mathematics,2010,79.88
16973,Entity_16973,Biology,2021,13.27
16974,Entity_16974,Mathematics,2013,28.96
16975,Entity_16975,Mathematics,2015,34.81
16976,Entity_16976,ComputerScience,2018,20.55
16977,Entity_16977,Biology,2021,16.09
16978,Entity_16978,ComputerScience,2013,53.8
16979,Entity_16979,ComputerScience,2023,69.11
16980,Entity_16980,Mathematics,2011,84.4
16981,Entity_16981,Economics,2020,35.81
16982,Entity_16982,Physics,2023,96.81
16983,Entity_16983,Mathematics,2022,14.99
16984,Entity_16984,Biology,2015,1.66
16985,Entity_16985,Biology,2024,54.58
16986,Entity_16986,Engineering,2010,51.54
16987,Entity_16987,Mathematics,2020,87.8
16988,Entity_16988,Physics,2021,2.31
16989,Entity_16989,Physics,2017,8.11
16990,Entity_16990,Biology,2013,21.35
16991,Entity_16991,ComputerScience,2021,66.73
16992,Entity_16992,Engineering,2019,21.98
16993,Entity_16993,Economics,2024,11.43
16994,Entity_16994,Physics,2012,41.26
16995,Entity_16995,Physics,2017,25.5
16996,Entity_16996,Physics,2024,41.53
16997,Entity_16997,Biology,2017,91.67
16998,Entity_16998,Biology,2017,29.85
16999,Entity_16999,Economics,2015,91.24
17000,Entity_17000,Economics,2023,13.24
17001,Entity_17001,Engineering,2023,30.0
17002,Entity_17002,Biology,2018,96.98
17003,Entity_17003,Engineering,2021,46.32
17004,Entity_17004,Mathematics,2019,68.91
17005,Entity_17005,Economics,2014,27.58
17006,Entity_17006,Economics,2013,78.95
17007,Entity_17007,Physics,2016,49.41
17008,Entity_17008,Engineering,2024,50.0
17009,Entity_17009,Engineering,2022,88.56
17010,Entity_17010,Biology,2018,26.8
17011,Entity_17011,Economics,2024,1.45
17012,Entity_17012,Engineering,2015,23.76
17013,Entity_17013,Engineering,2016,89.86
17014,Entity_17014,Engineering,2018,21.71
17015,Entity_17015,Physics,2010,19.95
17016,Entity_17016,Biology,2011,90.29
17017,Entity_17017,Engineering,2022,21.43
17018,Entity_17018,ComputerScience,2017,45.57
17019,Entity_17019,ComputerScience,2015,25.09
17020,Entity_17020,ComputerScience,2024,21.53
17021,Entity_17021,Engineering,2018,22.94
17022,Entity_17022,Physics,2011,65.76
17023,Entity_17023,Engineering,2024,73.08
17024,Entity_17024,Economics,2010,11.43
17025,Entity_17025,Biology,2014,54.51
17026,Entity_17026,ComputerScience,2012,25.7
17027,Entity_17027,Physics,2018,6.77
17028,Entity_17028,ComputerScience,2023,60.1
17029,Entity_17029,Economics,2018,83.82
17030,Entity_17030,Engineering,2024,61.85
17031,Entity_17031,Mathematics,2013,8.12
17032,Entity_17032,Mathematics,2014,77.71
17033,Entity_17033,Engineering,2024,24.86
17034,Entity_17034,Biology,2018,91.0
17035,Entity_17035,Mathematics,2017,25.36
17036,Entity_17036,ComputerScience,2023,32.43
17037,Entity_17037,ComputerScience,2010,67.7
17038,Entity_17038,Biology,2010,50.51
17039,Entity_17039,Physics,2013,71.86
17040,Entity_17040,Mathematics,2010,29.68
17041,Entity_17041,ComputerScience,2012,41.63
17042,Entity_17042,Engineering,2012,81.16
17043,Entity_17043,Mathematics,2023,95.24
17044,Entity_17044,Economics,2020,60.91
17045,Entity_17045,Physics,2024,92.44
17046,Entity_17046,Mathematics,2011,64.19
17047,Entity_17047,Economics,2021,15.5
17048,Entity_17048,Biology,2020,10.83
17049,Entity_17049,Physics,2015,5.27
17050,Entity_17050,Biology,2012,7.44
17051,Entity_17051,Economics,2014,4.28
17052,Entity_17052,Mathematics,2023,48.53
17053,Entity_17053,Economics,2024,58.61
17054,Entity_17054,Engineering,2010,40.07
17055,Entity_17055,Engineering,2019,88.54
17056,Entity_17056,ComputerScience,2010,56.87
17057,Entity_17057,Economics,2017,64.61
17058,Entity_17058,Physics,2023,95.65
17059,Entity_17059,Economics,2016,42.42
17060,Entity_17060,Mathematics,2010,98.08
17061,Entity_17061,Physics,2016,55.68
17062,Entity_17062,Biology,2018,93.07
17063,Entity_17063,Engineering,2024,17.23
17064,Entity_17064,Mathematics,2010,44.81
17065,Entity_17065,Physics,2017,98.58
17066,Entity_17066,ComputerScience,2018,68.9
17067,Entity_17067,Biology,2011,92.43
17068,Entity_17068,Physics,2019,2.77
17069,Entity_17069,Economics,2010,60.67
17070,Entity_17070,Physics,2010,91.43
17071,Entity_17071,Mathematics,2023,79.26
17072,Entity_17072,Engineering,2016,18.53
17073,Entity_17073,ComputerScience,2017,1.72
17074,Entity_17074,Physics,2020,93.64
17075,Entity_17075,Biology,2014,51.85
17076,Entity_17076,Mathematics,2024,65.67
17077,Entity_17077,Economics,2018,71.91
17078,Entity_17078,Economics,2019,18.01
17079,Entity_17079,Physics,2012,46.72
17080,Entity_17080,Economics,2011,89.09
17081,Entity_17081,Physics,2012,60.01
17082,Entity_17082,Physics,2012,14.38
17083,Entity_17083,Biology,2020,68.22
17084,Entity_17084,Mathematics,2014,4.68
17085,Entity_17085,Mathematics,2019,67.41
17086,Entity_17086,Engineering,2013,55.52
17087,Entity_17087,Mathematics,2017,77.31
17088,Entity_17088,Mathematics,2014,24.24
17089,Entity_17089,ComputerScience,2018,54.16
17090,Entity_17090,Mathematics,2015,60.42
17091,Entity_17091,Biology,2018,6.16
17092,Entity_17092,Biology,2023,63.29
17093,Entity_17093,Economics,2012,73.91
17094,Entity_17094,Mathematics,2022,43.42
17095,Entity_17095,Biology,2016,98.71
17096,Entity_17096,Economics,2013,48.33
17097,Entity_17097,Mathematics,2015,97.83
17098,Entity_17098,Engineering,2015,65.18
17099,Entity_17099,Mathematics,2023,91.89
17100,Entity_17100,Economics,2013,54.43
17101,Entity_17101,Mathematics,2010,2.35
17102,Entity_17102,Engineering,2017,75.02
17103,Entity_17103,ComputerScience,2019,58.52
17104,Entity_17104,Engineering,2013,12.44
17105,Entity_17105,Physics,2011,63.38
17106,Entity_17106,ComputerScience,2022,23.48
17107,Entity_17107,Mathematics,2019,70.95
17108,Entity_17108,ComputerScience,2014,20.1
17109,Entity_17109,Physics,2011,80.81
17110,Entity_17110,Mathematics,2020,42.64
17111,Entity_17111,Biology,2014,2.82
17112,Entity_17112,ComputerScience,2011,31.93
17113,Entity_17113,ComputerScience,2011,88.78
17114,Entity_17114,Engineering,2013,98.91
17115,Entity_17115,Physics,2015,19.37
17116,Entity_17116,Biology,2012,98.64
17117,Entity_17117,Biology,2010,68.97
17118,Entity_17118,Physics,2011,98.98
17119,Entity_17119,Engineering,2014,13.91
17120,Entity_17120,Biology,2016,83.95
17121,Entity_17121,Physics,2013,12.58
17122,Entity_17122,ComputerScience,2014,6.2
17123,Entity_17123,Economics,2012,19.84
17124,Entity_17124,ComputerScience,2011,48.06
17125,Entity_17125,Engineering,2017,12.99
17126,Entity_17126,Economics,2014,32.33
17127,Entity_17127,Engineering,2014,5.57
17128,Entity_17128,ComputerScience,2019,66.92
17129,Entity_17129,Economics,2015,3.86
17130,Entity_17130,ComputerScience,2019,89.7
17131,Entity_17131,ComputerScience,2010,84.31
17132,Entity_17132,Mathematics,2016,77.36
17133,Entity_17133,Physics,2020,36.45
17134,Entity_17134,Biology,2013,37.12
17135,Entity_17135,Mathematics,2011,47.71
17136,Entity_17136,Biology,2013,36.79
17137,Entity_17137,Mathematics,2011,24.74
17138,Entity_17138,ComputerScience,2012,70.75
17139,Entity_17139,Economics,2022,75.95
17140,Entity_17140,Biology,2011,6.38
17141,Entity_17141,Biology,2015,74.51
17142,Entity_17142,ComputerScience,2012,30.19
17143,Entity_17143,Physics,2013,37.27
17144,Entity_17144,Biology,2017,44.94
17145,Entity_17145,ComputerScience,2020,30.8
17146,Entity_17146,ComputerScience,2015,47.61
17147,Entity_17147,Biology,2015,19.97
17148,Entity_17148,Physics,2021,50.1
17149,Entity_17149,Engineering,2019,93.07
17150,Entity_17150,Biology,2021,79.45
17151,Entity_17151,Mathematics,2012,39.98
17152,Entity_17152,ComputerScience,2015,53.17
17153,Entity_17153,Economics,2019,70.61
17154,Entity_17154,Economics,2019,80.91
17155,Entity_17155,ComputerScience,2016,81.75
17156,Entity_17156,Economics,2023,25.68
17157,Entity_17157,Biology,2011,32.41
17158,Entity_17158,ComputerScience,2011,7.6
17159,Entity_17159,Physics,2021,27.05
17160,Entity_17160,Physics,2014,70.47
17161,Entity_17161,Economics,2014,99.41
17162,Entity_17162,Mathematics,2016,44.52
17163,Entity_17163,ComputerScience,2024,67.61
17164,Entity_17164,Physics,2017,8.36
17165,Entity_17165,Engineering,2017,89.67
17166,Entity_17166,Engineering,2014,10.15
17167,Entity_17167,ComputerScience,2020,41.58
17168,Entity_17168,Economics,2015,31.72
17169,Entity_17169,Mathematics,2020,6.3
17170,Entity_17170,Mathematics,2017,74.29
17171,Entity_17171,ComputerScience,2013,26.16
17172,Entity_17172,ComputerScience,2020,98.07
17173,Entity_17173,ComputerScience,2024,49.8
17174,Entity_17174,ComputerScience,2017,3.86
17175,Entity_17175,ComputerScience,2013,65.37
17176,Entity_17176,ComputerScience,2011,11.25
17177,Entity_17177,Physics,2017,22.11
17178,Entity_17178,Physics,2023,9.96
17179,Entity_17179,Economics,2020,83.0
17180,Entity_17180,ComputerScience,2017,17.07
17181,Entity_17181,Physics,2015,47.54
17182,Entity_17182,Biology,2015,95.55
17183,Entity_17183,Biology,2014,2.21
17184,Entity_17184,ComputerScience,2019,7.32
17185,Entity_17185,Engineering,2024,73.85
17186,Entity_17186,Mathematics,2014,85.72
17187,Entity_17187,Biology,2021,6.67
17188,Entity_17188,Biology,2018,82.17
17189,Entity_17189,Physics,2023,29.8
17190,Entity_17190,ComputerScience,2016,87.14
17191,Entity_17191,Physics,2014,76.47
17192,Entity_17192,Physics,2014,96.08
17193,Entity_17193,Engineering,2023,7.9
17194,Entity_17194,ComputerScience,2014,87.97
17195,Entity_17195,Biology,2015,87.89
17196,Entity_17196,Engineering,2016,94.32
17197,Entity_17197,Physics,2014,91.05
17198,Entity_17198,Economics,2012,13.57
17199,Entity_17199,ComputerScience,2020,43.12
17200,Entity_17200,Mathematics,2012,74.49
17201,Entity_17201,ComputerScience,2016,92.14
17202,Entity_17202,Mathematics,2016,6.43
17203,Entity_17203,Economics,2022,94.98
17204,Entity_17204,Economics,2022,35.42
17205,Entity_17205,Engineering,2021,34.46
17206,Entity_17206,Physics,2013,28.63
17207,Entity_17207,Engineering,2016,39.7
17208,Entity_17208,Physics,2011,84.7
17209,Entity_17209,Biology,2014,43.04
17210,Entity_17210,Mathematics,2013,76.36
17211,Entity_17211,Physics,2011,94.71
17212,Entity_17212,Mathematics,2019,79.46
17213,Entity_17213,ComputerScience,2016,4.34
17214,Entity_17214,Mathematics,2020,82.33
17215,Entity_17215,ComputerScience,2011,69.41
17216,Entity_17216,Physics,2017,98.06
17217,Entity_17217,Engineering,2011,93.2
17218,Entity_17218,Engineering,2020,29.77
17219,Entity_17219,Biology,2021,88.59
17220,Entity_17220,Physics,2020,11.41
17221,Entity_17221,Engineering,2010,94.7
17222,Entity_17222,Economics,2019,84.94
17223,Entity_17223,ComputerScience,2020,48.87
17224,Entity_17224,Biology,2019,83.73
17225,Entity_17225,Engineering,2015,45.83
17226,Entity_17226,Biology,2010,12.04
17227,Entity_17227,Economics,2013,98.41
17228,Entity_17228,Mathematics,2011,69.85
17229,Entity_17229,Mathematics,2020,86.01
17230,Entity_17230,Mathematics,2020,29.06
17231,Entity_17231,Mathematics,2023,50.33
17232,Entity_17232,Physics,2014,70.51
17233,Entity_17233,Mathematics,2020,83.15
17234,Entity_17234,Economics,2017,25.61
17235,Entity_17235,Economics,2017,4.41
17236,Entity_17236,Engineering,2016,50.69
17237,Entity_17237,Mathematics,2012,83.77
17238,Entity_17238,Mathematics,2023,24.9
17239,Entity_17239,Engineering,2022,84.33
17240,Entity_17240,Biology,2022,86.4
17241,Entity_17241,ComputerScience,2014,98.37
17242,Entity_17242,Economics,2013,47.9
17243,Entity_17243,ComputerScience,2024,75.02
17244,Entity_17244,Economics,2015,62.52
17245,Entity_17245,Economics,2019,69.96
17246,Entity_17246,Mathematics,2020,2.77
17247,Entity_17247,Economics,2015,17.75
17248,Entity_17248,ComputerScience,2015,72.7
17249,Entity_17249,Engineering,2015,4.22
17250,Entity_17250,Mathematics,2017,92.25
17251,Entity_17251,Physics,2018,7.67
17252,Entity_17252,Mathematics,2017,73.26
17253,Entity_17253,Biology,2016,51.03
17254,Entity_17254,Biology,2013,74.36
17255,Entity_17255,Economics,2019,63.88
17256,Entity_17256,Physics,2014,8.62
17257,Entity_17257,Engineering,2011,9.95
17258,Entity_17258,Mathematics,2023,27.67
17259,Entity_17259,Engineering,2021,72.64
17260,Entity_17260,Engineering,2023,93.1
17261,Entity_17261,Biology,2012,74.23
17262,Entity_17262,Economics,2020,89.3
17263,Entity_17263,Economics,2010,51.54
17264,Entity_17264,Economics,2021,74.77
17265,Entity_17265,ComputerScience,2016,50.73
17266,Entity_17266,Physics,2011,76.45
17267,Entity_17267,Physics,2020,82.35
17268,Entity_17268,Biology,2024,58.67
17269,Entity_17269,Economics,2012,87.94
17270,Entity_17270,Physics,2022,82.77
17271,Entity_17271,Physics,2013,24.9
17272,Entity_17272,ComputerScience,2012,33.6
17273,Entity_17273,Biology,2017,14.56
17274,Entity_17274,ComputerScience,2023,69.32
17275,Entity_17275,Physics,2018,85.28
17276,Entity_17276,Biology,2011,43.04
17277,Entity_17277,Engineering,2017,70.23
17278,Entity_17278,Mathematics,2011,19.76
17279,Entity_17279,Physics,2017,65.62
17280,Entity_17280,Biology,2013,15.25
17281,Entity_17281,Mathematics,2020,49.7
17282,Entity_17282,Engineering,2017,86.43
17283,Entity_17283,Physics,2024,78.65
17284,Entity_17284,Engineering,2024,31.64
17285,Entity_17285,Physics,2010,61.31
17286,Entity_17286,Physics,2010,44.49
17287,Entity_17287,Physics,2024,48.63
17288,Entity_17288,ComputerScience,2015,65.3
17289,Entity_17289,Biology,2011,62.14
17290,Entity_17290,Economics,2014,15.2
17291,Entity_17291,ComputerScience,2023,66.59
17292,Entity_17292,Economics,2012,66.65
17293,Entity_17293,Mathematics,2013,95.28
17294,Entity_17294,Engineering,2022,90.79
17295,Entity_17295,Economics,2015,36.53
17296,Entity_17296,Engineering,2020,55.19
17297,Entity_17297,Biology,2019,80.27
17298,Entity_17298,Engineering,2019,23.15
17299,Entity_17299,Mathematics,2020,78.59
17300,Entity_17300,Biology,2013,46.57
17301,Entity_17301,Mathematics,2017,15.75
17302,Entity_17302,Economics,2021,63.06
17303,Entity_17303,Biology,2020,78.7
17304,Entity_17304,ComputerScience,2012,58.72
17305,Entity_17305,ComputerScience,2013,32.74
17306,Entity_17306,ComputerScience,2020,88.93
17307,Entity_17307,ComputerScience,2013,65.9
17308,Entity_17308,ComputerScience,2011,3.91
17309,Entity_17309,Mathematics,2013,37.92
17310,Entity_17310,Engineering,2010,18.63
17311,Entity_17311,Mathematics,2016,97.46
17312,Entity_17312,Mathematics,2018,83.4
17313,Entity_17313,Mathematics,2021,73.44
17314,Entity_17314,ComputerScience,2012,21.9
17315,Entity_17315,Engineering,2012,18.95
17316,Entity_17316,Physics,2024,4.3
17317,Entity_17317,Biology,2022,25.68
17318,Entity_17318,Mathematics,2024,70.68
17319,Entity_17319,Biology,2010,94.17
17320,Entity_17320,Engineering,2019,31.14
17321,Entity_17321,Economics,2023,83.54
17322,Entity_17322,Physics,2017,2.18
17323,Entity_17323,Economics,2015,56.62
17324,Entity_17324,Biology,2018,21.31
17325,Entity_17325,Economics,2012,13.27
17326,Entity_17326,ComputerScience,2016,81.76
17327,Entity_17327,Engineering,2018,19.39
17328,Entity_17328,Biology,2020,6.35
17329,Entity_17329,ComputerScience,2019,99.56
17330,Entity_17330,Economics,2013,45.19
17331,Entity_17331,Mathematics,2011,62.83
17332,Entity_17332,ComputerScience,2024,45.46
17333,Entity_17333,Economics,2014,27.73
17334,Entity_17334,Economics,2018,56.35
17335,Entity_17335,Physics,2018,1.31
17336,Entity_17336,Biology,2020,28.55
17337,Entity_17337,Engineering,2017,88.9
17338,Entity_17338,Physics,2018,13.21
17339,Entity_17339,Physics,2022,21.68
17340,Entity_17340,ComputerScience,2020,25.77
17341,Entity_17341,Mathematics,2016,17.74
17342,Entity_17342,Mathematics,2015,31.55
17343,Entity_17343,Biology,2023,49.34
17344,Entity_17344,ComputerScience,2010,32.77
17345,Entity_17345,Physics,2024,36.25
17346,Entity_17346,Engineering,2018,52.36
17347,Entity_17347,Physics,2024,27.12
17348,Entity_17348,Engineering,2011,67.05
17349,Entity_17349,Economics,2010,67.11
17350,Entity_17350,Physics,2019,65.54
17351,Entity_17351,Physics,2018,99.25
17352,Entity_17352,ComputerScience,2022,93.12
17353,Entity_17353,Engineering,2024,53.96
17354,Entity_17354,Biology,2017,59.56
17355,Entity_17355,Economics,2022,17.43
17356,Entity_17356,Mathematics,2018,49.15
17357,Entity_17357,Mathematics,2013,46.99
17358,Entity_17358,Mathematics,2016,77.24
17359,Entity_17359,ComputerScience,2015,88.54
17360,Entity_17360,Physics,2013,74.61
17361,Entity_17361,Biology,2022,2.6
17362,Entity_17362,Biology,2016,68.43
17363,Entity_17363,Biology,2010,64.82
17364,Entity_17364,Engineering,2021,40.76
17365,Entity_17365,Physics,2011,10.89
17366,Entity_17366,ComputerScience,2021,43.64
17367,Entity_17367,ComputerScience,2011,98.93
17368,Entity_17368,Economics,2015,34.36
17369,Entity_17369,Physics,2010,59.9
17370,Entity_17370,Biology,2013,72.91
17371,Entity_17371,Physics,2014,68.83
17372,Entity_17372,Physics,2017,49.8
17373,Entity_17373,ComputerScience,2017,1.83
17374,Entity_17374,Physics,2017,57.65
17375,Entity_17375,Engineering,2013,3.72
17376,Entity_17376,ComputerScience,2022,54.31
17377,Entity_17377,Physics,2024,6.03
17378,Entity_17378,ComputerScience,2014,98.51
17379,Entity_17379,Mathematics,2018,13.83
17380,Entity_17380,Biology,2012,80.84
17381,Entity_17381,Biology,2012,82.98
17382,Entity_17382,Biology,2021,30.56
17383,Entity_17383,Mathematics,2016,56.33
17384,Entity_17384,Biology,2013,15.6
17385,Entity_17385,Mathematics,2010,77.01
17386,Entity_17386,Mathematics,2023,14.31
17387,Entity_17387,Engineering,2019,3.38
17388,Entity_17388,Engineering,2024,22.67
17389,Entity_17389,Biology,2019,63.94
17390,Entity_17390,Physics,2010,81.63
17391,Entity_17391,Physics,2024,89.84
17392,Entity_17392,Engineering,2010,62.52
17393,Entity_17393,Biology,2018,81.46
17394,Entity_17394,Economics,2010,84.86
17395,Entity_17395,Mathematics,2021,97.56
17396,Entity_17396,Mathematics,2010,92.12
17397,Entity_17397,Economics,2011,57.27
17398,Entity_17398,Biology,2018,86.11
17399,Entity_17399,Engineering,2014,28.49
17400,Entity_17400,Biology,2015,95.19
17401,Entity_17401,Biology,2021,70.01
17402,Entity_17402,Economics,2022,8.86
17403,Entity_17403,Engineering,2017,27.09
17404,Entity_17404,Physics,2010,97.0
17405,Entity_17405,Mathematics,2010,92.73
17406,Entity_17406,Engineering,2015,90.51
17407,Entity_17407,Mathematics,2024,69.36
17408,Entity_17408,Mathematics,2016,48.95
17409,Entity_17409,Mathematics,2010,56.83
17410,Entity_17410,Physics,2010,12.59
17411,Entity_17411,Biology,2020,50.34
17412,Entity_17412,Mathematics,2019,73.9
17413,Entity_17413,Engineering,2013,4.51
17414,Entity_17414,ComputerScience,2011,23.18
17415,Entity_17415,Mathematics,2023,63.14
17416,Entity_17416,Mathematics,2023,4.29
17417,Entity_17417,Engineering,2020,54.35
17418,Entity_17418,Biology,2020,48.4
17419,Entity_17419,Economics,2011,84.45
17420,Entity_17420,Mathematics,2016,36.58
17421,Entity_17421,Economics,2014,1.55
17422,Entity_17422,ComputerScience,2010,4.98
17423,Entity_17423,Mathematics,2010,3.23
17424,Entity_17424,Engineering,2016,26.23
17425,Entity_17425,Mathematics,2014,62.7
17426,Entity_17426,Biology,2018,79.4
17427,Entity_17427,Mathematics,2021,96.81
17428,Entity_17428,Biology,2015,17.87
17429,Entity_17429,Biology,2010,28.92
17430,Entity_17430,Economics,2019,60.9
17431,Entity_17431,Mathematics,2016,43.07
17432,Entity_17432,Mathematics,2017,42.78
17433,Entity_17433,ComputerScience,2013,53.5
17434,Entity_17434,Engineering,2017,60.64
17435,Entity_17435,Engineering,2011,9.83
17436,Entity_17436,Economics,2011,17.89
17437,Entity_17437,ComputerScience,2022,81.63
17438,Entity_17438,Mathematics,2012,68.45
17439,Entity_17439,Mathematics,2010,56.13
17440,Entity_17440,ComputerScience,2015,57.05
17441,Entity_17441,Economics,2010,31.52
